SKU,Name,Method of Delivery,Product Family,Product Group,url in dealershop
NWG-MSS019528,WatchGuard MSSP 500 Pre Pay Points,Electronic,MSSP,MSSP Points,https://partner.leadersystems.com.au/products.html?pe90BB5+xKg=fzULulDkLYczr9TUTV5MWQ==UEgv1Qg/dfDpmQSrMaoT6xgzof0G
NWG-WGCSM331,WatchGuard Basic Security Suite Renewal/Upgrade 1-yr for Firebox Cloud Small,Electronic,Cloud,Firebox Cloud Small,https://partner.leadersystems.com.au/products.html?H/SipDzqNyg=/Dw6D8BMgsYyvWegmwy+Xg==AeZifgQGCxcY9hPFneKVHEYEgM4=
NWG-WGCSM203,WatchGuard Standard Support Renewal 3-yr for Firebox Cloud Small,Electronic,Cloud,Firebox Cloud Small,https://partner.leadersystems.com.au/products.html?bNTbyRWJqS0=tsVaawg7eVp6TMX4IH04zw==ln5NgDJh9ZZc7jdyTd61DywJYHQ=
NWG-WGCME351,WatchGuard Total Security Suite Renewal/Upgrade 1-yr for Firebox Cloud Medium,Electronic,Cloud,Firebox Cloud Medium,https://partner.leadersystems.com.au/products.html?TZWKtMdLe2M=kDoIUgFe0ymrJYvK4Gt/BQ==1N2kf7/YXh4PUpvRM4NPHN6h4Hg=
NWG-WGCME203,WatchGuard Standard Support Renewal 3-yr for Firebox Cloud Medium,Electronic,Cloud,Firebox Cloud Medium,https://partner.leadersystems.com.au/products.html?7uQHXm+s6CY=jZ8oaWpYHaghRaWp4IZG9g==30OsL/1xi7deWEhaEyhBA0OTlAM=
NWG-WGCME201,WatchGuard Standard Support Renewal 1-yr for Firebox Cloud Medium,Electronic,Cloud,Firebox Cloud Medium,https://partner.leadersystems.com.au/products.html?3QFasAjA72E=48NkxgCeL8O2GxFawuhUFA==zSLXpQofxS6ghGGuvZieAB9TTA4=
NWG-WGCLG351,WatchGuard Total Security Suite Renewal/Upgrade 1-yr for Firebox Cloud Large,Electronic,Cloud,Firebox Cloud Large,https://partner.leadersystems.com.au/products.html?unFoic3l/Zw=fjC4wfnvnFmJ1vDtKnkr7g==K1vo6iFdoXQmyIAL3vMYbV5+HCo=
NWG-WGCLG333,WatchGuard Basic Security Suite Renewal/Upgrade 3-yr for Firebox Cloud Large,Electronic,Cloud,Firebox Cloud Large,https://partner.leadersystems.com.au/products.html?NeQh5YoV8Yw=MzbAPWc9SzadGP/LOSTiQw==RFtp7EMWkN4PsUgbqW/yyf0TLeM=
NWG-WGCXL333,WatchGuard Basic Security Suite Renewal/Upgrade 3-yr for Firebox Cloud XLarge,Electronic,Cloud,Firebox Cloud XLarge,https://partner.leadersystems.com.au/products.html?aIsLwHJDxsc=Ts28XfGqqs7zHqMpb8Sxpg==UCnu7jAy2e/dgZ/3Y8lcfpZ+7E0=
NWG-WGCXL331,WatchGuard Basic Security Suite Renewal/Upgrade 1-yr for Firebox Cloud XLarge,Electronic,Cloud,Firebox Cloud XLarge,https://partner.leadersystems.com.au/products.html?pn/jvWbb4ME=xaG7ofJlmfMtcFVueNC79Q==dVpqHog1D8RjpPg9Wfhh5CKfKUQ=
NWG-WGVSM331,WatchGuard Basic Security Suite Renewal/Upgrade 1-yr for FireboxV Small,Electronic,Virtual,FireboxV Small,https://partner.leadersystems.com.au/products.html?nZKJa8IvatE=q8Bu2lKpe66L7SCP4tjv9g==de5wCWs+OezwoOwegfwYp0DJDF8=
NWG-WGVSM203,WatchGuard Standard Support Renewal 3-yr for FireboxV Small,Electronic,Virtual,FireboxV Small,https://partner.leadersystems.com.au/products.html?6PQUKkfFD1Y=l0vKzws5pBLPjPmK2t2GVg==ea17qUbcy5xYB7KToDmoL/KqX5w=
NWG-WGVSM151,WatchGuard Application Control 1-yr for FireboxV Small,Electronic,Virtual,FireboxV Small,https://partner.leadersystems.com.au/products.html?J9ht1pMd6vg=WpiLs+0LreDY30RDTgwBLA==gsHxNfUEIts6LsY3sWUna5QoR7U=
NWG-WGVSM181,WatchGuard Network Discovery 1-yr for FireboxV Small,Electronic,Virtual,FireboxV Small,https://partner.leadersystems.com.au/products.html?cjV/wKYZ190=C9wOCgT2PA86MjC0hz8wkQ==wImm7+lzc7pc59M52ASa2IFJrkM=
NWG-WGVME141,WatchGuard Reputation Enabled Defense 1-yr for FireboxV Medium,Electronic,Virtual,FireboxV Medium,https://partner.leadersystems.com.au/products.html?PF/FNYQhn6A=6Kd80iqD+FndOvtUWdzsJg==ycun8bsg8h9O61GvBRBeX6GYHR4=
NWG-WGVME151,WatchGuard Application Control 1-yr for FireboxV Medium,Electronic,Virtual,FireboxV Medium,https://partner.leadersystems.com.au/products.html?qzgRceAgtko=MmFNwdwcGMM3L/mh0TgLTQ==nxB0kZmbwItcnVfM3I14ZD8B4f0=
NWG-WGVLG131,WatchGuard Intrusion Prevention Service 1-yr for FireboxV Large,Electronic,Virtual,FireboxV Large,https://partner.leadersystems.com.au/products.html?ZJu4h/7wjjk=hF6LDUb0Iy0rNf4K7qOLsg==EUMVxBIJJRF8Haf5xH7rTlKX1/U=
NWG-WGVLG141,WatchGuard Reputation Enabled Defense 1-yr for FireboxV Large,Electronic,Virtual,FireboxV Large,https://partner.leadersystems.com.au/products.html?oPRrzFu1ls8=ZbEGrOJpMKZjDLB5/KotrA==W86DoVByrb5Hf+55uAqYnerC5oQ=
NWG-WGVXL121,WatchGuard Gateway AntiVirus 1-yr for FireboxV XLarge,Electronic,Virtual,FireboxV XLarge,https://partner.leadersystems.com.au/products.html?em+FxnxtpfE=U6A3bjPKzNzFkkyy4cs+xg==ebXaO1MsfLhaZdCbNsWnox/QqgU=
NWG-WGWFC231,"WatchGuard 1-yr Total Wi-Fi Renewal/Upgrade, 1 AP",Electronic,Access Points,Wi-Fi Management,https://partner.leadersystems.com.au/products.html?/6Bj2HBxuec=BLYwYpP6WrgXtxXATeWXqw==3IYdu9cHqXz1OSKEi9EBuym1Hrg=
NWG-MSS019530,WatchGuard MSSP 50000 Pre Pay Points,Electronic,MSSP,MSSP Points,https://partner.leadersystems.com.au/products.html?kkFvKe6XnAY=9ciw1skbJTbpcje0MHYKrA==1aB8TEe+RluZ7bMtzJBiqzHE2g56
NWG-WGCME643,WatchGuard Firebox Cloud Medium with 3-yr Total Security Suite,Electronic,Cloud,Firebox Cloud Medium,https://partner.leadersystems.com.au/products.html?bqvAiYzfDWM=cEA7xrVhiYoJs3UcHcV5Ew==6gXbv3jLNlMxkiB9sj7wK5KcGy0=
NWG-WGCME641,WatchGuard Firebox Cloud Medium with 1-yr Total Security Suite,Electronic,Cloud,Firebox Cloud Medium,https://partner.leadersystems.com.au/products.html?Gi2OTuyLDO4=2wNIg1j3xfOS0SAmmXQcPg==pvG+9N9cTQ8JndfZavsJlFjmwwU=
NWG-WGCLG673,Trade up to WatchGuard Firebox Cloud Large with 3-yr Total Security Suite,Electronic,Cloud,Firebox Cloud Large,https://partner.leadersystems.com.au/products.html?v16K4WBocM4=LIe93/0wx5FBrs5+/Cv5kQ==+LXMc0vMjqdFYQJEySgdb1q6tZU=
NWG-WGCLG033,WatchGuard Firebox Cloud Large with 3-yr Basic Security Suite,Electronic,Cloud,Firebox Cloud Large,https://partner.leadersystems.com.au/products.html?OfBn7TMfH9o=fhb9CiAv2EXPDvRqXBgyGQ==sMd0im2mPQVsCiu9RYK80Niwhuk=
NWG-WGCXL031,WatchGuard Firebox Cloud XLarge with 1-yr Basic Security Suite,Electronic,Cloud,Firebox Cloud XLarge,https://partner.leadersystems.com.au/products.html?vNQsDmBsQ5E=C+ZVe57b7CeSjjep1tVAfQ==LUjpX3CdCeMnw0PcCebDrMf1S7E=
NWG-WGCXL003,WatchGuard Firebox Cloud XLarge with 3-yr Standard Support - Only available to WGOne Silver/Gold Partners,Electronic,Cloud,Firebox Cloud XLarge,https://partner.leadersystems.com.au/products.html?vMsjax9IT+Y=TdBXGPEDHpHfFvpbuMVqkQ==RXIolaOvHIMqxpBJZXd12m9VEdk=
NWG-WGVLG643,WatchGuard FireboxV Large with 3-yr Total Security Suite,Electronic,Virtual,FireboxV Large,https://partner.leadersystems.com.au/products.html?1FWpfXcJd1c=+2yLwEXmWJbXMr0MPFZJYg==Vv4WU9Y17rpAKf5qYLhPmx9GRaw=
NWG-WGVLG671,Trade up to WatchGuard FireboxV Large with 1-yr Total Security Suite,Electronic,Virtual,FireboxV Large,https://partner.leadersystems.com.au/products.html?wWvOG43Dj3Q=ucMt++6BtbmZI1CAsUE9gA==o2fybZ9SO6t913Kx2ohZkVdVdE8=
NWG-WGVXL033,WatchGuard FireboxV XLarge with 3-yr Basic Security Suite,Electronic,Virtual,FireboxV XLarge,https://partner.leadersystems.com.au/products.html?H6TX4JRnWjM=v1MAK7juth/xkyWXbDcW2w==YVYdOBtNOo03gaU3QIXMV8dDbUU=
NWG-WGCSM121,WatchGuard Gateway AntiVirus 1-yr for Firebox Cloud Small,Electronic,Cloud,Firebox Cloud Small,https://partner.leadersystems.com.au/products.html?dRxb14uFlNk=mtxvqYi3IN0qdzZikWnHiA==LK4WbqyeDNBLptl800JfOlncWn0=
NWG-WGCME121,WatchGuard Gateway AntiVirus 1-yr for Firebox Cloud Medium,Electronic,Cloud,Firebox Cloud Medium,https://partner.leadersystems.com.au/products.html?PyGZH97446E=B9ghNN9VSE9tuJj4+ZjcXw==nhTXWAGtjQDNUfgE0ihvcgiHsx0=
NWG-WGCLG171,WatchGuard APT Blocker 1-yr for Firebox Cloud Large,Electronic,Cloud,Firebox Cloud Large,https://partner.leadersystems.com.au/products.html?63OtGPx9Wwg=ORRVH+TU/JpsHuyq0y+KQg==2yq6/5K1Hy9m2lYzFha8hZ8q1Uk=
NWG-WGCLG121,WatchGuard Gateway AntiVirus 1-yr for Firebox Cloud Large,Electronic,Cloud,Firebox Cloud Large,https://partner.leadersystems.com.au/products.html?dDaPa4YJAtY=IQoCSS6ORVwmYe/qz9ZO0A==oSWd5TfRuFza7Rggs9ZtlkyBFQ8=
NWG-WGCXL171,WatchGuard APT Blocker 1-yr for Firebox Cloud XLarge,Electronic,Cloud,Firebox Cloud XLarge,https://partner.leadersystems.com.au/products.html?cdAQOs7WcvI=pKOUiO8D32ldU9qrftqTUw==RqPE8K2H6Ul1fOIqLJWe0ST7XTY=
NWG-WGVSM171,WatchGuard APT Blocker 1-yr for FireboxV Small,Electronic,Virtual,FireboxV Small,https://partner.leadersystems.com.au/products.html?MCABUua/bAo=DWiAaH+5SC/UwQHjSrsSiA==HG9PcY9vySKPIL4E6QuIgL29pZs=
NWG-WGVME261,WatchGuard Gold Support Renewal/Upgrade 1-yr for FireboxV Medium,Electronic,Virtual,FireboxV Medium,https://partner.leadersystems.com.au/products.html?s6AT1pa9twc=GEaixjNPwhAagM2J5dXT+Q==CCsrWrz6D1jOKSmYNlARupprO6Y=
NWG-WGVME171,WatchGuard APT Blocker 1-yr for FireboxV Medium,Electronic,Virtual,FireboxV Medium,https://partner.leadersystems.com.au/products.html?amKf3Xy+XYg=c3S7NNZR9QGHHypfDUzlIA==NJyV8N2MgK2sbg4/8Seyi06zXJg=
NWG-WGVLG201,WatchGuard Standard Support Renewal 1-yr for FireboxV Large,Electronic,Virtual,FireboxV Large,https://partner.leadersystems.com.au/products.html?GjBEiWmy4w8=/v9Db04brCtxB0iLwwV4fQ==DciXTTnoPfAe4Dkse5jhk2aNJBo=
NWG-WGCME523,WatchGuard Cloud 1-month data retention for Firebox Cloud Medium - 3-yr,Electronic,Cloud,Firebox Cloud Medium,https://partner.leadersystems.com.au/products.html?4wAfWJj0ci0=xPGz0ye+MzKkWQMqWGWlbA==jmHRT8UGYBslJV1m2P/bS5QidWs=
NWG-WGCME521,WatchGuard Cloud 1-month data retention for Firebox Cloud Medium - 1-yr,Electronic,Cloud,Firebox Cloud Medium,https://partner.leadersystems.com.au/products.html?W0sdFfcHPJg=lb9lOWdflN6l+FF/zx0Ziw==uJL9zJIYM0v5lVj7f9xGiXOIaGU=
NWG-WGVLG261,WatchGuard Gold Support Renewal/Upgrade 1-yr for FireboxV Large,Electronic,Virtual,FireboxV Large,https://partner.leadersystems.com.au/products.html?2WmPNLnX1Hc=sEELvzAn5O8mkA5EVZQFhQ==cF/bXkVWSJ5qcNjTsI3k0g1Y5Vk=
NWG-WGVXL331,WatchGuard Basic Security Suite Renewal/Upgrade 1-yr for FireboxV XLarge,Electronic,Virtual,FireboxV XLarge,https://partner.leadersystems.com.au/products.html?TbPe075Lq2w=dMd1aXI5dEhJ6zjfS7ZBYA==XQ0uRQtST0SpUmRQ3zCHlfer5ho=
NWG-WGVXL201,WatchGuard Standard Support Renewal 1-yr for FireboxV XLarge,Electronic,Virtual,FireboxV XLarge,https://partner.leadersystems.com.au/products.html?ATDPQJOtgT0=w37hyB/WYGjNAHgpiYVKCQ==ufUnFvw9acJrCOoS7Mn4FUD1MOs=
NWG-WGCSM101,WatchGuard WebBlocker 1-yr for Firebox Cloud Small,Electronic,Cloud,Firebox Cloud Small,https://partner.leadersystems.com.au/products.html?bHOnNSCT7gU=m1nVIX2TtxC6TTdowd0EXw==jMPuTx1+f8qbALbhOdu3lWgNXPA=
NWG-WGCME101,WatchGuard WebBlocker 1-yr for Firebox Cloud Medium,Electronic,Cloud,Firebox Cloud Medium,https://partner.leadersystems.com.au/products.html?ZMfNPt6AI74=etYTeThCIpNbEHrXalir+Q==OMnA9yvb60NwTA6QnySdeYvwZxk=
NWG-WGCLG101,WatchGuard WebBlocker 1-yr for Firebox Cloud Large,Electronic,Cloud,Firebox Cloud Large,https://partner.leadersystems.com.au/products.html?edzEPGzO9FI=Fv25hXrel6J+8LirA9+JqQ==QF0MCPHtA+PWJC5A956zLLvt8S8=
NWG-WGCXL101,WatchGuard WebBlocker 1-yr for Firebox Cloud XLarge,Electronic,Cloud,Firebox Cloud XLarge,https://partner.leadersystems.com.au/products.html?63/wD532Xbg=mh1NsLJsCeUR60nSW7r4Qg==nwqCtyZFlnGG9UhTFb+GhxSTD9Q=
NWG-WGVSM101,WatchGuard WebBlocker 1-yr for FireboxV Small,Electronic,Virtual,FireboxV Small,https://partner.leadersystems.com.au/products.html?ZB46HYC5RGI=DzdjC1zVmopA4+CToHFnWw==kIsuRiHiiZSDmvsqPyS/K944VF0=
NWG-WGVME173,WatchGuard APT Blocker 3-yr for FireboxV Medium,Electronic,Virtual,FireboxV Medium,https://partner.leadersystems.com.au/products.html?sKDx1LiZ+WM=LtB3bojIN6r5k2417jehKg==253qVMyV2gOqO+sgG0C/TySFRqI=
NWG-WGVLG203,WatchGuard Standard Support Renewal 3-yr for FireboxV Large,Electronic,Virtual,FireboxV Large,https://partner.leadersystems.com.au/products.html?MA3sQMgk1H4=yjftOBAS+T3u6jn9dYpQlw==x5WPowadrjsK4aXCvQTxAwSgpVs=
NWG-WGVLG263,WatchGuard Gold Support Renewal/Upgrade 3-yr for FireboxV Large,Electronic,Virtual,FireboxV Large,https://partner.leadersystems.com.au/products.html?rtFBXT7SB40=qhqATDXaeJGOtDww+wr48A==HYqTGTCD8ODe1A3QQp0dzEkRTpM=
NWG-WGVXL333,WatchGuard Basic Security Suite Renewal/Upgrade 3-yr for FireboxV XLarge,Electronic,Virtual,FireboxV XLarge,https://partner.leadersystems.com.au/products.html?uvg9G8/tqWo=WKvxeqh9C2l5TpdPgsARGw==rRG26LMI6ZKS83Fm3ezftPJ9nKY=
NWG-WGVXL203,WatchGuard Standard Support Renewal 3-yr for FireboxV XLarge,Electronic,Virtual,FireboxV XLarge,https://partner.leadersystems.com.au/products.html?Ub++zdilBU4=lAxXpqdc7dYlCmVyM9xYFQ==C2jbmm61r8h6628njs1qLfeJlxg=
NWG-WGMRA503,WatchGuard Dimension Command 3-yr for Mid-Range Appliance,Electronic,Reporting & Visibility,Dimension Command,https://partner.leadersystems.com.au/products.html?iUc0maSvPm4=7/ISHER46BZ6Ts84e58wig==DINSho+uIunCtD2zfyv5O4KoFKY=
NWG-WGCSM351,WatchGuard Total Security Suite Renewal/Upgrade 1-yr for Firebox Cloud Small,Electronic,Cloud,Firebox Cloud Small,https://partner.leadersystems.com.au/products.html?oSprz5gboos=shCiY1lKO2sLiUbyJ0bvgQ==9ok84Kag/DpmglEWhhNXHqFNlvU=
NWG-WGCSM263,WatchGuard Gold Support Renewal/Upgrade 3-yr for Firebox Cloud Small,Electronic,Cloud,Firebox Cloud Small,https://partner.leadersystems.com.au/products.html?Zs1gTwJQvHw=pz8kNHhWul7ruLBZR3WWjA==cAau7u0Kk0Fffg2Nfzx3nDN+0fU=
NWG-WGCSM173,WatchGuard APT Blocker 3-yr for Firebox Cloud Small,Electronic,Cloud,Firebox Cloud Small,https://partner.leadersystems.com.au/products.html?EsV+0FJ3lYs=zOvyK9EnTHwcxG65i/sgSA==aS/zhzEyVTVM7Xa+Vhpjt0ofsUw=
NWG-WGCME131,WatchGuard Intrusion Prevention Service 1-yr for Firebox Cloud Medium,Electronic,Cloud,Firebox Cloud Medium,https://partner.leadersystems.com.au/products.html?Oo/JkZfMNCc=qrbMd1YlH2WsofhD7k9WKg==+50MT0MBblNZaukABAL1rayHqfI=
NWG-WGCME151,WatchGuard Application Control 1-yr for Firebox Cloud Medium,Electronic,Cloud,Firebox Cloud Medium,https://partner.leadersystems.com.au/products.html?u2axr/Xqi2Y=aqZantsVjiUCXsP059ijAw==MMXZvmTX9xfPXLfRMe8QXyink3Q=
NWG-WGCLG263,WatchGuard Gold Support Renewal/Upgrade 3-yr for Firebox Cloud Large,Electronic,Cloud,Firebox Cloud Large,https://partner.leadersystems.com.au/products.html?efzWTlpAwxU=RzNXtD1PVyyRL+4J36Yy2Q==68FCELFQzti0ulBhiRJi0KWLgw4=
NWG-WGCLG173,WatchGuard APT Blocker 3-yr for Firebox Cloud Large,Electronic,Cloud,Firebox Cloud Large,https://partner.leadersystems.com.au/products.html?j9v28dvPqCY=dDrtcWM98fK9z+YicBWAUw==m27h1aNLXnnhpi415Yr7+d+DajU=
NWG-MSS019529,WatchGuard MSSP 5000 Pre Pay Points,Electronic,MSSP,MSSP Points,https://partner.leadersystems.com.au/products.html?fmmE7p/Qk2g=bXh7klXoVJX9B6vwWztrUg==80Aay+v9IfiS5p4OfvmirYX/udqG
NWG-MSS019526,WatchGuard MSSP 10000 Pre Pay Points,Electronic,MSSP,MSSP Points,https://partner.leadersystems.com.au/products.html?H56qvmFibSw=/o4mi19HVPeHQvdrag85VA==OZXVndyngew7s1ozek2kyX4C5W5W
NWG-MSS019525,WatchGuard MSSP 1000 Pre Pay Points,Electronic,MSSP,MSSP Points,https://partner.leadersystems.com.au/products.html?txHByxF7RnE=OSllyZDHk/iNt74cVd34Rg==4R2jzV7KZzUOqEhBoThzL2TMaRzw
NWG-WGCXL131,WatchGuard Intrusion Prevention Service 1-yr for Firebox Cloud XLarge,Electronic,Cloud,Firebox Cloud XLarge,https://partner.leadersystems.com.au/products.html?CDERCVAVskI=Hoookw1+mKIyjz6/dIojAw==MRNIKOi9nytrHizLCZi1fW2c1Q8=
NWG-WGCXL151,WatchGuard Application Control 1-yr for Firebox Cloud XLarge,Electronic,Cloud,Firebox Cloud XLarge,https://partner.leadersystems.com.au/products.html?gXrOzpsvoEo=wlbXYsXMzWUZqzfUPM0guw==DrEJa81Q85KklJWpNfaYGFlkYZw=
NWG-WGVSM263,WatchGuard Gold Support Renewal/Upgrade 3-yr for FireboxV Small,Electronic,Virtual,FireboxV Small,https://partner.leadersystems.com.au/products.html?vHpiBJlx6O4=Ss+3Xt3QNwgxDQQl4tRGrA==RpPgyYMxhjLPeJ9QGvnUPVjTx2M=
NWG-WGVSM173,WatchGuard APT Blocker 3-yr for FireboxV Small,Electronic,Virtual,FireboxV Small,https://partner.leadersystems.com.au/products.html?i2qVGPegG/o=S2NP2YzIBc84bBkHvJSj7g==m78pp+mg1KZEsBdJBub3H604Pjs=
NWG-WGVME101,WatchGuard WebBlocker 1-yr for FireboxV Medium,Electronic,Virtual,FireboxV Medium,https://partner.leadersystems.com.au/products.html?wPsCgYzXphA=5g4h2OQUOfCidxJtPG2gnA==nEAf+Bnr7haTdIM+TQ6F4jFCvYY=
NWG-WGVME121,WatchGuard Gateway AntiVirus 1-yr for FireboxV Medium,Electronic,Virtual,FireboxV Medium,https://partner.leadersystems.com.au/products.html?WHW5KukSy78=meW2dN4I8ezo2rrwZlG54Q==IPtQx46sIiCX7NtnO2rj8t5mgV0=
NWG-WGVLG353,WatchGuard Total Security Suite Renewal/Upgrade 3-yr for FireboxV Large,Electronic,Virtual,FireboxV Large,https://partner.leadersystems.com.au/products.html?6fQYQB4CVL0=cGP4eGJgh1xSLHM5EbKVRA==39tOgEwniZCxWmembYfjp5Uxk+c=
NWG-WGVLG333,WatchGuard Basic Security Suite Renewal/Upgrade 3-yr for FireboxV Large,Electronic,Virtual,FireboxV Large,https://partner.leadersystems.com.au/products.html?F1TmMh+syrE=4BQz+xHiw+j0aA6Mr/semw==2zMSOKaBqZ/hGsHMHIXMzaP8m3s=
NWG-WGCSM671,Trade up to WatchGuard Firebox Cloud Small with 1-yr Total Security Suite,Electronic,Cloud,Firebox Cloud Small,https://partner.leadersystems.com.au/products.html?DCc9E6FihLo=xrYcRRlosfVW5SjkauLxBg==Oj4+ycTD+HYy0EGy1a1l5FfNl3Y=
NWG-WGCSM033,WatchGuard Firebox Cloud Small with 3-yr Basic Security Suite,Electronic,Cloud,Firebox Cloud Small,https://partner.leadersystems.com.au/products.html?d4DRTWykH/w=BO0E964uZaKeUWWjLkWolQ==47cotcmll9/A0uW3gNY73zr+fHQ=
NWG-WGCME003,WatchGuard Firebox Cloud Medium with 3-yr Standard Support - Only available to WGOne Silver/Gold Partners,Electronic,Cloud,Firebox Cloud Medium,https://partner.leadersystems.com.au/products.html?kPbeQCAH5fw=ny8xamrqmupNtuRkW31WEg==qLlFxHKCs4RXmyBQQuVZ3M4Z55s=
NWG-WGCME063,Trade up to WatchGuard Firebox Cloud Medium with 3-yr Basic Security Suite,Electronic,Cloud,Firebox Cloud Medium,https://partner.leadersystems.com.au/products.html?oCtJz4P/A3Q=iYT+9g9eJ8V7ebPJPj9Xpg==w+zIw/fJgVe+7Ci0QMxShMs434w=
NWG-WGCSM171,WatchGuard APT Blocker 1-yr for Firebox Cloud Small,Electronic,Cloud,Firebox Cloud Small,https://partner.leadersystems.com.au/products.html?4QasDjCoOXM=ESqWravBjEiKy1Mj6yLgXA==RwzgCRCNut/2ciD7XJbsxGfalas=
NWG-WGCSM151,WatchGuard Application Control 1-yr for Firebox Cloud Small,Electronic,Cloud,Firebox Cloud Small,https://partner.leadersystems.com.au/products.html?pzxii0v5ab0=QtcRN8HFjLnmm6x4qNNPVQ==51V6Fo1OKGekxItUD0XIWUPKVYY=
NWG-WGCME263,WatchGuard Gold Support Renewal/Upgrade 3-yr for Firebox Cloud Medium,Electronic,Cloud,Firebox Cloud Medium,https://partner.leadersystems.com.au/products.html?dJRs5cqp/lA=DJttUr1acO6UEpz+o5QUng==WL+HWNjNZyvm7r6pDobtRei/Opw=
NWG-WGCLG353,WatchGuard Total Security Suite Renewal/Upgrade 3-yr for Firebox Cloud Large,Electronic,Cloud,Firebox Cloud Large,https://partner.leadersystems.com.au/products.html?24V5tGUdBcU=MPubjW4IAKMOytA429rIVg==Z4L84ACAShrGszqL8ZR2AhjpkLE=
NWG-WGCLG261,WatchGuard Gold Support Renewal/Upgrade 1-yr for Firebox Cloud Large,Electronic,Cloud,Firebox Cloud Large,https://partner.leadersystems.com.au/products.html?lGuGFij7UwY=3GcpLJv++emeUnURUbN6CA==GNgdiKxmmOqiX28I6AJ2Iyi67I4=
NWG-WGCLG131,WatchGuard Intrusion Prevention Service 1-yr for Firebox Cloud Large,Electronic,Cloud,Firebox Cloud Large,https://partner.leadersystems.com.au/products.html?gC7IHlCcGp8=FjFZViKKyBigyWWO6ntd+Q==VNGQtIKVqARaPUZzZSAtYO/pJkE=
NWG-WGCXL173,WatchGuard APT Blocker 3-yr for Firebox Cloud XLarge,Electronic,Cloud,Firebox Cloud XLarge,https://partner.leadersystems.com.au/products.html?G3MVkB+DjXQ=xvDEudSzBems3059CGNxDg==IR7AHYnabW33eyNWyRQBs0cQBEs=
NWG-WGCXL141,WatchGuard Reputation Enabled Defense 1-yr for Firebox Cloud XLarge,Electronic,Cloud,Firebox Cloud XLarge,https://partner.leadersystems.com.au/products.html?zlQOlaD/E80=qqfmmwYEfXOz+5uPd9RmEw==TKxCrGTF64LSGzJYbrJvXFTok1Q=
NWG-WGVXL263,WatchGuard Gold Support Renewal/Upgrade 3-yr for FireboxV XLarge,Electronic,Virtual,FireboxV XLarge,https://partner.leadersystems.com.au/products.html?jtiACrnhciQ=OscWO4P61MBKfL9KmXBfbw==tps5DgnzPViT6m5wnbhxakLRY+o=
NWG-WGVXL173,WatchGuard APT Blocker 3-yr for FireboxV XLarge,Electronic,Virtual,FireboxV XLarge,https://partner.leadersystems.com.au/products.html?8zE9Qtq0EnQ=8VbpGoTK+dFPLGyP4t6cWg==xgzdmYavNBRdSWKPQ39lW0hUHDE=
NWG-WGVXL131,WatchGuard Intrusion Prevention Service 1-yr for FireboxV XLarge,Electronic,Virtual,FireboxV XLarge,https://partner.leadersystems.com.au/products.html?f1HyLcQRLLw=lxNjDNpFEoNnMsA1ir3hVA==oOvbmg0GMrzBKBh31SYmHpk3BUM=
NWG-WGVXL151,WatchGuard Application Control 1-yr for FireboxV XLarge,Electronic,Virtual,FireboxV XLarge,https://partner.leadersystems.com.au/products.html?l0ukJghKd2U=Hs4/yugkOSy6WiAnBdFRhA==hdPnEw+GaEByzcyU9HqzkYDvNxE=
NWG-WGCSM031,WatchGuard Firebox Cloud Small with 1-yr Basic Security Suite,Electronic,Cloud,Firebox Cloud Small,https://partner.leadersystems.com.au/products.html?5c9Ywv/spAs=gxvtz3jLEc/y86dfWzj6BA==yWP2yCJd8/EnA/bAWaBs3nEePPs=
NWG-WGCME001,WatchGuard Firebox Cloud Medium with 1-yr Standard Support - Only available to WGOne Silver/Gold Partners,Electronic,Cloud,Firebox Cloud Medium,https://partner.leadersystems.com.au/products.html?N/fFHwTz/5g=ffb0+obc5teptSLkNTwsGA==DdiDQ3Qt0210ndJuOVuxSnqPD+A=
NWG-WGCME061,Trade up to WatchGuard Firebox Cloud Medium with 1-yr Basic Security Suite,Electronic,Cloud,Firebox Cloud Medium,https://partner.leadersystems.com.au/products.html?zFmjJYMF5UY=Zj2XRPaUAOgWhZw/jUvIcg==ulVFFoKRPa9iWy9BhncxspDLJBo=
NWG-WGCXL641,WatchGuard Firebox Cloud XLarge with 1-yr Total Security Suite,Electronic,Cloud,Firebox Cloud XLarge,https://partner.leadersystems.com.au/products.html?zLzWqElWRbM=zEmkCq+sVkvX5bcOfXy2kg==dzdzQ1hwkgaTqn8h7fJ2zJcKJns=
NWG-WGVSM641,WatchGuard FireboxV Small with 1-yr Total Security Suite,Electronic,Virtual,FireboxV Small,https://partner.leadersystems.com.au/products.html?MF0063vcGH0=xdA2lCHs9KiFbG4LM4TdlQ==S3Ym1z9geZ1wzkkNC79mnAlJtlk=
NWG-WGVSM671,Trade up to WatchGuard FireboxV Small with 1-yr Total Security Suite,Electronic,Virtual,FireboxV Small,https://partner.leadersystems.com.au/products.html?PlsuXjLf4oc=oYxpSPJpOfRktOYWztf7HQ==EePXP0ZGtbBUqtPUYfQlLn3NPNQ=
NWG-WGVME033,WatchGuard FireboxV Medium with 3-yr Basic Security Suite,Electronic,Virtual,FireboxV Medium,https://partner.leadersystems.com.au/products.html?ZOqDxaBO6A4=HgzZp+pXWXxPWesf92xXAg==aVjhx0y4nqpUU4dZ9MdfovDcElw=
NWG-WGVME003,WatchGuard FireboxV Medium with 3-yr Standard Support - Only available to WGOne Silver/Gold Partners,Electronic,Virtual,FireboxV Medium,https://partner.leadersystems.com.au/products.html?JZDGKWn/eD0=15EZFMbSR5bnVQLblUQ/LA==wUSA7xkq78NeOKXbigLgF+OfC8c=
NWG-WGCXL643,WatchGuard Firebox Cloud XLarge with 3-yr Total Security Suite,Electronic,Cloud,Firebox Cloud XLarge,https://partner.leadersystems.com.au/products.html?OmZXVt7lOpo=wPZ0T2LAp94fJTkoaA/mQw==T/5pHnNL2EZWsKwROwNKrF6ohbs=
NWG-WGVSM673,Trade up to WatchGuard FireboxV Small with 3-yr Total Security Suite,Electronic,Virtual,FireboxV Small,https://partner.leadersystems.com.au/products.html?6Uhaf828D1M=btsT40DmT2G8ImXEukjrhA==ayL9CRXP2a8sKx2dBIaSi69jRy8=
NWG-WGVME031,WatchGuard FireboxV Medium with 1-yr Basic Security Suite,Electronic,Virtual,FireboxV Medium,https://partner.leadersystems.com.au/products.html?qTZtJ1YBVhQ=7O6Bo4tPVffYVU3bTK7AGA==CjDduyxxHxgmVQ6omM0mawH7v6o=
NWG-WGVME001,WatchGuard FireboxV Medium with 1-yr Standard Support - Only available to WGOne Silver/Gold Partners,Electronic,Virtual,FireboxV Medium,https://partner.leadersystems.com.au/products.html?SxyB97FFXbA=OlJIuUJlKN5Hdv+Gywbn0Q==JwWFscPz7d/2l/7NXvd7tCn3UYw=
NWG-WGVLG061,Trade up to WatchGuard FireboxV Large with 1-yr Basic Security Suite,Electronic,Virtual,FireboxV Large,https://partner.leadersystems.com.au/products.html?FpSpDZh/wXA=ZffV4INz0TFAlNtPNjO/Pw==i5l1r9sWT/v5fqdIwL48OjGQPbI=
NWG-WGVLG063,Trade up to WatchGuard FireboxV Large with 3-yr Basic Security Suite,Electronic,Virtual,FireboxV Large,https://partner.leadersystems.com.au/products.html?/TcKBPwk2po=n0FbHgn5zWRzmV1fk3pQgw==BxE+BVe9lpxZ4RKlHrU5z4RIJo4=
NWG-WGVME521,WatchGuard Cloud 1-month data retention for FireboxV Medium - 1-yr,Electronic,Virtual,FireboxV Medium,https://partner.leadersystems.com.au/products.html?fzevl1gyGtk=ePvhuzP7Nn/HMWrvOhNoSw==Xe51meGHh69+9rzA9CkQVoZ4dt0=
NWG-WGVSM521,WatchGuard Cloud 1-month data retention for FireboxV Small - 1-yr,Electronic,Virtual,FireboxV Small,https://partner.leadersystems.com.au/products.html?QiRDxDIwWVk=XerwMdlNouIBNmQGeieC3g==P8UXvu3dpjWTz1rR4EZd1WnuG0s=
NWG-WGCSM141,WatchGuard Reputation Enabled Defense 1-yr for Firebox Cloud Small,Electronic,Cloud,Firebox Cloud Small,https://partner.leadersystems.com.au/products.html?A+hHwhLdvEw=dGy9lEimewBX5D89HUbZaw==OsAb6mfr5IJVtfHxzZqGx5sJvms=
NWG-WGCME353,WatchGuard Total Security Suite Renewal/Upgrade 3-yr for Firebox Cloud Medium,Electronic,Cloud,Firebox Cloud Medium,https://partner.leadersystems.com.au/products.html?16cKyQI4KKY=w9FUGsrnHfSaBsaNhuSkQw==ggBF4eFuBp9UUr6MYFGmdDhD1O0=
NWG-WGCME261,WatchGuard Gold Support Renewal/Upgrade 1-yr for Firebox Cloud Medium,Electronic,Cloud,Firebox Cloud Medium,https://partner.leadersystems.com.au/products.html?WUaRkvun+a8=u50mSIcYUQTl6pqTAJD5fw==IjTCrvgZhTSrODIghg53enSlIuk=
NWG-WGCME171,WatchGuard APT Blocker 1-yr for Firebox Cloud Medium,Electronic,Cloud,Firebox Cloud Medium,https://partner.leadersystems.com.au/products.html?MQmE8rD003I=93CRC9VjoiGhTcpEf7i8UA==KbzHbQuFPWI6dblvi9m0uKx4uTM=
NWG-WGCLG141,WatchGuard Reputation Enabled Defense 1-yr for Firebox Cloud Large,Electronic,Cloud,Firebox Cloud Large,https://partner.leadersystems.com.au/products.html?m1r6puXTzBE=b/XYHDQbulIxVMNPxvrklA==8QU7TDgmyacpr/ivE5OuVueDC28=
NWG-WGCXL353,WatchGuard Total Security Suite Renewal/Upgrade 3-yr for Firebox Cloud XLarge,Electronic,Cloud,Firebox Cloud XLarge,https://partner.leadersystems.com.au/products.html?JqGzKbqwkHQ=9NYdwT7hTnq6L+U8zF7i3w==7WVD4nWS4/9lT4p63DU73DAp9sk=
NWG-WGCXL201,WatchGuard Standard Support Renewal 1-yr for Firebox Cloud XLarge,Electronic,Cloud,Firebox Cloud XLarge,https://partner.leadersystems.com.au/products.html?R4okjWoESu4=DlDGfOBLqFTx8ftTo7L59g==hhjcoZ855Ox9Jd1nS0tsXkY0qVo=
NWG-WGCXL261,WatchGuard Gold Support Renewal/Upgrade 1-yr for Firebox Cloud XLarge,Electronic,Cloud,Firebox Cloud XLarge,https://partner.leadersystems.com.au/products.html?Hhbj3k0qZBw=B+aQVgbWlGEDwHsnZnLEuA==wQqeQDEBMuoqFsdC8P5csAUayUM=
NWG-WGVME523,WatchGuard Cloud 1-month data retention for FireboxV Medium - 3-yr,Electronic,Virtual,FireboxV Medium,https://partner.leadersystems.com.au/products.html?GkeZjIfgjc4=DAEPzh1j91wqpimrfGYzlg==d5fqHk2Kbn5qxGX2p+PVcDegxGg=
NWG-WGVSM523,WatchGuard Cloud 1-month data retention for FireboxV Small - 3-yr,Electronic,Virtual,FireboxV Small,https://partner.leadersystems.com.au/products.html?SseF7J8AblU=KJFaz01lLGGUMRCnOmvHXw==MwRNy7OIRYaV6iUDJpkyeiHnu6c=
NWG-WGVSM201,WatchGuard Standard Support Renewal 1-yr for FireboxV Small,Electronic,Virtual,FireboxV Small,https://partner.leadersystems.com.au/products.html?N0rmdwykI2k=soUs52HIpRBLL+68AMRGoA==KsfTFYcaTyyMhMdIqjrb0ei1IHM=
NWG-WGVSM141,WatchGuard Reputation Enabled Defense 1-yr for FireboxV Small,Electronic,Virtual,FireboxV Small,https://partner.leadersystems.com.au/products.html?3jvWB0mqmjA=hO7ewNtxpQGesq3xw3UHYA==41hhmF3xYpWpDpKidUO2J+HuGZ4=
NWG-WGVME203,WatchGuard Standard Support Renewal 3-yr for FireboxV Medium,Electronic,Virtual,FireboxV Medium,https://partner.leadersystems.com.au/products.html?FPA8PFtWsOs=10H1UpCEhq2Dnw7B7qOHsw==Fo0SOvRcscR5vpUZ0du4WjnOdKM=
NWG-WGVLG331,WatchGuard Basic Security Suite Renewal/Upgrade 1-yr for FireboxV Large,Electronic,Virtual,FireboxV Large,https://partner.leadersystems.com.au/products.html?16DDyCjSLB4=APD80b4b5m35mBkXKEkNQg==OBSp0/tLSDsl3qsn9RDHvnSOIaA=
NWG-WGVLG151,WatchGuard Application Control 1-yr for FireboxV Large,Electronic,Virtual,FireboxV Large,https://partner.leadersystems.com.au/products.html?/0yJLkPGba0=4JFBzxVtxtv3A6pCriGicg==W7/lV3khVACW33qOdriPZwEBUiU=
NWG-WGVXL171,WatchGuard APT Blocker 1-yr for FireboxV XLarge,Electronic,Virtual,FireboxV XLarge,https://partner.leadersystems.com.au/products.html?EiI40GV3Bbs=tUypCErJDWb8g595pCIvwg==pU2kIQK/RECQ/HmKCviXjyMm8tY=
NWG-WGVXL141,WatchGuard Reputation Enabled Defense 1-yr for FireboxV XLarge,Electronic,Virtual,FireboxV XLarge,https://partner.leadersystems.com.au/products.html?ZYX6JfEvcMM=t3jjD8UWwzwawboEocBX5Q==hZUWt7Edm0nHEZAtZbSjmPr029Q=
NWG-WGEMA081,Panda Email Protection - 1 Year - 1001 to 3000 users,Electronic,Email Security,Panda Email Protection,https://partner.leadersystems.com.au/products.html?+SRoKXqL7Yo=r/EEpLCCoD8ivWgHC57YUg==3oIVH6nNdmQqdBiiOC3t0r6GO/g=
NWG-WGEMA071,Panda Email Protection - 1 Year - 501 to 1000 users,Electronic,Email Security,Panda Email Protection,https://partner.leadersystems.com.au/products.html?7TJo0/SgccY=9mgp9jc3/6n4c/GBj76CFg==QKUtxkDH5djlAlkk4H6bxViYbQE=
NWG-WGWFC241,"WatchGuard 1-yr Secure Wi-Fi Renewal/Upgrade, 1 AP",Electronic,Access Points,Wi-Fi Management,https://partner.leadersystems.com.au/products.html?IiLe4u2eybY=pb6Jdn+bO7tZ0gqxyyeyvg==jpa1ZECwJPjLrdeUKq7kuUTpMDU=
NWG-WGVSM111,WatchGuard spamBlocker 1-yr for FireboxV Small,Electronic,Virtual,FireboxV Small,https://partner.leadersystems.com.au/products.html?mWjbFzCjJjo=ANU0idDIwWr2HtHvxQEUog==JmHkXYhMxeJTCJPlSiwZ/rzFIJY=
NWG-WGVSM131,WatchGuard Intrusion Prevention Service 1-yr for FireboxV Small,Electronic,Virtual,FireboxV Small,https://partner.leadersystems.com.au/products.html?56TOW+tHc5E=j1miitzjp7/vXZcErHrFqg==o/g/+kjy1g2txBWcSG0Jg2SgMEE=
NWG-WGVME331,WatchGuard Basic Security Suite Renewal/Upgrade 1-yr for FireboxV Medium,Electronic,Virtual,FireboxV Medium,https://partner.leadersystems.com.au/products.html?g206Nns/n0c=hElC5g+4pjpw4m9r53N1MQ==nDAGlCpUMm40lp/07y36tI4IH8w=
NWG-WGVME201,WatchGuard Standard Support Renewal 1-yr for FireboxV Medium,Electronic,Virtual,FireboxV Medium,https://partner.leadersystems.com.au/products.html?GdBxJCFv7Ck=GgZCrY9U8bbTuWBTeQKwag==xBGGV6vWKSW2Q3uXBo4IeNunNIA=
NWG-WGVLG171,WatchGuard APT Blocker 1-yr for FireboxV Large,Electronic,Virtual,FireboxV Large,https://partner.leadersystems.com.au/products.html?WyLZBbJFwz0=3UAbjiNDC2jRQKuYU9ZCIQ==EiNUhdSDSZtgZoOGvzy9k5I8f8w=
NWG-WGVLG181,WatchGuard Network Discovery 1-yr for FireboxV Large,Electronic,Virtual,FireboxV Large,https://partner.leadersystems.com.au/products.html?6pP6SygZmOs=+3y9Q4aJKJUZnCMIJi1x0Q==R5wUFsbqtdK984OEQ1IKxMRsGSQ=
NWG-WGVXL351,WatchGuard Total Security Suite Renewal/Upgrade 1-yr for FireboxV XLarge,Electronic,Virtual,FireboxV XLarge,https://partner.leadersystems.com.au/products.html?1B57phBlEDI=s4NOpMwTrvshjDBtBCHoCQ==s1WpwwEycxPmBlTbq7u6o7nT8cM=
NWG-WGCSM643,WatchGuard Firebox Cloud Small with 3-yr Total Security Suite,Electronic,Cloud,Firebox Cloud Small,https://partner.leadersystems.com.au/products.html?DKCW2Q3b2bE=kCnnGe7f9S8GgpE8hlKYeQ==j64SmgBPWGcPY3FnS6p9VFN6IZE=
NWG-WGCSM673,Trade up to WatchGuard Firebox Cloud Small with 3-yr Total Security Suite,Electronic,Cloud,Firebox Cloud Small,https://partner.leadersystems.com.au/products.html?dU7cvMXAZA0=Rf5t+jtn9sAxdo392dLHVA==41kYTE01QP9ZogZ9soT74tv3VMk=
NWG-WGCLG641,WatchGuard Firebox Cloud Large with 1-yr Total Security Suite,Electronic,Cloud,Firebox Cloud Large,https://partner.leadersystems.com.au/products.html?f+/gL6utflE=iAXAKhYy5HpFZnnAadq/SQ==y7y1nOPOfw0YAfCKWIAUvFVr3Tw=
NWG-WGCLG031,WatchGuard Firebox Cloud Large with 1-yr Basic Security Suite,Electronic,Cloud,Firebox Cloud Large,https://partner.leadersystems.com.au/products.html?unTTC7KzjTM=hyq3FSgMt9DlMx0dIYnyqA==4cUuaDW34b6gDtu38tz9pr0HqZQ=
NWG-WGCLG001,WatchGuard Firebox Cloud Large with 1-yr Standard Support - Only available to WGOne Silver/Gold Partners,Electronic,Cloud,Firebox Cloud Large,https://partner.leadersystems.com.au/products.html?eBTIciu38qY=8NSpSE3ewfZgklLUi8eZLg==hGgqj2ZMAP7lXkntcdzmEw78tvU=
NWG-WGCLG061,Trade up to WatchGuard Firebox Cloud Large with 1-yr Basic Security Suite,Electronic,Cloud,Firebox Cloud Large,https://partner.leadersystems.com.au/products.html?/PYuyzaHHCQ=MrHjd5xyraIdxjBXL59BWw==tJn18WnhpIIWuAYX5ToAkngyvic=
NWG-WGVSM033,WatchGuard FireboxV Small with 3-yr Basic Security Suite,Electronic,Virtual,FireboxV Small,https://partner.leadersystems.com.au/products.html?1U/jG46X3t4=BsSuophoTH4ITAw99XklbQ==CptizTrYQB/hiSTrdmiESmE1/x0=
NWG-WGVSM003,WatchGuard FireboxV Small with 3-yr Standard Support - Only available to WGOne Silver/Gold Partners,Electronic,Virtual,FireboxV Small,https://partner.leadersystems.com.au/products.html?sGXvcP5CEPE=xP2jzRDLM3hx6IXjah9sFA==2zzSCBZyPOxau3Lix3VdlWX6kO8=
NWG-WGVSM063,Trade up to WatchGuard FireboxV Small with 3-yr Basic Security Suite,Electronic,Virtual,FireboxV Small,https://partner.leadersystems.com.au/products.html?pDpQ+hl3QKY=pXh0xKbVAoPpGHP/l1IHDA==dTSXdicFtWhbPEzLCM3w3tTAP30=
NWG-WGVME641,WatchGuard FireboxV Medium with 1-yr Total Security Suite,Electronic,Virtual,FireboxV Medium,https://partner.leadersystems.com.au/products.html?5CU3GD4+zAY=AirExd5eOWxoeIS+IBlC/A==UAoSmVYWNtEW7nJrb/N6rqc17CI=
NWG-WGVME671,Trade up to WatchGuard FireboxV Medium with 1-yr Total Security Suite,Electronic,Virtual,FireboxV Medium,https://partner.leadersystems.com.au/products.html?X3ZRbqnkcC8=vRgH+K2nCKEYwMBiJRiM/Q==SpSXlRWecsFnG2Tm301I6h4ZZrE=
NWG-WGVXL643,WatchGuard FireboxV XLarge with 3-yr Total Security Suite,Electronic,Virtual,FireboxV XLarge,https://partner.leadersystems.com.au/products.html?v3Jj9YRqMJE=9NDAn9wGVAM0dJUSUCLqiQ==BzvPuRT6oN+LzItf8N0OI3DKJOY=
NWG-WGVXL673,Trade up to WatchGuard FireboxV XLarge with 3-yr Total Security Suite,Electronic,Virtual,FireboxV XLarge,https://partner.leadersystems.com.au/products.html?YpL+r+YAdVQ=/Q4O4T1oICs/8eY2FVEQCA==FCkFCWiLwWCSyGgXN0MvKm3pFgU=
NWG-WGVXL063,Trade up to WatchGuard FireboxV XLarge with 3-yr Basic Security Suite,Electronic,Virtual,FireboxV XLarge,https://partner.leadersystems.com.au/products.html?4kOBZlI0hVM=73ww3pD3yz46ssCZ3rtI5g==QjQ7o98zBoJZ2vk5z0dHC1z9A9I=
NWG-WGCSM641,WatchGuard Firebox Cloud Small with 1-yr Total Security Suite,Electronic,Cloud,Firebox Cloud Small,https://partner.leadersystems.com.au/products.html?xpIxjvYgCGo=0n91bzAQNMqJYXTS8yazBg==2bTGd2umcIUXpl6ZKb7KK4uwGBk=
NWG-WGCSM001,WatchGuard Firebox Cloud Small with 1-yr Standard Support - Only available to WGOne Silver/Gold Partners,Electronic,Cloud,Firebox Cloud Small,https://partner.leadersystems.com.au/products.html?jYF0RT6np/0=MsJGH0mz0A8CrG20wFNRGQ==dx4sBzELl0OizZUKTHI/7TtnZK4=
NWG-WGCME031,WatchGuard Firebox Cloud Medium with 1-yr Basic Security Suite,Electronic,Cloud,Firebox Cloud Medium,https://partner.leadersystems.com.au/products.html?4ydwDXD2TvQ=o3fi0R2YsGO4v5JaHxPTjQ==e+zNaW+dcCGxcyGsBJVXWHSFKGI=
NWG-WGCLG643,WatchGuard Firebox Cloud Large with 3-yr Total Security Suite,Electronic,Cloud,Firebox Cloud Large,https://partner.leadersystems.com.au/products.html?aNMMtRdLoJI=4003KGaZ3Ci5MxPCtLAI7A==r1lnC7VReCe1zKqVxUoWXAxuQGg=
NWG-WGCLG003,WatchGuard Firebox Cloud Large with 3-yr Standard Support - Only available to WGOne Silver/Gold Partners,Electronic,Cloud,Firebox Cloud Large,https://partner.leadersystems.com.au/products.html?U1H+j0SSRVg=uSgnmbn6xUNllNgp0fqrtA==6qS/oLVRW3wdfmHZ+CH7Y5m5ino=
NWG-WGCXL033,WatchGuard Firebox Cloud XLarge with 3-yr Basic Security Suite,Electronic,Cloud,Firebox Cloud XLarge,https://partner.leadersystems.com.au/products.html?IvwgsVmbzBw=Svh4VBG97JjHwnC4YZVlNQ==2PMqO6kw1SuTRf0BXYYb3JEhaCg=
NWG-WGVSM031,WatchGuard FireboxV Small with 1-yr Basic Security Suite,Electronic,Virtual,FireboxV Small,https://partner.leadersystems.com.au/products.html?SxI8jjww3qo=tfIagFIi+X7ag3/7lfsJPA==Hsirmpr9yzcfCxZ3vseq+OaIATU=
NWG-WGVLG033,WatchGuard FireboxV Large with 3-yr Basic Security Suite,Electronic,Virtual,FireboxV Large,https://partner.leadersystems.com.au/products.html?eSDlSnJoyn4=u+72FZnI5kXhIrGzKc8Rxg==X/Z37sKikbFWoebvES1ol8rmOhE=
NWG-WGVXL671,Trade up to WatchGuard FireboxV XLarge with 1-yr Total Security Suite,Electronic,Virtual,FireboxV XLarge,https://partner.leadersystems.com.au/products.html?q2AWLvLBU88=P8kIdrpd6heXI33P1dHByg==0kSh7+pp/4jBB1rVFGXcFj5LHYc=
NWG-WGVXL061,Trade up to WatchGuard FireboxV XLarge with 1-yr Basic Security Suite,Electronic,Virtual,FireboxV XLarge,https://partner.leadersystems.com.au/products.html?bKSDRBUoR2Y=M1gKu0sNtPZcbilJ7V6xvQ==sCXDrmqJfc0wq8vfkpozH61VVzo=
NWG-WGEMA083,Panda Email Protection - 3 Year - 1001 to 3000 users,Electronic,Email Security,Panda Email Protection,https://partner.leadersystems.com.au/products.html?0un78MIkNrA=LAvKtKejpYvwH4b/SPw5Hw==jOumXiO07Rl4yG2DLA0Uz6vZ8kc=
NWG-WGCSM003,WatchGuard Firebox Cloud Small with 3-yr Standard Support - Only available to WGOne Silver/Gold Partners,Electronic,Cloud,Firebox Cloud Small,https://partner.leadersystems.com.au/products.html?3tDYZVEL2To=1pezqq4qziQpGsv4fn3PCQ==2nYeM0y5uJMcDXLxuQPuVnkDJA4=
NWG-WGCSM063,Trade up to WatchGuard Firebox Cloud Small with 3-yr Basic Security Suite,Electronic,Cloud,Firebox Cloud Small,https://partner.leadersystems.com.au/products.html?AgjWP0MFVV8=1GTYZ6G1wHRftQSw28Jh4g==yelN0Jw1O9hRy+s0pqI3w8zvLrs=
NWG-WGCME671,Trade up to WatchGuard Firebox Cloud Medium with 1-yr Total Security Suite,Electronic,Cloud,Firebox Cloud Medium,https://partner.leadersystems.com.au/products.html?MnNIqB48b1E=IPZjz2CZIIhsPRvPiDFijg==J2rKlmvgqiVr/fek48gjItwIUWE=
NWG-WGCME033,WatchGuard Firebox Cloud Medium with 3-yr Basic Security Suite,Electronic,Cloud,Firebox Cloud Medium,https://partner.leadersystems.com.au/products.html?I9z21Sz8Bbo=ujbPKoxUICPterA4oEj1mQ==i+m7cLVKjJsF44ulKlaiTN/+vdA=
NWG-WGCXL673,Trade up to WatchGuard Firebox Cloud XLarge with 3-yr Total Security Suite,Electronic,Cloud,Firebox Cloud XLarge,https://partner.leadersystems.com.au/products.html?5tZHqawtNQE=AOG0ANvOqy4I8JAVK4Ziog==H5AA58QeMoYrlIQ3gTFMQLC2/so=
NWG-WGVSM643,WatchGuard FireboxV Small with 3-yr Total Security Suite,Electronic,Virtual,FireboxV Small,https://partner.leadersystems.com.au/products.html?ESPj859m0JY=3QJP73MwDb+IBtIZzz4xQw==mftJzg6XFa05rShxBaYW3rcqphQ=
NWG-WGVME061,Trade up to WatchGuard FireboxV Medium with 1-yr Basic Security Suite,Electronic,Virtual,FireboxV Medium,https://partner.leadersystems.com.au/products.html?rQckaWUU0BQ=XRkQvap/ot7IgfTaFPKI/w==fqVcC93blYf91TzADo8AQyJ+qQk=
NWG-WGDNS30101,WatchGuard DNSWatchGO - 1 Year - 1 to 50 Users - License Per User,Electronic,Endpoint & Mobile,DNSWatchGO,https://partner.leadersystems.com.au/products.html?oRWViNcxrIE=IzCaz/2XUaaIMEfXjrbTdg==W/OYtdLMgEIFq7JZuVCJewMOfvFK7Q==
NWG-WGATH30503,WatchGuard AuthPoint - 3 Year - 501 to 1000 Users - License Per User,Electronic,Identity & Access,AuthPoint,https://partner.leadersystems.com.au/products.html?Dy3YKfOJIHI=UPRFkLGrUPINNFNrA2sAnA==HIt3cc7XCsvv0N8x9CV9H9guRmeteA==
NWG-WGATH30601,WatchGuard AuthPoint - 1 Year - 1001 to 5000 Users - License Per User,Electronic,Identity & Access,AuthPoint,https://partner.leadersystems.com.au/products.html?zwxsWEyYaKc=1FTsCP1vt/xlav3TS1E4jA==ndlHVES2jQ9ZwiRQTUggyQxzQfEZ9Q==
NWG-WGVLG523,WatchGuard Cloud 1-month data retention for FireboxV Large - 3-yr,Electronic,Virtual,FireboxV Large,https://partner.leadersystems.com.au/products.html?eSaPJ6/SM70=Q9uWR1oprFQfO9UOVPJPfw==LnqFNhC7WTQAgZu/dVkQi0eBUco=
NWG-WGEMA063,Panda Email Protection - 3 Year - 251 to 500 users,Electronic,Email Security,Panda Email Protection,https://partner.leadersystems.com.au/products.html?YR0VTuZuclg=u4eY+1iWLuenYv02INpjFw==mHdc9Wk9UWx26mxIfxijKJvrBjM=
NWG-WGEPL011,Panda Endpoint Protection Plus - 1 Year - 1 to 10 users,Electronic,Endpoint & Mobile,Panda EPP+,https://partner.leadersystems.com.au/products.html?tJ/cojZSggk=SG9c8xBAOGX8GoN5m6M0pQ==hMws67wgJmE6WoIAjKShMUqVN1c=
NWG-MSS019524,WatchGuard MSSP 100 Pre Pay Points,Electronic,MSSP,MSSP Points,https://partner.leadersystems.com.au/products.html?VWPY4J/x6Yk=a8k7mbV+Q3FRcBf9R9Oxmg==d4bbKr6cX0dAH1tbdErEg4yOVYwe
NWG-WGPSP30601,WatchGuard Passport (EPDR + AuthPoint + DNSWatchGO) - 1 Year - 1001 to 5000 Users - License Per User,Electronic,Endpoint & Mobile,Passport,https://partner.leadersystems.com.au/products.html?Y1Ti680KKQM=mOJi+xGA+y3+fjPN6zmpiQ==A867hdOUP7kffl74J/MhXw65e2sdIQ==
NWG-WGPSP30603,WatchGuard Passport (EPDR + AuthPoint + DNSWatchGO) - 3 Year - 1001 to 5000 Users - License Per User,Electronic,Endpoint & Mobile,Passport,https://partner.leadersystems.com.au/products.html?Iwh4WIywZWE=l479KD3UjSB94vtBP9zYsA==pc4C8TOYF8f4t1Tjz/Mg47b1k9o45A==
NWG-WGVLG031,WatchGuard FireboxV Large with 1-yr Basic Security Suite,Electronic,Virtual,FireboxV Large,https://partner.leadersystems.com.au/products.html?FLDmkNq4Y3o=JeQ5GlBXzjL6kexJp+AuYg==toK6zhFc1oNOQcUymtlu0XnaMMs=
NWG-WGVLG001,WatchGuard FireboxV Large with 1-yr Standard Support - Only available to WGOne Silver/Gold Partners,Electronic,Virtual,FireboxV Large,https://partner.leadersystems.com.au/products.html?U05zKQe7MGo=xFtiikuIUhMO+5+KEazyJw==SCvKLQ9pOYssP+4/g66uanwZpKk=
NWG-WGEMA093,Panda Email Protection - 3 Year - 3000+ users,Electronic,Email Security,Panda Email Protection,https://partner.leadersystems.com.au/products.html?5b8U/Txyuxc=HgbmpRceVAcfN76pUJOmUw==eXTtT6lyzjuHgXQj82CrH3rby9w=
NWG-WGEMA073,Panda Email Protection - 3 Year - 501 to 1000 users,Electronic,Email Security,Panda Email Protection,https://partner.leadersystems.com.au/products.html?pufJEDZKHkY=C6tPBOjSR/oJv7u/tFInpw==DpbY17hJo0uc059bKVsTT7E69sw=
NWG-WGEPL021,Panda Endpoint Protection Plus - 1 Year - 11 to 25 users,Electronic,Endpoint & Mobile,Panda EPP+,https://partner.leadersystems.com.au/products.html?qV1GBUYSToU=0wqybgmqfpsDaDAkvXhU+Q==FBsmjhb1aT7BUmv5aIpygWZrnrs=
NWG-WGMRA501,WatchGuard Dimension Command 1-yr for Mid-Range Appliance,Electronic,Reporting & Visibility,Dimension Command,https://partner.leadersystems.com.au/products.html?j5hN16rMl+c=lS9od/YGLLkQYcOtr7zn7A==FOUWurRWuQprJ0NYoSNlnf+U/gI=
NWG-WGCSM333,WatchGuard Basic Security Suite Renewal/Upgrade 3-yr for Firebox Cloud Small,Electronic,Cloud,Firebox Cloud Small,https://partner.leadersystems.com.au/products.html?VBHnFyTAzwY=RldMmWw+Q2ESmOJgQSxuVQ==kkTj5+QeJDUntfJGosV0fnewfck=
NWG-WGCSM201,WatchGuard Standard Support Renewal 1-yr for Firebox Cloud Small,Electronic,Cloud,Firebox Cloud Small,https://partner.leadersystems.com.au/products.html?hBQiL8rK3Hw=gqgUIcpfDBymsU+r3ktWNQ==/Ne3GxK1wF45sIOINFfOIIE4RJU=
NWG-WGCME333,WatchGuard Basic Security Suite Renewal/Upgrade 3-yr for Firebox Cloud Medium,Electronic,Cloud,Firebox Cloud Medium,https://partner.leadersystems.com.au/products.html?BLnqMkPe3r8=pMMVzVdUFhJDnItyZYFhKA==PVFP9lUVC76/W3TKNP3C3DIxDgE=
NWG-WGCXL523,WatchGuard Cloud 1-month data retention for Firebox Cloud XLarge - 3-yr,Electronic,Cloud,Firebox Cloud XLarge,https://partner.leadersystems.com.au/products.html?OyQf9vFk8Lk=bS/i5aVEjKfjBGqVR+FdYw==ZBKcdPndDIgUR237Xo494jAVe4w=
NWG-WGCLG523,WatchGuard Cloud 1-month data retention for Firebox Cloud Large - 3-yr,Electronic,Cloud,Firebox Cloud Large,https://partner.leadersystems.com.au/products.html?qTvQwVjR+YU=17dZdKnUHeBkrJfrI2TLyw==lB9R0VzYk4ht7K3kP9ArPoVgEHQ=
NWG-WGVXL521,WatchGuard Cloud 1-month data retention for FireboxV XLarge - 1-yr,Electronic,Virtual,FireboxV XLarge,https://partner.leadersystems.com.au/products.html?9P3eyDbrQPU=XmwLIqGmpX8qWAiSPdKp9Q==B5rlV9FAGSHHfvY0Jvpmyx08M98=
NWG-WGVLG521,WatchGuard Cloud 1-month data retention for FireboxV Large - 1-yr,Electronic,Virtual,FireboxV Large,https://partner.leadersystems.com.au/products.html?k0zYY/wU6w8=PwH4w4WFFDNmAE1eKHZ1GA==0oiDLzUDNvSumBvKlEjYgw1njCE=
NWG-WGATH30201,WatchGuard AuthPoint - 1 Year - 51 to 100 Users - License Per User,Electronic,Identity & Access,AuthPoint,https://partner.leadersystems.com.au/products.html?wxnk1YVsCzU=4nMGLwS0/GETTSCbhxrm2Q==5oMPWtjzljfRL54yKCD7rlkWx8zE9A==
NWG-WGATH30301,WatchGuard AuthPoint - 1 Year - 101 to 250 Users - License Per User,Electronic,Identity & Access,AuthPoint,https://partner.leadersystems.com.au/products.html?wMRQsE+K/5M=9Ei6LOLZE25U/ssUS63+Hg==6kuTVTtUqB2tZ6rOQosEKfaDU7XAcQ==
NWG-WGDNS30303,WatchGuard DNSWatchGO - 3 Year - 101 to 250 Users - License Per User,Electronic,Endpoint & Mobile,DNSWatchGO,https://partner.leadersystems.com.au/products.html?QB13SS1Zwps=ftfAQ0QUrl1yf54kkcS/dw==kjwUtCcbSiUxs8yaHkvqpPgFfZJWMA==
NWG-WGDNS30403,WatchGuard DNSWatchGO - 3 Year - 251 to 500 Users - License Per User,Electronic,Endpoint & Mobile,DNSWatchGO,https://partner.leadersystems.com.au/products.html?uCa3kHQe8mA=rHNYPS03yugZ9j3B6aOghA==EN2QqP0e/aKkEJTihnJBJDa3KNSlpA==
NWG-WGCME331,WatchGuard Basic Security Suite Renewal/Upgrade 1-yr for Firebox Cloud Medium,Electronic,Cloud,Firebox Cloud Medium,https://partner.leadersystems.com.au/products.html?tv6578OQDXo=Vi+DvC6S+M/9JrrFsUnNYg==eafyV2zXzsOfzDOzcMALn6f8lkM=
NWG-WGCLG331,WatchGuard Basic Security Suite Renewal/Upgrade 1-yr for Firebox Cloud Large,Electronic,Cloud,Firebox Cloud Large,https://partner.leadersystems.com.au/products.html?tRaJLcFddrQ=DeUKOBygMu3NwjYb73Ftow==dEEiH0McrApkEqmunkfSiXt68aA=
NWG-WGCLG203,WatchGuard Standard Support Renewal 3-yr for Firebox Cloud Large,Electronic,Cloud,Firebox Cloud Large,https://partner.leadersystems.com.au/products.html?YN4Bfi4WxOI=ErqR1HhIwyEsJ/2OEZJSSg==IkiZMJh5PoF9VS12kCEUPoUA7OQ=
NWG-WGCXL351,WatchGuard Total Security Suite Renewal/Upgrade 1-yr for Firebox Cloud XLarge,Electronic,Cloud,Firebox Cloud XLarge,https://partner.leadersystems.com.au/products.html?7LLo2pMFId8=9iAhOjD0PqXI85k5rFdN9g==CTa0w0ChhxFNZpcgSNSKFzHlktY=
NWG-WGCXL203,WatchGuard Standard Support Renewal 3-yr for Firebox Cloud XLarge,Electronic,Cloud,Firebox Cloud XLarge,https://partner.leadersystems.com.au/products.html?0KLGqFuK9v4=Fz/H5/KCBcH0YNBj2IDjkQ==ozHtVmO27PaD+3uJBiIt/bLOvR0=
NWG-WGVSM351,WatchGuard Total Security Suite Renewal/Upgrade 1-yr for FireboxV Small,Electronic,Virtual,FireboxV Small,https://partner.leadersystems.com.au/products.html?7+OESeev61c=nDo2+oJznHtXGqnSOIk62w==ZslrpaMn4ZCAjvr0GORZ3OS7i8M=
NWG-WGVSM333,WatchGuard Basic Security Suite Renewal/Upgrade 3-yr for FireboxV Small,Electronic,Virtual,FireboxV Small,https://partner.leadersystems.com.au/products.html?PBpsl6p+EKQ=K0ErPpzjN9Tyy9dWF8dWiA==sppYHq2eeeh6W7HhYi5OUw190SU=
NWG-WGVME353,WatchGuard Total Security Suite Renewal/Upgrade 3-yr for FireboxV Medium,Electronic,Virtual,FireboxV Medium,https://partner.leadersystems.com.au/products.html?oLwU13POOag=w/8so1b52+Vji/g3+4ESyw==tG/47hchthBHqI/3z/xHenUmdPk=
NWG-WGPSP30101,WatchGuard Passport (EPDR + AuthPoint + DNSWatchGO) - 1 Year - 1 to 50 Users - License Per User,Electronic,Endpoint & Mobile,Passport,https://partner.leadersystems.com.au/products.html?y9WZpDd1EAU=cMbenehkXoe9MXog7RkheQ==4hQuMjl6omrVJS5lsKXqrhjD/3TqlA==
NWG-WGPSP30201,WatchGuard Passport (EPDR + AuthPoint + DNSWatchGO) - 1 Year - 51 to 100 Users - License Per User,Electronic,Endpoint & Mobile,Passport,https://partner.leadersystems.com.au/products.html?Bm3b1gF9y4g=/HlBM57fvm0pNESJbBrVSA==IFE1wGmmo6mWOWS2I0KH4ewjoHs3Ag==
NWG-WGATH30101,WatchGuard AuthPoint - 1 Year - 1 to 50 Users - License Per User,Electronic,Identity & Access,AuthPoint,https://partner.leadersystems.com.au/products.html?rEv45MbO88E=WR4w9zJmiq6wvtlgQghClw==ai/GaLiE1mmuhTIS10O53YX2T9/kyw==
NWG-WGATH30203,WatchGuard AuthPoint - 3 Year - 51 to 100 Users - License Per User,Electronic,Identity & Access,AuthPoint,https://partner.leadersystems.com.au/products.html?UP7nNfsAvIs=y/ecS08F6p7Jfaofeb6X2Q==HpP0TbdHBR1TDb8B0JmRQJTpu37L1A==
NWG-WGDNS30301,WatchGuard DNSWatchGO - 1 Year - 101 to 250 Users - License Per User,Electronic,Endpoint & Mobile,DNSWatchGO,https://partner.leadersystems.com.au/products.html?wAO5qPysgOk=ghrj1tvKbmmyeE7He4anjw==H3gQpssuSzSyLQWJisEAHk3puuPa8A==
NWG-WGDNS30401,WatchGuard DNSWatchGO - 1 Year - 251 to 500 Users - License Per User,Electronic,Endpoint & Mobile,DNSWatchGO,https://partner.leadersystems.com.au/products.html?nBUuJujQfT0=eypCzoA2zKMeUTAWAob6nw==CfeUVH8jhdsEkQhKGUXZJHZIAe1krw==
NWG-WGDNS30501,WatchGuard DNSWatchGO - 1 Year - 501 to 1000 Users - License Per User,Electronic,Endpoint & Mobile,DNSWatchGO,https://partner.leadersystems.com.au/products.html?kkbzbjiyXgI=WVy3qT4eOu8Nkgjyhw3Sww==vw26Tt8wppDKuwjiIsd1L3EbFDTWRw==
NWG-WGEMA053,Panda Email Protection - 3 Year - 101 to 250 users,Electronic,Email Security,Panda Email Protection,https://partner.leadersystems.com.au/products.html?i253N8Xc9DQ=rN+Tw/6CKYTF0BcPMaiuvg==/T04UPvNamOYogk003pQ7vtnws8=
NWG-WGEMA033,Panda Email Protection - 3 Year - 26 to 50 users,Electronic,Email Security,Panda Email Protection,https://partner.leadersystems.com.au/products.html?P12ZaXTQh7k=FxIam0gz2ktCGRoggAb0qg==PcEskCV8SWQKV+USbU/NkX7E/9c=
NWG-WGPSP30103,WatchGuard Passport (EPDR + AuthPoint + DNSWatchGO) - 3 Year - 1 to 50 Users - License Per User,Electronic,Endpoint & Mobile,Passport,https://partner.leadersystems.com.au/products.html?QnS3OEb4ctU=sMnX7zc8T04XOgEQVDQOyA==/CHyTyANA6L/Y4SQnUolaERN0hZ5oA==
NWG-WGPSP30203,WatchGuard Passport (EPDR + AuthPoint + DNSWatchGO) - 3 Year - 51 to 100 Users - License Per User,Electronic,Endpoint & Mobile,Passport,https://partner.leadersystems.com.au/products.html?3vDcYKTQLvM=oUas3TLGaQgxacvsuCz9sA==dNlXn14/OmuCj3ARZ5o3Wtd/11FXyQ==
NWG-WGEMA021,Panda Email Protection - 1 Year - 11 to 25 users,Electronic,Email Security,Panda Email Protection,https://partner.leadersystems.com.au/products.html?58scvc8fyh8=P7pedcZqIZMPAcNtDeTxCw==dsblVbo6snfjRa30BqjXOxelZcY=
NWG-WGEMA043,Panda Email Protection - 3 Year - 51 to 100 users,Electronic,Email Security,Panda Email Protection,https://partner.leadersystems.com.au/products.html?WuBM3WDWzS8=Om/vfqQUvjG/jkTgHxrAXA==JvHZch9/W/q2HZDoAkiegdTTukI=
NWG-MSS019527,WatchGuard MSSP 25000 Pre Pay Points,Electronic,MSSP,MSSP Points,https://partner.leadersystems.com.au/products.html?twk2XOuIuMk=bqx/mFrUgS3JQaZpieXMuA==dWhWW7xU4phj0Nv6ckepgFPMZMtd
NWG-WGCSM353,WatchGuard Total Security Suite Renewal/Upgrade 3-yr for Firebox Cloud Small,Electronic,Cloud,Firebox Cloud Small,https://partner.leadersystems.com.au/products.html?uW+boK/NZrw=chCLUa7JbXVPr0OzoN7oRw==HiMU8apNNdS+jIWjsX0PUOqhHFY=
NWG-WGCSM261,WatchGuard Gold Support Renewal/Upgrade 1-yr for Firebox Cloud Small,Electronic,Cloud,Firebox Cloud Small,https://partner.leadersystems.com.au/products.html?6Njs1lbUNrE=5/ADnj0PbO0MRsrbdOVbqw==u/5wfDT2tVA1SJEHSXDp7szk4NA=
NWG-WGCSM131,WatchGuard Intrusion Prevention Service 1-yr for Firebox Cloud Small,Electronic,Cloud,Firebox Cloud Small,https://partner.leadersystems.com.au/products.html?4Z4zHPHEg4M=SUUe88scvmaHCdepPcZFOA==kesb+r+XBuqdLZas6VLy4vc5ynY=
NWG-WGCME173,WatchGuard APT Blocker 3-yr for Firebox Cloud Medium,Electronic,Cloud,Firebox Cloud Medium,https://partner.leadersystems.com.au/products.html?kY6d0iubz/U=BYjKRifMswt31GUvzGfspg==mIMNGsd4PWS/dmhrVoflHVS3mTY=
NWG-WGCME141,WatchGuard Reputation Enabled Defense 1-yr for Firebox Cloud Medium,Electronic,Cloud,Firebox Cloud Medium,https://partner.leadersystems.com.au/products.html?PeKIn9+imYU=/EC6tJlmCY46sOEKXwULdQ==EiV82D22K79pwAUzOSrjurHsQDo=
NWG-WGCLG201,WatchGuard Standard Support Renewal 1-yr for Firebox Cloud Large,Electronic,Cloud,Firebox Cloud Large,https://partner.leadersystems.com.au/products.html?/exH9i4fEXQ=DOnJJWtrv56Gp3wt+AbvFQ==bToutML8ekvsNdbU/YWNrvUTHOs=
NWG-WGPTCH30403,Watchguard Endpoint Module - Patch Management - 3 Year - 251 to 500 licenses,Electronic,Endpoint & Mobile,Patch Management,https://partner.leadersystems.com.au/products.html?KzFnBILuyJc=qqknM2UZw+iLtNC3nZB2NA==rIPzW6vOLec5GUCfGIxvrD504t05jHA=
NWG-WGPTCH30401,Watchguard Endpoint Module - Patch Management - 1 Year - 251 to 500 licenses,Electronic,Endpoint & Mobile,Patch Management,https://partner.leadersystems.com.au/products.html?BF6rewpEPM0=BLOCFpNo6zySlCu0UKPb2A==2OWmfOXll50AXd/lcnWaMv7OI6cCPMg=
NWG-WGPTCH30101,Watchguard Endpoint Module - Patch Management - 1 Year - 1 to 50 licenses,Electronic,Endpoint & Mobile,Patch Management,https://partner.leadersystems.com.au/products.html?iGAC+GM0wyA=8HMatqPGN6XjtpyEU3vMNg==UJu5PlpT4nkV4xc+IZ3VZZ5tTk1ZuKk=
NWG-WGINSG30201,Watchguard Endpoint Module - Advanced Reporting Tool - 1 Year - 51 to 100 licenses,Electronic,Endpoint & Mobile,Advanced Reporting Tool,https://partner.leadersystems.com.au/products.html?ROPXONT91fk=O4s3WX1ec4wr4NfpM1SHPQ==aWiH2kBdOEv661PyRfJwxeYdsur/awk=
NWG-WGENCR30403,Watchguard Endpoint Module - Full Encryption - 3 Year - 251 to 500 licenses,Electronic,Endpoint & Mobile,Full Encryption,https://partner.leadersystems.com.au/products.html?73gf0w3RV0c=6YAfFjsLn6bJB33iANDbJw==Pbe5h21pyd5YXYO2YRKl7ILqimKT+1g=
NWG-WGENCR30303,Watchguard Endpoint Module - Full Encryption - 3 Year - 101 to 250 licenses,Electronic,Endpoint & Mobile,Full Encryption,https://partner.leadersystems.com.au/products.html?A5D85akoIAg=nbuSVBtKvUwYa5VzjwhvDQ==C1OJ2ub1Ucn7K9PoxVEtVnekJVZSPok=
NWG-WGENCR30301,Watchguard Endpoint Module - Full Encryption - 1 Year - 101 to 250 licenses,Electronic,Endpoint & Mobile,Full Encryption,https://partner.leadersystems.com.au/products.html?Mxi96ybSIe8=3o3+byhac894y82ZQmYhMA==tfv0kA9yIbp1SR9JyJVud3NcqYdNQn8=
NWG-WGPTCH30703,Watchguard Endpoint Module - Patch Management - 3 Year - 5001+ licenses,Electronic,Endpoint & Mobile,Patch Management,https://partner.leadersystems.com.au/products.html?pBkkZKy8fmA=JXJOs83FYH/ZeYlxC37ZUA==BBvAhQyrVOv2wqI3Sxlii44t3VdqZmo=
NWG-WGPTCH30303,Watchguard Endpoint Module - Patch Management - 3 Year - 101 to 250 licenses,Electronic,Endpoint & Mobile,Patch Management,https://partner.leadersystems.com.au/products.html?F/Lo1ze9XJg=04vge3wd+X8WjTPGdq7XQw==QikYD9CzCGhPEj2DHLDcAelW7CeoSOY=
NWG-WGINSG30503,Watchguard Endpoint Module - Advanced Reporting Tool - 3 Year - 501 to 1000 licenses,Electronic,Endpoint & Mobile,Advanced Reporting Tool,https://partner.leadersystems.com.au/products.html?r/mCXOj+i6M=uMtm8xCOtM5MG5K5bdcpqA==gJJ85mh6RWge988+WkSvAdpGNDUUVW0=
NWG-WGINSG30401,Watchguard Endpoint Module - Advanced Reporting Tool - 1 Year - 251 to 500 licenses,Electronic,Endpoint & Mobile,Advanced Reporting Tool,https://partner.leadersystems.com.au/products.html?8/Cna1DjbVQ=GDhTLiA7bffFXqEprffUMw==amZgmSbHOHJ8lOQQ9WkR1czW7l9ZG6M=
NWG-WGVME351,WatchGuard Total Security Suite Renewal/Upgrade 1-yr for FireboxV Medium,Electronic,Virtual,FireboxV Medium,https://partner.leadersystems.com.au/products.html?yLrtnA9wuYA=6zeFM8nN/2UXQZ1nu8qpog==25t4/UA4E/Vtdr2ca4AToiQu1S8=
NWG-WGVME131,WatchGuard Intrusion Prevention Service 1-yr for FireboxV Medium,Electronic,Virtual,FireboxV Medium,https://partner.leadersystems.com.au/products.html?1WKJxDNvBbQ=Lqjbd+oXwzZovY59K3tLwQ==qlN2xdXnvR/sBn08kao9k1JhQok=
NWG-WGVME181,WatchGuard Network Discovery 1-yr for FireboxV Medium,Electronic,Virtual,FireboxV Medium,https://partner.leadersystems.com.au/products.html?kdM5jUCOE84=85XzBfYVWtuFNC1HnCTMjw==bko1kYh48Rv5RTzGZ+j8vBqb5sA=
NWG-WGVLG111,WatchGuard spamBlocker 1-yr for FireboxV Large,Electronic,Virtual,FireboxV Large,https://partner.leadersystems.com.au/products.html?jvI2sG9/Cjs=j/dqGw3axlf+UYlsB0i/Cw==rjBF7BNhGqVFiBk/HNlidf4Bk5Q=
NWG-WGVLG121,WatchGuard Gateway AntiVirus 1-yr for FireboxV Large,Electronic,Virtual,FireboxV Large,https://partner.leadersystems.com.au/products.html?NeHDznUbnMc=nGU58IL2BD/t2VaJ4WfcrA==+JMgURID88BJvx8U6rrRq+dEd74=
NWG-WGVXL101,WatchGuard WebBlocker 1-yr for FireboxV XLarge,Electronic,Virtual,FireboxV XLarge,https://partner.leadersystems.com.au/products.html?f0Q2K4ISlhA=hopNQi7L6/EXWIwdZvdgfw==+ZAh+Uyh1mX9bUoN2XYp5EtCHd0=
NWG-WGVXL111,WatchGuard spamBlocker 1-yr for FireboxV XLarge,Electronic,Virtual,FireboxV XLarge,https://partner.leadersystems.com.au/products.html?LAdPDNzkTo4=mwFl5S6Fe3Nko915rd7ICw==jQ2gPLUHSE7PlNCDH28bHs8CBWw=
NWG-WGENCR30701,Watchguard Endpoint Module - Full Encryption - 1 Year - 5001+ licenses,Electronic,Endpoint & Mobile,Full Encryption,https://partner.leadersystems.com.au/products.html?vJwt3BVydlM=/oIa7vhhMTsi7BL/ijqCwA==Gg+maX5UdAuXWUrtmFrP9oS8rGXW1Hg=
NWG-WGENCR30603,Watchguard Endpoint Module - Full Encryption - 3 Year - 1001 to 5000 licenses,Electronic,Endpoint & Mobile,Full Encryption,https://partner.leadersystems.com.au/products.html?SBYtWqJ0k+I=Ya0gBXSR6pVtqQ8rtT+meA==EVrxR1Gq3TasJAq0fAeYYiH5mII4HV4=
NWG-WGENCR30103,Watchguard Endpoint Module - Full Encryption - 3 Year - 1 to 50 licenses,Electronic,Endpoint & Mobile,Full Encryption,https://partner.leadersystems.com.au/products.html?UQng0HIr/KE=sPfVrM9c0CMd8lbccAq5lg==JvnnsBZ1thFoXXzCDwnqRdaVZ3/Ye+M=
NWG-WGEMA031,Panda Email Protection - 1 Year - 26 to 50 users,Electronic,Email Security,Panda Email Protection,https://partner.leadersystems.com.au/products.html?YgE8CRnxOMQ=bEneO5+OfNL19R6b22wWzw==YOqKdvTzu0lxsoh706uSEInvpIk=
NWG-WGEMA011,Panda Email Protection - 1 Year - 1 to 10 users,Electronic,Email Security,Panda Email Protection,https://partner.leadersystems.com.au/products.html?vIa0vD0A0qM=g+KZiLwY9wUAYNHknMjvPA==2bwn96TsrVAyyfjM0PVy25WVySc=
NWG-WGCLG151,WatchGuard Application Control 1-yr for Firebox Cloud Large,Electronic,Cloud,Firebox Cloud Large,https://partner.leadersystems.com.au/products.html?JIWV/wtWC7M=PTbTAtcY6gaQyiti+AXfug==Xn8E49GUDVXwdGzVq9Z9DzCChD0=
NWG-WGCXL263,WatchGuard Gold Support Renewal/Upgrade 3-yr for Firebox Cloud XLarge,Electronic,Cloud,Firebox Cloud XLarge,https://partner.leadersystems.com.au/products.html?uasw1WlZU58=z7ADjV0/vLPsc5H2OcGsNQ==Q3eTOoIznuoSuL5P6zYChpvx57o=
NWG-WGCXL121,WatchGuard Gateway AntiVirus 1-yr for Firebox Cloud XLarge,Electronic,Cloud,Firebox Cloud XLarge,https://partner.leadersystems.com.au/products.html?CdB2j0DusyY=3rcljk30Y2ZBUa/owCp1Kw==BktFUEmhFPk5quYZfG+bVGkFVsk=
NWG-WGVSM353,WatchGuard Total Security Suite Renewal/Upgrade 3-yr for FireboxV Small,Electronic,Virtual,FireboxV Small,https://partner.leadersystems.com.au/products.html?qvQg2BYB+l8=rWZ3kaGhT8wPLzy2sL7MzA==QkBBrcRFq/rNY0vNRVz53SCzDt4=
NWG-WGVSM261,WatchGuard Gold Support Renewal/Upgrade 1-yr for FireboxV Small,Electronic,Virtual,FireboxV Small,https://partner.leadersystems.com.au/products.html?hbjqv6OB4mg=g6dcY/ujaJB27DucV1WMwQ==95sfK4h3TTllOhgIkU2yMK0Gedo=
NWG-WGVSM121,WatchGuard Gateway AntiVirus 1-yr for FireboxV Small,Electronic,Virtual,FireboxV Small,https://partner.leadersystems.com.au/products.html?uuM0T4mnj60=uw7Lw0ysqXk5tjXyY2D0xg==7WdlkNLGEgVHJYWUwjmpPH9jMLk=
NWG-WGVME333,WatchGuard Basic Security Suite Renewal/Upgrade 3-yr for FireboxV Medium,Electronic,Virtual,FireboxV Medium,https://partner.leadersystems.com.au/products.html?139FHcdmrkY=w3NDmYjeBYoEdvSMZqLBvQ==N7H993cHwxrPNahjwhFgh7jzjEo=
NWG-WGVME263,WatchGuard Gold Support Renewal/Upgrade 3-yr for FireboxV Medium,Electronic,Virtual,FireboxV Medium,https://partner.leadersystems.com.au/products.html?zuAEsm7UtAE=G6T2RbVuKn5t0E4/zkMNIA==WFGEmmZMrIGy4XiG5n24fFXe/30=
NWG-WGPTCH30701,Watchguard Endpoint Module - Patch Management - 1 Year - 5001+ licenses,Electronic,Endpoint & Mobile,Patch Management,https://partner.leadersystems.com.au/products.html?k+LbvVKbao8=r3IX3hMjGbiGrscfImSCCA==tO+Wx444gshgPRDtiHci4DA4u3u6vNs=
NWG-WGPTCH30301,Watchguard Endpoint Module - Patch Management - 1 Year - 101 to 250 licenses,Electronic,Endpoint & Mobile,Patch Management,https://partner.leadersystems.com.au/products.html?NMdkGs2pnNY=TsghmNTRtkImkiRguN5Qfg==pbfI+lws2mXT2TFLGmONu5kHF5sAYi4=
NWG-WGINSG30501,Watchguard Endpoint Module - Advanced Reporting Tool - 1 Year - 501 to 1000 licenses,Electronic,Endpoint & Mobile,Advanced Reporting Tool,https://partner.leadersystems.com.au/products.html?yA3f6rsHWx4=ucAKpf4osoDqQXA4VUK7Pg==dr6NL8D4aDVle6gymEnfrzECye78QsA=
NWG-WGINSG30403,Watchguard Endpoint Module - Advanced Reporting Tool - 3 Year - 251 to 500 licenses,Electronic,Endpoint & Mobile,Advanced Reporting Tool,https://partner.leadersystems.com.au/products.html?eQaGVV552+w=H/PDnADMgWlTq+A+S4wWqA==AXai6Hx9ZJnMZ8ivLJh1HLI1D27h+hc=
NWG-WGENCR30601,Watchguard Endpoint Module - Full Encryption - 1 Year - 1001 to 5000 licenses,Electronic,Endpoint & Mobile,Full Encryption,https://partner.leadersystems.com.au/products.html?zUZJcozXTNY=Ff+m39GIrEsk/rfYmoyfbQ==sp8eiw+F5i2CVBzammDZtDyoi1sbl3Y=
NWG-WGENCR30101,Watchguard Endpoint Module - Full Encryption - 1 Year - 1 to 50 licenses,Electronic,Endpoint & Mobile,Full Encryption,https://partner.leadersystems.com.au/products.html?g9wsg074KC4=+sHgH7PG10amrD2RMuBRJA==BbrV6sGfT89HrgG1uMUjF5g4+SQTAak=
NWG-WGATH30501,WatchGuard AuthPoint - 1 Year - 501 to 1000 Users - License Per User,Electronic,Identity & Access,AuthPoint,https://partner.leadersystems.com.au/products.html?TdKLMfiUnn0=1qV+NV15w2FurQ0iaax1QQ==FnjIP5bf27Yc0fKu7T7BAKj7OoeKLQ==
NWG-WGDNS30201,WatchGuard DNSWatchGO - 1 Year - 51 to 100 Users - License Per User,Electronic,Endpoint & Mobile,DNSWatchGO,https://partner.leadersystems.com.au/products.html?JvN6KYvJqlA=9ZnGkeLDvBh92EMXeb4W3w==FvPq451bWn1syhYnmIaBrPTT3IUtXg==
NWG-WGDNS30503,WatchGuard DNSWatchGO - 3 Year - 501 to 1000 Users - License Per User,Electronic,Endpoint & Mobile,DNSWatchGO,https://partner.leadersystems.com.au/products.html?9e1sljH9tj8=l00BcSjX/Z6XImDTKtQUCg==VPjVDnK5EtBqniiZFrhSpnOBxUf0pA==
NWG-WGPSP30303,WatchGuard Passport (EPDR + AuthPoint + DNSWatchGO) - 3 Year - 101 to 250 Users - License Per User,Electronic,Endpoint & Mobile,Passport,https://partner.leadersystems.com.au/products.html?Hnm9Q/A6YWQ=TJWy4FgquM6+5G3X3F0P3g==rVe+j2B7WcyEa/deJZJYl33SsigB8w==
NWG-WGVME111,WatchGuard spamBlocker 1-yr for FireboxV Medium,Electronic,Virtual,FireboxV Medium,https://partner.leadersystems.com.au/products.html?wZPX6qiU2qM=xCafPGfcmhUQxhp/DThCZw==zIk4dztSihn26WasLhQoMtJr8KE=
NWG-WGVLG351,WatchGuard Total Security Suite Renewal/Upgrade 1-yr for FireboxV Large,Electronic,Virtual,FireboxV Large,https://partner.leadersystems.com.au/products.html?0ECRfgmU5jU=Es/8wUMTTkD02jmfLN98Xg==IlUROUN66X0jagw8zDbaeqw2JGA=
NWG-WGVLG173,WatchGuard APT Blocker 3-yr for FireboxV Large,Electronic,Virtual,FireboxV Large,https://partner.leadersystems.com.au/products.html?ptMFf4Rwb2w=EQhwoGgOUu51pGZ5KympGQ==VGlZh/a/savw0yezBvpTQYEt8MI=
NWG-WGVLG101,WatchGuard WebBlocker 1-yr for FireboxV Large,Electronic,Virtual,FireboxV Large,https://partner.leadersystems.com.au/products.html?rutJZkIpOVQ=DfF9bcy14X1D9VRATu5Uvg==r9AzI6S1s/KZdaG4DJdxGH7U3Ig=
NWG-WGVXL353,WatchGuard Total Security Suite Renewal/Upgrade 3-yr for FireboxV XLarge,Electronic,Virtual,FireboxV XLarge,https://partner.leadersystems.com.au/products.html?21omelOofxk=igOgJPiaFcu43jfepjgtyg==dOmqeeWwzSMNH6FzTGNAVjsRo/Y=
NWG-WGVXL261,WatchGuard Gold Support Renewal/Upgrade 1-yr for FireboxV XLarge,Electronic,Virtual,FireboxV XLarge,https://partner.leadersystems.com.au/products.html?59863bmvWaQ=mpkSbCaNXV1H0sT2yDjz8A==Sxd0xQlbTbBlNYoIDIJ6JnePBJw=
NWG-WGVXL181,WatchGuard Network Discovery 1-yr for FireboxV XLarge,Electronic,Virtual,FireboxV XLarge,https://partner.leadersystems.com.au/products.html?L8bxOeR6g0s=k4ie4M1QlewYwCIkVIfBOA==24BbjpLyQEA3roWwWK9wrQRm8aM=
NWG-WGCME673,Trade up to WatchGuard Firebox Cloud Medium with 3-yr Total Security Suite,Electronic,Cloud,Firebox Cloud Medium,https://partner.leadersystems.com.au/products.html?7hIbiy8pPhk=xWL+XIH1AxPiUAUST3Pe1A==1I3V9mWjfPemll5r3n3vzg442Es=
NWG-WGCLG671,Trade up to WatchGuard Firebox Cloud Large with 1-yr Total Security Suite,Electronic,Cloud,Firebox Cloud Large,https://partner.leadersystems.com.au/products.html?kgLfM3/snAs=nf2yLTBRWG6Z4SdeIhLIUQ==7NmAEBt9oQVqkXXbOLdmJfxWYq0=
NWG-WGCXL001,WatchGuard Firebox Cloud XLarge with 1-yr Standard Support - Only available to WGOne Silver/Gold Partners,Electronic,Cloud,Firebox Cloud XLarge,https://partner.leadersystems.com.au/products.html?pFZF2adVgnE=XI7nKGt9/V1kPVJ7tSTQww==vxNqYhFn9UnG1K5vcWkyAxsi3WI=
NWG-WGCXL063,Trade up to WatchGuard Firebox Cloud XLarge with 3-yr Basic Security Suite,Electronic,Cloud,Firebox Cloud XLarge,https://partner.leadersystems.com.au/products.html?YE/tzYqQzHU=Fqs3Rr4RORc2EepRR8WWRA==4imVfwPm1vgg4Z3iHKHOoeZ60UY=
NWG-WGVSM061,Trade up to WatchGuard FireboxV Small with 1-yr Basic Security Suite,Electronic,Virtual,FireboxV Small,https://partner.leadersystems.com.au/products.html?IwPXm5gRvdE=ruTUvgxKVtqw0dVZtO93PQ==MuZTwqhpyBlxyBRQRP86NlfOH60=
NWG-WGVME643,WatchGuard FireboxV Medium with 3-yr Total Security Suite,Electronic,Virtual,FireboxV Medium,https://partner.leadersystems.com.au/products.html?NXx/A41RB2I=fLN6K+HECcRZ/8mpC0CXPA==n+j+D6iRw4r/sExV34jglKjbvGQ=
NWG-WGVLG641,WatchGuard FireboxV Large with 1-yr Total Security Suite,Electronic,Virtual,FireboxV Large,https://partner.leadersystems.com.au/products.html?uHBvPkCwkOs=5RIFDkRL7PTNbsmrJaY5Xg==p5dnIrZJUsaJXu8QC6m0rboAE+A=
NWG-WGATH30103,WatchGuard AuthPoint - 3 Year - 1 to 50 Users - License Per User,Electronic,Identity & Access,AuthPoint,https://partner.leadersystems.com.au/products.html?R05awsQMQz8=oOLKgNf8rMnoTIOwnDhl+w==WIWk8i1Ct2z8vkKf5MjjZgze25X0vg==
NWG-WGDNS30601,WatchGuard DNSWatchGO - 1 Year - 1001 to 5000 Users - License Per User,Electronic,Endpoint & Mobile,DNSWatchGO,https://partner.leadersystems.com.au/products.html?23RqIXzERcE=zIeJGTioUjKn1I51/IzXZQ==NgKXuItCMQlS1L/ZFHTdU/6bqUJJ3Q==
NWG-WGDNS30701,WatchGuard DNSWatchGO - 1 Year - 5001+ Users - License Per User,Electronic,Endpoint & Mobile,DNSWatchGO,https://partner.leadersystems.com.au/products.html?8khNNoGMjCE=uGONjdAJImwHGvVp6vbqoA==eqg+wiJBjWaUQkTjwFbiaS43Y2tm3A==
NWG-WGPSP30401,WatchGuard Passport (EPDR + AuthPoint + DNSWatchGO) - 1 Year - 251 to 500 Users - License Per User,Electronic,Endpoint & Mobile,Passport,https://partner.leadersystems.com.au/products.html?zbbYOA7rPtg=TrjeP4t4RReLuDGLBn6JbA==O3pDzsPHnQVcZVNGTx7+QraGRAUECw==
NWG-WGPSP30501,WatchGuard Passport (EPDR + AuthPoint + DNSWatchGO) - 1 Year - 501 to 1000 Users - License Per User,Electronic,Endpoint & Mobile,Passport,https://partner.leadersystems.com.au/products.html?sKcFj86vW8Y=hlJYCg4/NXc555DIqTfzcw==AmdQwdxVQPd3UgnVg446KRHL9wcODg==
NWG-WGPSP30703,WatchGuard Passport (EPDR + AuthPoint + DNSWatchGO) - 3 Year - 5001+ Users - License Per User,Electronic,Endpoint & Mobile,Passport,https://partner.leadersystems.com.au/products.html?C8ofsZiw7KI=Zh+fJSqwBhLkv0zjFMo6Uw==sZK8yiQdo6gh1+uaAZIBDnJrV+9IrQ==
NWG-WGATH30303,WatchGuard AuthPoint - 3 Year - 101 to 250 Users - License Per User,Electronic,Identity & Access,AuthPoint,https://partner.leadersystems.com.au/products.html?bQs0ZBGuUPE=Pe7HI0HKiXWtYpv6IhC8Ew==NDAZLnp51y8VXFI/F9fy6+sRE7TH7A==
NWG-WGATH30403,WatchGuard AuthPoint - 3 Year - 251 to 500 Users - License Per User,Electronic,Identity & Access,AuthPoint,https://partner.leadersystems.com.au/products.html?5nHmE9OLq6s=pnwvF4fS5yS3IJGV2tp4GQ==xpFw36IAHwE29012NFKTRWIz6Cw9Lg==
NWG-WGDNS30103,WatchGuard DNSWatchGO - 3 Year - 1 to 50 Users - License Per User,Electronic,Endpoint & Mobile,DNSWatchGO,https://partner.leadersystems.com.au/products.html?/gd71insGnQ=mZ7jdxrz9KwbOgu+QQkEMw==H91Z+0R4mb9/iZO1G6CG2VP7rOmG8g==
NWG-WGDNS30203,WatchGuard DNSWatchGO - 3 Year - 51 to 100 Users - License Per User,Electronic,Endpoint & Mobile,DNSWatchGO,https://partner.leadersystems.com.au/products.html?j6BF9Tu2WrU=UKgLmvFGKZnLiZZTwN0xKA==9IxniKzksqlDPMYXowmmD4z1KKAldQ==
NWG-WGWFC201,"WatchGuard 1-yr Basic Wi-Fi Renewal/Upgrade, 1 AP",Electronic,Access Points,Wi-Fi Management,https://partner.leadersystems.com.au/products.html?G06/pqv/QCA=IIXG3Qt+3rngamaL/IKw6Q==lKFkMrCCLZCYlh02sZx8AJWWKHA=
NWG-WGVLG673,Trade up to WatchGuard FireboxV Large with 3-yr Total Security Suite,Electronic,Virtual,FireboxV Large,https://partner.leadersystems.com.au/products.html?HL7LSNRJ47I=wnnJYl7yZ2ahEb1/AU5erw==rx5VmPX7mue+xupsb2eA1N2R01A=
NWG-WGVXL031,WatchGuard FireboxV XLarge with 1-yr Basic Security Suite,Electronic,Virtual,FireboxV XLarge,https://partner.leadersystems.com.au/products.html?Z+O76bt71ek=dlb+DC4w8XVwa3aIWQiu7A==Op/Z6y59xszhJVt9SVpfu0nD9AQ=
NWG-WGVXL003,WatchGuard FireboxV XLarge with 3-yr Standard Support - Only available to WGOne Silver/Gold Partners,Electronic,Virtual,FireboxV XLarge,https://partner.leadersystems.com.au/products.html?K5BhIgwLFxk=aTpiYzN4pvrc7TnJTky+cg==jr/mnDQ3G6E0nHi5TvdBxJDaAjc=
NWG-WGMDR30403,WatchGuard Core MDR - 3 Year - 251 to 500 licenses,Electronic,MDR & NDR,Core MDR,https://partner.leadersystems.com.au/products.html?QyeRyqGRp0g=flnPfIXwIc9ro1JrSuqvlA==jUMxHT9jYNG2HbQOS7OB+g59KIS4Ew==
NWG-WGMDR30501,WatchGuard Core MDR - 1 Year - 501 to 1000 licenses,Electronic,MDR & NDR,Core MDR,https://partner.leadersystems.com.au/products.html?1oCWzxTdPpg=O9Eo/cdoIdZ/7h9NeZno3g==Db0g9Dw34uc3gxkFuKMWxgLKDLVMhg==
NWG-WGPTCH30601,Watchguard Endpoint Module - Patch Management - 1 Year - 1001 to 5000 licenses,Electronic,Endpoint & Mobile,Patch Management,https://partner.leadersystems.com.au/products.html?u6212nkhoSY=2tp2RWm8L14qJl/cQ7Ompw==lLnPg7TgxW7/JDgi6aYphrp+LCKzgqs=
NWG-WGINSG30601,Watchguard Endpoint Module - Advanced Reporting Tool - 1 Year - 1001 to 5000 licenses,Electronic,Endpoint & Mobile,Advanced Reporting Tool,https://partner.leadersystems.com.au/products.html?+mDX7uBBkCA=wbyqo02jAeS1RR3b8H+PnA==KP6OGZfUmHTAjxXYfHjmzW1YeZETLog=
NWG-WGENCR30703,Watchguard Endpoint Module - Full Encryption - 3 Year - 5001+ licenses,Electronic,Endpoint & Mobile,Full Encryption,https://partner.leadersystems.com.au/products.html?HkmSzWEJgJE=Z0U+uiHIoL9VQc4JPZn+QQ==gCbXPKuwadw5SbAras1rFDBBEo2RGbI=
NWG-WGENCR30501,Watchguard Endpoint Module - Full Encryption - 1 Year - 501 to 1000 licenses,Electronic,Endpoint & Mobile,Full Encryption,https://partner.leadersystems.com.au/products.html?u+/PQh0AAmU=wEIXKSV93XPDtJNtTzB0Gg==D96wTWxlRr4fAnHht/rik/eJRSvZ6qI=
NWG-WGMDR30101,WatchGuard Core MDR - 1 Year - 1 to 50 licenses,Electronic,MDR & NDR,Core MDR,https://partner.leadersystems.com.au/products.html?HSP6s45R0uA=y9n7NYP07BjEovd0AidKzw==6nOQhnSiojiEaMfP57dcvlqF6udDYQ==
NWG-WGMDR30703,WatchGuard Core MDR - 3 Year - 5001+ licenses,Electronic,MDR & NDR,Core MDR,https://partner.leadersystems.com.au/products.html?TmrlIibgFt4=55gibIWJwuNhK4x3VC+F9Q==Ev97gXrQTxMI9qU6Iz6Fg1QMTfzctA==
NWG-WGCSM061,Trade up to WatchGuard Firebox Cloud Small with 1-yr Basic Security Suite,Electronic,Cloud,Firebox Cloud Small,https://partner.leadersystems.com.au/products.html?hnX6cF5d7wk=hGrlu+0ijpTdD5n+uVGjMw==jiXaidtp+UMi9KQ9jPWj0bOQuBo=
NWG-WGCLG063,Trade up to WatchGuard Firebox Cloud Large with 3-yr Basic Security Suite,Electronic,Cloud,Firebox Cloud Large,https://partner.leadersystems.com.au/products.html?WtYJiFNC8yc=7qadqf8TFHG859q51NuoUQ==1O5UKv2fvw0StmkGAAyfykSIBAs=
NWG-WGCXL671,Trade up to WatchGuard Firebox Cloud XLarge with 1-yr Total Security Suite,Electronic,Cloud,Firebox Cloud XLarge,https://partner.leadersystems.com.au/products.html?7cq5kBreILI=EcUzn1GuY+QyNNrylUJ9TQ==PKeM+qMjxIBtAJPjq81vLNdsuc8=
NWG-WGCXL061,Trade up to WatchGuard Firebox Cloud XLarge with 1-yr Basic Security Suite,Electronic,Cloud,Firebox Cloud XLarge,https://partner.leadersystems.com.au/products.html?HjpQ4ovn/8M=AURk/E+KqFkynlYZ/3wusw==dLz4h3D1kZnjaF7bUAOfrCaTKs0=
NWG-WGVSM001,WatchGuard FireboxV Small with 1-yr Standard Support - Only available to WGOne Silver/Gold Partners,Electronic,Virtual,FireboxV Small,https://partner.leadersystems.com.au/products.html?KoqwlzcJJV8=+iyKkMMERqmcesZkCwUDlA==pudQayv67r4SH5fAS7IhZERN3aE=
NWG-WGVME673,Trade up to WatchGuard FireboxV Medium with 3-yr Total Security Suite,Electronic,Virtual,FireboxV Medium,https://partner.leadersystems.com.au/products.html?4+Z0X/wRDpU=mZAFTYA2fpB0EiTGT4Scxw==SvAGOAfhNQ3rcI0CZQQTkHiOK1U=
NWG-WGVME063,Trade up to WatchGuard FireboxV Medium with 3-yr Basic Security Suite,Electronic,Virtual,FireboxV Medium,https://partner.leadersystems.com.au/products.html?RQK6N+BBZS4=HdRdMXxdfTamojWZ+sza2Q==2zOoJcQUHVIb32s5COp7HHl5JFE=
NWG-WGT26023,WatchGuard Firebox T25-W NFR Hardware,Physical,T-Series,T25-W,https://partner.leadersystems.com.au/products.html?4E9wkNe/KXs=bgleT2afn5MG9p1MWvK1Qw==lTj412IbFYlQnTEl78Rk3WTGaRg=
NWG-WGPTCH30603,Watchguard Endpoint Module - Patch Management - 3 Year - 1001 to 5000 licenses,Electronic,Endpoint & Mobile,Patch Management,https://partner.leadersystems.com.au/products.html?yCyIIbKdV1o=RB9L39iJJiirHWKbnQfJ/A==ePMtaFLFJnvYC++FpRDeg5El4Sil+G8=
NWG-WGPTCH30503,Watchguard Endpoint Module - Patch Management - 3 Year - 501 to 1000 licenses,Electronic,Endpoint & Mobile,Patch Management,https://partner.leadersystems.com.au/products.html?FeCCj7wtUYM=i5ulk//61Xpb5IUy3oNQOw==ds43S+0OJQdc58tDaGQJJx8XXkcHMyE=
NWG-WGINSG30603,Watchguard Endpoint Module - Advanced Reporting Tool - 3 Year - 1001 to 5000 licenses,Electronic,Endpoint & Mobile,Advanced Reporting Tool,https://partner.leadersystems.com.au/products.html?vhXAXkEb+ic=qI/5No8L90i3RawBC59Vdg==BLeKWMJxz+G3P8XdMTt/qGcuN1MYUVk=
NWG-WGENCR30503,Watchguard Endpoint Module - Full Encryption - 3 Year - 501 to 1000 licenses,Electronic,Endpoint & Mobile,Full Encryption,https://partner.leadersystems.com.au/products.html?5gJw2ccqyXQ=30ZsuwoAJCSwzZ6T4AKLug==8bj30oYOI7Ya9oUUTPdb0fd3WKzziSs=
NWG-WGENCR30203,Watchguard Endpoint Module - Full Encryption - 3 Year - 51 to 100 licenses,Electronic,Endpoint & Mobile,Full Encryption,https://partner.leadersystems.com.au/products.html?TBQ+Ib45+QM=1QzW62YolK7sDepdthJUHQ==4wDZzJgzWRcr1jqxAZV2sZ9Y6iCD02Y=
NWG-WGVLG003,WatchGuard FireboxV Large with 3-yr Standard Support - Only available to WGOne Silver/Gold Partners,Electronic,Virtual,FireboxV Large,https://partner.leadersystems.com.au/products.html?tH3sL6/5NLY=AUeZxobkT4CWTCgAsnP0qA==AuWrdvWo2LyhKWn6JejqGKHe+J8=
NWG-WGVXL641,WatchGuard FireboxV XLarge with 1-yr Total Security Suite,Electronic,Virtual,FireboxV XLarge,https://partner.leadersystems.com.au/products.html?WLgk1mY6QYc=44DSMzVTAQv9BPjDMjJQOw==RjYjxgNf8JPMBm1fL7V/RFEV65s=
NWG-WGVXL001,WatchGuard FireboxV XLarge with 1-yr Standard Support - Only available to WGOne Silver/Gold Partners,Electronic,Virtual,FireboxV XLarge,https://partner.leadersystems.com.au/products.html?qDxBWP7e/8g=VrxsnsVFQtait46OCVHb3w==0QUpkeqgr9TkIVZaSP3OgrcTBXs=
NWG-WGTIS30201,WatchGuard AuthPoint Total Identity Security - 1 Year - 51 to 100 users,Electronic,Identity & Access,Total Identity Security,https://partner.leadersystems.com.au/products.html?aJOEhXuYjp4=P2JLVsc6ai5ApNdq+ozrdw==o1//ZKmzhsORmgvh5duuQIXvdK214w==
NWG-WGCLG521,WatchGuard Cloud 1-month data retention for Firebox Cloud Large - 1-yr,Electronic,Cloud,Firebox Cloud Large,https://partner.leadersystems.com.au/products.html?+eS7Ob72ocs=5WBtCQqJ1qurz96NjFcIhQ==Y6JdumxJpLj/7+//rWbRpGKlbL4=
NWG-WGCSM523,WatchGuard Cloud 1-month data retention for Firebox Cloud Small - 3-yr,Electronic,Cloud,Firebox Cloud Small,https://partner.leadersystems.com.au/products.html?WsGH9LgfBko=iJJ1tMmQsXdG/OHIlkZRTQ==KI003t4Dac2lOlX2MkVLi8ll/fE=
NWG-WGCSM521,WatchGuard Cloud 1-month data retention for Firebox Cloud Small - 1-yr,Electronic,Cloud,Firebox Cloud Small,https://partner.leadersystems.com.au/products.html?qvATNY6w6A0=ZLvs7D2ac1uVfXv5PRmSDw==K1O1J3o/c+c+K/jkAiPWJqeSBH0=
NWG-WGTIS30603,WatchGuard AuthPoint Total Identity Security - 3 Year - 1001 to 5000 users,Electronic,Identity & Access,Total Identity Security,https://partner.leadersystems.com.au/products.html?Y8jVCNRorTk=0m18wf/l5Dn3rldfpT4JDA==fLrP68CJ0uGNOFKHzRWE2tfDFbGt/w==
NWG-WGCXL521,WatchGuard Cloud 1-month data retention for Firebox Cloud XLarge - 1-yr,Electronic,Cloud,Firebox Cloud XLarge,https://partner.leadersystems.com.au/products.html?Zt1fojEEl0w=of/nWWztsvOgQSyiYVrjmA==2NxIevd9fZuSOTfLFEbVrHPRSCM=
NWG-WGVXL523,WatchGuard Cloud 1-month data retention for FireboxV XLarge - 3-yr,Electronic,Virtual,FireboxV XLarge,https://partner.leadersystems.com.au/products.html?zVoo6D84GqI=lqEXGTPTQyizUzA+TNrUJw==MxqSaj0Ei2u7TsbD5Uga0mpDY28=
NWG-WGPTCH30201,Watchguard Endpoint Module - Patch Management - 1 Year - 51 to 100 licenses,Electronic,Endpoint & Mobile,Patch Management,https://partner.leadersystems.com.au/products.html?rZwFI3mrRkc=HBKwzATuwbfG73HI/7z5Sw==JWp22GfTDeXTTnnAhcEj57OIoO+yMF8=
NWG-WGPTCH30103,Watchguard Endpoint Module - Patch Management - 3 Year - 1 to 50 licenses,Electronic,Endpoint & Mobile,Patch Management,https://partner.leadersystems.com.au/products.html?iiCsW4rdcic=q3XjlAVbY1bSo6okvVDNJQ==8V9LqQBaL4zuumqLYPThDtkHsbOlseY=
NWG-WGINSG30303,Watchguard Endpoint Module - Advanced Reporting Tool - 3 Year - 101 to 250 licenses,Electronic,Endpoint & Mobile,Advanced Reporting Tool,https://partner.leadersystems.com.au/products.html?Fn0rY0ViITY=0YFjXIZKOV1ajXFQ6XrZ4w==sm7MMNd0i0Ek20zqer1p0bJJYhxPrTo=
NWG-WGINSG30101,Watchguard Endpoint Module - Advanced Reporting Tool - 1 Year - 1 to 50 licenses,Electronic,Endpoint & Mobile,Advanced Reporting Tool,https://partner.leadersystems.com.au/products.html?+fYR2UIXBcw=7v7+pdDB06xDtWjwaDBgig==igEE8jxGEXyjs+7HK/UM0EJSJWvjyBA=
NWG-WGWUM22025,"WatchGuard USP Wi-Fi Management License 5-yr - Renewal/Upgrade, 1 AP",Electronic,Access Points,Wi-Fi Management,https://partner.leadersystems.com.au/products.html?K2wEb0ie2m4=rHRgPzXndR+Iq5I30cbjNw==rX3FnVZRIJA6JPIiQkDsoRJ7HNVA6Q==
NWG-WGWSM00625,"WatchGuard Standard Wi-Fi Management License 5-yr - Renewal, 1 AP",Electronic,Access Points,Wi-Fi Management,https://partner.leadersystems.com.au/products.html?6U6yKeFD3Iw=wEHeAs0h1y9T02DXJsJR6A==b0dgTuGky37yv1M91eN8OKVraqg5nA==
NWG-WGMDR30201,WatchGuard Core MDR - 1 Year - 51 to 100 licenses,Electronic,MDR & NDR,Core MDR,https://partner.leadersystems.com.au/products.html?khfXF1/0588=j8fWhQHa+47QMAYw11EbtA==gFktVn1B52KD3FfLMMcbm9bOFKNFMQ==
NWG-WGMDR30503,WatchGuard Core MDR - 3 Year - 501 to 1000 licenses,Electronic,MDR & NDR,Core MDR,https://partner.leadersystems.com.au/products.html?xXE/gkSDAT0=HpHOLkl7NZrrA8O7Gp9xgA==XKYUksRSFOtgv9fuIAxi96eIV6hIPA==
NWG-WGTIS30103,WatchGuard AuthPoint Total Identity Security - 3 Year - 1 to 50 users,Electronic,Identity & Access,Total Identity Security,https://partner.leadersystems.com.au/products.html?GzJsctPaziw=tnNUbMACqgONyuF5j/BYCQ==l9EinlkicXT5dxhFGroVqSKPFHSLWg==
NWG-WGTIS30303,WatchGuard AuthPoint Total Identity Security - 3 Year - 101 to 250 users,Electronic,Identity & Access,Total Identity Security,https://partner.leadersystems.com.au/products.html?VZMcTabTgIs=L3JIGxLF3btUl1VaZOR/KQ==p6u97eFT+GhxUw10ogjSRFQHHIfAIw==
NWG-WGTIS30701,WatchGuard AuthPoint Total Identity Security - 1 Year - 5001+ users,Electronic,Identity & Access,Total Identity Security,https://partner.leadersystems.com.au/products.html?Uv53k1rwOv8=l2g3FU/7PhgDycJ0cZY61Q==KNFRAIt3Z29C3g8vhhmMCZTz/0hVmQ==
NWG-WGTIS30703,WatchGuard AuthPoint Total Identity Security - 3 Year - 5001+ users,Electronic,Identity & Access,Total Identity Security,https://partner.leadersystems.com.au/products.html?hTBk0bYB+GQ=Ft7gGt166aZcA/8SjDxozQ==zk1mAD5x4xB0O2reafFg8jXwclzQjQ==
NWG-WGMDR30103,WatchGuard Core MDR - 3 Year - 1 to 50 licenses,Electronic,MDR & NDR,Core MDR,https://partner.leadersystems.com.au/products.html?0a3EfR0FBrs=rkCnIWbEAhXjaOfCqrAFPw==4kAUtNYOeiUECfWueWXQ36RBFcLr8w==
NWG-WGMDR30203,WatchGuard Core MDR - 3 Year - 51 to 100 licenses,Electronic,MDR & NDR,Core MDR,https://partner.leadersystems.com.au/products.html?hNEhx/QEUD0=JOt3mXZlcWslyreXdJm1rg==h3mU6E5szVVW9JmlGI9qLv0gl0PIdQ==
NWG-WGMDR30601,WatchGuard Core MDR - 1 Year - 1001 to 5000 licenses,Electronic,MDR & NDR,Core MDR,https://partner.leadersystems.com.au/products.html?pxAMuF/O9MI=JNy+R0wUSg2xKRn6YzKs8Q==qYxw+Qe3fY8M5Lu8qM2hzdVvmz8RDQ==
NWG-WGMDR30701,WatchGuard Core MDR - 1 Year - 5001+ licenses,Electronic,MDR & NDR,Core MDR,https://partner.leadersystems.com.au/products.html?YUaqEPfp1HU=Y5BbH3iM8SZXRt3MOPgbNw==6qLKSHCeqfHNxTCoHBaYaE6eAUEV/A==
NWG-WGEMA041,Panda Email Protection - 1 Year - 51 to 100 users,Electronic,Email Security,Panda Email Protection,https://partner.leadersystems.com.au/products.html?TAKG0+Jmg7k=/OU6dgXJD+bGYb7fUuS4cw==owV5YFff9Aw6LQWdTWbxa7Mvwy8=
NWG-WGEMA023,Panda Email Protection - 3 Year - 11 to 25 users,Electronic,Email Security,Panda Email Protection,https://partner.leadersystems.com.au/products.html?ZhI7FFO1trU=067OwzjVYO55m/Ngub3AUw==EhCHcrNW46jdqN+QPWLXtNe6uFs=
NWG-WGTIS30401,WatchGuard AuthPoint Total Identity Security - 1 Year - 251 to 500 users,Electronic,Identity & Access,Total Identity Security,https://partner.leadersystems.com.au/products.html?3QCCHDqjG9k=uTz89jdrBMGgLzVQan2iHQ==12W7cT5jDHQR/WuB+adDN0g8bHR3ng==
NWG-WGTIS30501,WatchGuard AuthPoint Total Identity Security - 1 Year - 501 to 1000 users,Electronic,Identity & Access,Total Identity Security,https://partner.leadersystems.com.au/products.html?BsSJYYsKPm8=I7JYfPoa6U9rzelvoGq5pw==a4S0xkWvmvCQT0KPLmYGzAjla0//xg==
NWG-WGWUM22023,"WatchGuard USP Wi-Fi Management License 3-yr - Renewal/Upgrade, 1 AP",Electronic,Access Points,Wi-Fi Management,https://partner.leadersystems.com.au/products.html?Lx8HaDt+6Ow=E0RYf6zB6rX4vpxpIhvdsQ==avwe9Q09/UswIBOJ9McAYvop3W7jMQ==
NWG-WGEMA091,Panda Email Protection - 1 Year - 3000+ users,Electronic,Email Security,Panda Email Protection,https://partner.leadersystems.com.au/products.html?IMhP7yCywyw=MB3heD8O3aq9zgLeTFMOlQ==P2LapJei8L1aAZGyVbO9nqnyi9o=
NWG-WGEMA061,Panda Email Protection - 1 Year - 251 to 500 users,Electronic,Email Security,Panda Email Protection,https://partner.leadersystems.com.au/products.html?oWjWSds4U6Y=xA/epNvd6dzRHYaX4p7X2A==mn8ea9eqe5ixzc+mPIeIvlDozjw=
NWG-WGEMA051,Panda Email Protection - 1 Year - 101 to 250 users,Electronic,Email Security,Panda Email Protection,https://partner.leadersystems.com.au/products.html?1o8CXlMZ0+A=sZcB0jxUew3iWXlR4Q182A==3z5S/g0vFYYLsQ/QLfTanEEAc70=
NWG-WGEMA013,Panda Email Protection - 3 Year - 1 to 10 users,Electronic,Email Security,Panda Email Protection,https://partner.leadersystems.com.au/products.html?EztUrtL/OWg=rU+E4gnx8elR40aDEnKroQ==Qf/KCMvwWjaQbznuQJo+Y8sjK9Q=
NWG-WGWSM00621,"WatchGuard Standard Wi-Fi Management License 1-yr - Renewal, 1 AP",Electronic,Access Points,Wi-Fi Management,https://partner.leadersystems.com.au/products.html?hZwN3F6JK3U=dIvK91EHRMlJ2gq2TnxhdA==IP6gPu2Ic5kNmxKjuM2SOIDJDtdYVg==
NWG-WGWUM22021,"WatchGuard USP Wi-Fi Management License 1-yr - Renewal/Upgrade, 1 AP",Electronic,Access Points,Wi-Fi Management,https://partner.leadersystems.com.au/products.html?G0Sz972lYVg=d8zwDxoVMjJjzgyjFCWMtQ==XN97qBM/TIlOryjAEZoD3E/o+nbXTg==
NWG-WGPSP30301,WatchGuard Passport (EPDR + AuthPoint + DNSWatchGO) - 1 Year - 101 to 250 Users - License Per User,Electronic,Endpoint & Mobile,Passport,https://partner.leadersystems.com.au/products.html?yg5MT09bCLw=leRBQ0599p4S5osUSNUnww==Jek8FPn3g3tV+YgytvP+0FVJWA/HZA==
NWG-WGATH30401,WatchGuard AuthPoint - 1 Year - 251 to 500 Users - License Per User,Electronic,Identity & Access,AuthPoint,https://partner.leadersystems.com.au/products.html?Nnutb6OUbM0=cpFBXtanFbPbMTHeBSX4IA==gqwSsTGfHmmgmKHFqBfuWHJU87UWzA==
NWG-WGATH30703,WatchGuard AuthPoint - 3 Year - 5001+ Users - License Per User,Electronic,Identity & Access,AuthPoint,https://partner.leadersystems.com.au/products.html?ohfIeVdoPm4=50gbwdCFZyVX7JJFMxH1oA==jlYcD5ocgo2gETdqjMwP8AloHGkk4g==
NWG-WGDNS30603,WatchGuard DNSWatchGO - 3 Year - 1001 to 5000 Users - License Per User,Electronic,Endpoint & Mobile,DNSWatchGO,https://partner.leadersystems.com.au/products.html?X6IpLkVwxBU=RSGFKswc4dCHQ6TxFPocNA==0DWMc5yHuv7Fi0Lprb256MHiAqNNgg==
NWG-WGPSP30403,WatchGuard Passport (EPDR + AuthPoint + DNSWatchGO) - 3 Year - 251 to 500 Users - License Per User,Electronic,Endpoint & Mobile,Passport,https://partner.leadersystems.com.au/products.html?P/Yv/F9EcFM=3ZlXtBkd8Bc0tULAd9v7IQ==HNx/Hm8pFRIJkhzNGHMhk/1enK/ZEA==
NWG-WGATH30603,WatchGuard AuthPoint - 3 Year - 1001 to 5000 Users - License Per User,Electronic,Identity & Access,AuthPoint,https://partner.leadersystems.com.au/products.html?n2U/MRWr3ks=5MZ0WFA4+YvVDcmM+mjxxg==2H9NVRoD5oQ2HNog+Ibbf/S0DSIcAA==
NWG-WGATH30701,WatchGuard AuthPoint - 1 Year - 5001+ Users - License Per User,Electronic,Identity & Access,AuthPoint,https://partner.leadersystems.com.au/products.html?I//MAQ2bMik=P59YPFUgZ46Xp3juj4z8kA==KLBGisfwUFZb6MgVGh6uMzkTQ5cL6w==
NWG-WGDNS30703,WatchGuard DNSWatchGO - 3 Year - 5001+ Users - License Per User,Electronic,Endpoint & Mobile,DNSWatchGO,https://partner.leadersystems.com.au/products.html?01lW+ED8Qpo=UyVJ7lVRegOJugk+OCRbSg==QBgM1rCz38VzJfVQhz8vR1MinH/XMA==
NWG-WGPSP30503,WatchGuard Passport (EPDR + AuthPoint + DNSWatchGO) - 3 Year - 501 to 1000 Users - License Per User,Electronic,Endpoint & Mobile,Passport,https://partner.leadersystems.com.au/products.html?RpYZKbDdN0E=q21JWWJ9oSeVi0guWjBlSw==hl4ayy76gCQo+afLl5cWUmMNpbqwZw==
NWG-WGPSP30701,WatchGuard Passport (EPDR + AuthPoint + DNSWatchGO) - 1 Year - 5001+ Users - License Per User,Electronic,Endpoint & Mobile,Passport,https://partner.leadersystems.com.au/products.html?YtJBFDlbJ/o=aDjbsNVgKJDqNTwNBaLBjg==UWpPqtE0ycrR9iKExLE2Zs5WvtiADQ==
NWG-WGTIS30403,WatchGuard AuthPoint Total Identity Security - 3 Year - 251 to 500 users,Electronic,Identity & Access,Total Identity Security,https://partner.leadersystems.com.au/products.html?3z7y6+edCg4=qxa9s+FOehqIpJpRU85Org==/Xt4Q93iFs3I3dA8M0cXErnppWURoQ==
NWG-WGTIS30601,WatchGuard AuthPoint Total Identity Security - 1 Year - 1001 to 5000 users,Electronic,Identity & Access,Total Identity Security,https://partner.leadersystems.com.au/products.html?J43a0sC/TA4=LzotObmyUAdYTc51px9f6Q==Eu39NDSl7QwCg6ZJGiHjjdXGVNF23Q==
NWG-WGTIS30503,WatchGuard AuthPoint Total Identity Security - 3 Year - 501 to 1000 users,Electronic,Identity & Access,Total Identity Security,https://partner.leadersystems.com.au/products.html?Rd4jbA5ZnRQ=p25WjC4rzn/JpKNJNTStNg==UfpyJI3mU1uwk2dfEJdCJ5OilnSmuA==
NWG-WGPTCH30501,Watchguard Endpoint Module - Patch Management - 1 Year - 501 to 1000 licenses,Electronic,Endpoint & Mobile,Patch Management,https://partner.leadersystems.com.au/products.html?cs3FX+afPDw=bEA5OLpcsPf9OXOFdOyAaw==8T2/vUm5YRDRlt6cj3MF2pmxajr/vOg=
NWG-WGPTCH30203,Watchguard Endpoint Module - Patch Management - 3 Year - 51 to 100 licenses,Electronic,Endpoint & Mobile,Patch Management,https://partner.leadersystems.com.au/products.html?wxnxyxTSOWM=inBwNjYAOkg2Ns9cMQc4Kw==TZEXmOGyjbk/M8+JOLloGaYkOvOaQnk=
NWG-WGINSG30301,Watchguard Endpoint Module - Advanced Reporting Tool - 1 Year - 101 to 250 licenses,Electronic,Endpoint & Mobile,Advanced Reporting Tool,https://partner.leadersystems.com.au/products.html?moet/A4PsYE=nLCEE5hgM/kW6gbzbg7neg==aZHnHfovcAVce15S4GSx4tbvILG2Nts=
NWG-WGENCR30201,Watchguard Endpoint Module - Full Encryption - 1 Year - 51 to 100 licenses,Electronic,Endpoint & Mobile,Full Encryption,https://partner.leadersystems.com.au/products.html?N+4ZgHuN/hE=pDXLYZWEr/yM1tXezew72A==Nu5PXGCsIRs0DddqFwCJsmfsiAyFYXg=
NWG-WGINSG30703,Watchguard Endpoint Module - Advanced Reporting Tool - 3 Year - 5001+ licenses,Electronic,Endpoint & Mobile,Advanced Reporting Tool,https://partner.leadersystems.com.au/products.html?zgYEP9vsP7A=C690iciEnY3EWC5rHeq40g==wk617iQ7qiQoC61f3nRIzFN9CG4QXqo=
NWG-WGINSG30701,Watchguard Endpoint Module - Advanced Reporting Tool - 1 Year - 5001+ licenses,Electronic,Endpoint & Mobile,Advanced Reporting Tool,https://partner.leadersystems.com.au/products.html?cfcywwLhvn4=JjXoFr5Etc7mG80gVg5SZQ==0WYfHIpNz2NMDuHfnXHgb6Oq8PpvOTE=
NWG-WGINSG30203,Watchguard Endpoint Module - Advanced Reporting Tool - 3 Year - 51 to 100 licenses,Electronic,Endpoint & Mobile,Advanced Reporting Tool,https://partner.leadersystems.com.au/products.html?KTu643n9YJA=96sJYU0r9kxkWVmPa1m3mQ==Gp8I3SDEW0xBXXrKUQQ0JLlDF5uDXiQ=
NWG-WGINSG30103,Watchguard Endpoint Module - Advanced Reporting Tool - 3 Year - 1 to 50 licenses,Electronic,Endpoint & Mobile,Advanced Reporting Tool,https://partner.leadersystems.com.au/products.html?506MoEPlWJc=s5j6+MBuNoQeK3J+sArDSg==/y36UPXAMAgnsDwlavXV4cZJxrGYcd4=
NWG-WGENCR30401,Watchguard Endpoint Module - Full Encryption - 1 Year - 251 to 500 licenses,Electronic,Endpoint & Mobile,Full Encryption,https://partner.leadersystems.com.au/products.html?8vbT72WnZiw=avniypoEVZic88sF2Jt+cw==IQ/LPiveMTCoQFkvxdaIMt5/jlTQe1g=
NWG-WGMDR30301,WatchGuard Core MDR - 1 Year - 101 to 250 licenses,Electronic,MDR & NDR,Core MDR,https://partner.leadersystems.com.au/products.html?kpyiZSqGoC8=HSlz8aqwx6IhPauSXqlkVw==cdGYXlnCrM1vxZMqfH1HDQ2bbYp2tA==
NWG-WGMDR30603,WatchGuard Core MDR - 3 Year - 1001 to 5000 licenses,Electronic,MDR & NDR,Core MDR,https://partner.leadersystems.com.au/products.html?9YNNBttmPOc=4SYU9u5BSjxTwK2BhAmT3g==zuk52Whrh2aVEyvtYFKjlaL+EGEJlQ==
NWG-WGMDR30303,WatchGuard Core MDR - 3 Year - 101 to 250 licenses,Electronic,MDR & NDR,Core MDR,https://partner.leadersystems.com.au/products.html?vKHVfdvHSFs=WW0CARDTTBiAHzmLRJrArg==KPUZssb0CiZhssDucNja650Xm+LIJQ==
NWG-WGMDR30401,WatchGuard Core MDR - 1 Year - 251 to 500 licenses,Electronic,MDR & NDR,Core MDR,https://partner.leadersystems.com.au/products.html?2Tb5VupbbSw=uIHff+MWhZ/mu6PYSe7+OQ==PuXMeLqAiNyPRTkhCGAye8dfCSGaQA==
NWG-WGTIS30301,WatchGuard AuthPoint Total Identity Security - 1 Year - 101 to 250 users,Electronic,Identity & Access,Total Identity Security,https://partner.leadersystems.com.au/products.html?6YoiVhM0/1g=oxPtB6PmLYmCzdk0i3bJbQ==iztTRGHU6/oN96is33z2hexyRvSHuA==
NWG-WGTIS30101,WatchGuard AuthPoint Total Identity Security - 1 Year - 1 to 50 users,Electronic,Identity & Access,Total Identity Security,https://partner.leadersystems.com.au/products.html?+rWdBh1B8O4=rbXfTV1ROhruMQar32jdPg==Mi72gBuAkUtHMxz1yV/iC+LZdcHIrw==
NWG-WGTIS30203,WatchGuard AuthPoint Total Identity Security - 3 Year - 51 to 100 users,Electronic,Identity & Access,Total Identity Security,https://partner.leadersystems.com.au/products.html?lCp7BNmgQbo=chPSKx6yljmf72KSqgoA3A==4OGCxc0UdRAz2qPX4YvyUDAoWqbYWg==
NWG-WGWSM00623,"WatchGuard Standard Wi-Fi Management License 3-yr - Renewal, 1 AP",Electronic,Access Points,Wi-Fi Management,https://partner.leadersystems.com.au/products.html?+oV10MM9FiY=u/KjCn3jCMvSDRHSsF14DA==s5KjsWk/MGdvybYAlXdfraEIDRoEbQ==
NWG-WGCR20301,WatchGuard Compliance Reporting - 1 Year - 101 to 250 licenses,Electronic,Reporting & Visibility,Compliance Reporting,https://partner.leadersystems.com.au/products.html?RDYue72oLmM=Z3AU1jenz3tuPRqx+L2lxQ==sKPZcgYiGBXOXzgNG3+qOgOYSwv5
NWG-WGCR20303,WatchGuard Compliance Reporting - 3 Year - 101 to 250 licenses,Electronic,Reporting & Visibility,Compliance Reporting,https://partner.leadersystems.com.au/products.html?pdRvNbiAOMQ=EdvWT/Fv3acBL32nrWj13A==F1vpMT5CIIn4scNJEYLW9tJ8slpl
NWG-WGTSNDR30303,WatchGuard ThreatSync+ NDR - 3 Year - 101 to 250 licenses,Electronic,MDR & NDR,ThreatSync+ NDR,https://partner.leadersystems.com.au/products.html?Z0NBr41kE+w=Esyd//ddbT9l0iN2G2e/Bg==MFda/JL1HPf4fLudqk/QdM967A29FG/u
NWG-WGCR20201,WatchGuard Compliance Reporting - 1 Year - 51 to 100 licenses,Electronic,Reporting & Visibility,Compliance Reporting,https://partner.leadersystems.com.au/products.html?dPTBaib62oE=T0r8BCufCRUwdeORhLdMSQ==/WL25HQfO3qJbN3+dw5O8dAsgdcO
NWG-WGCR20401,WatchGuard Compliance Reporting - 1 Year - 251 to 500 licenses,Electronic,Reporting & Visibility,Compliance Reporting,https://partner.leadersystems.com.au/products.html?GenROJS1nl0=/lSv8THIQP1U1a2k7sVyUw==tKH8oJJ2kuXUXBaMJxkTm89PozVG
NWG-WGCR20203,WatchGuard Compliance Reporting - 3 Year - 51 to 100 licenses,Electronic,Reporting & Visibility,Compliance Reporting,https://partner.leadersystems.com.au/products.html?ayrC8F28TP8=y2rHQBl3mITdnX8RqmH4qg==XenFDE2v6anwPC7BWHqu7piLa6dm
NWG-WGCR20403,WatchGuard Compliance Reporting - 3 Year - 251 to 500 licenses,Electronic,Reporting & Visibility,Compliance Reporting,https://partner.leadersystems.com.au/products.html?8DvQnSPotrk=lVV1rMF+76neKzEO/h1o1g==Nj4AogYfdawo+3jPz8T33NU5Lcay
NWG-WGTSSAAS30103,WatchGuard ThreatSync+ SAAS - 3 Year - 1 to 50 licenses,Electronic,MDR & NDR,ThreatSync+ SaaS,https://partner.leadersystems.com.au/products.html?CmcivCDTKys=5fLMkkeIqVWyi41mMKbS3A==DwgcL9WkA0XBAvcrzvgwFvEW9XqmDzVPFw==
NWG-WGTSSAAS30301,WatchGuard ThreatSync+ SAAS - 1 Year - 101 to 250 licenses,Electronic,MDR & NDR,ThreatSync+ SaaS,https://partner.leadersystems.com.au/products.html?3hLe1kZckUI=j0hnTRe67ZtCE+S63i8pxQ==k+56OhtZpc6R1ARc4535HAlYfu37sj5grw==
NWG-WGSIEM30301,WatchGuard SIEMFeeder - 1 Year - 101 to 250 licenses,Electronic,Reporting & Visibility,SIEMFeeder,https://partner.leadersystems.com.au/products.html?1L8DvH2BfgI=snuHuOHgzMEz6435gVCzMQ==qKlXXw9RuyuOqt75dYwjTE7aam37TZ4=
NWG-WGSIEM30603,WatchGuard SIEMFeeder - 3 Year - 1001 to 5000 licenses,Electronic,Reporting & Visibility,SIEMFeeder,https://partner.leadersystems.com.au/products.html?XMbNoluwgFs=tOKVuTbjowaC4zxsF/84zQ==df4fqx0fn8Orx+opRbf+MAivdwUqU5Q=
NWG-WGVMC261,WatchGuard Gold Support Renewal/Upgrade 1-yr for FireboxV Micro,Electronic,Virtual,FireboxV Micro,https://partner.leadersystems.com.au/products.html?ptAOGQMbEK4=j2Gsws08ug29ICt/BeI4Tw==F+dkbmmqIBMM4dSwd+Z/ZZsJB7Q=
NWG-WGTSSAAS30303,WatchGuard ThreatSync+ SAAS - 3 Year - 101 to 250 licenses,Electronic,MDR & NDR,ThreatSync+ SaaS,https://partner.leadersystems.com.au/products.html?eEK/raT0q8I=BYF95L2eQdjS2PPPxd3yNg==AqH0VHJrsQEXmbXoaov+vhnVpvSAEh/2tw==
NWG-WGTSFS30101,WatchGuard Orion - 1 Year - 1 to 50 licenses,Electronic,MDR & NDR,Orion,https://partner.leadersystems.com.au/products.html?zihOOCEjKUw=Del7yrwKjzhISGAFco9bxQ==invUVimPPypRCHhPTtNWH1bdpggiVYI=
NWG-WGTSFS30201,WatchGuard Orion - 1 Year - 51 to 100 licenses,Electronic,MDR & NDR,Orion,https://partner.leadersystems.com.au/products.html?TGEXntAFbus=EBL4dxUDgnTN0fLsMVpzyA==uU/no5YY/yuonT1YSawnc1bOz+HUwlI=
NWG-WGVMC641,WatchGuard FireboxV Micro with 1-yr Total Security Suite,Electronic,Virtual,FireboxV Micro,https://partner.leadersystems.com.au/products.html?+jacoZr9PgI=596fN8ZE70baZPfJ50M9ww==/SCbcfR0qfUDIN6NoAxD+VUd53I=
NWG-WGTSFS30503,WatchGuard Orion - 3 Year - 501 to 1000 licenses,Electronic,MDR & NDR,Orion,https://partner.leadersystems.com.au/products.html?zi5LJlFtNlE=Mn/lzR15IaPNVpzEzxNJBw==jzh2o7N2J73YHI8KLxQSm3MynX1QRkk=
NWG-WGTSFS30603,WatchGuard Orion - 3 Year - 1001 to 5000 licenses,Electronic,MDR & NDR,Orion,https://partner.leadersystems.com.au/products.html?D/UlXmZaSlw=o8ufSYR6BWVWwPWiNhswDA==ImDQsCurobnHwXcapQxqspraekGnxUA=
NWG-WGTSFS30301,WatchGuard Orion - 1 Year - 101 to 250 licenses,Electronic,MDR & NDR,Orion,https://partner.leadersystems.com.au/products.html?7HqNmLmjnxU=XoctGiUu6oFNvtZPMRrpwQ==H/mmO16TPmtnodsnQyaaX0zsY2Y76GY=
NWG-WGTSFS30501,WatchGuard Orion - 1 Year - 501 to 1000 licenses,Electronic,MDR & NDR,Orion,https://partner.leadersystems.com.au/products.html?N1YvJidkvqI=sOTMpTM6lRKv7dRymfbV6A==avZ4HaMuylmBQ1wrqWK0XGIBIt5Pjas=
NWG-WGTSFS30701,WatchGuard Orion - 1 Year - 5001+ licenses,Electronic,MDR & NDR,Orion,https://partner.leadersystems.com.au/products.html?CczXNRa29gM=H1dUJHHTFoXDYA8y5wGNNA==Sp+mlTfTBLYmjfCioh5N4bVZ4lTUM6Y=
NWG-WGSIEM30303,WatchGuard SIEMFeeder - 3 Year - 101 to 250 licenses,Electronic,Reporting & Visibility,SIEMFeeder,https://partner.leadersystems.com.au/products.html?NsNf+ww139Y=+pWIIAL/2nKnRIaLEc92+w==ufFy+lN37YSvkgXDk332lxWULzKmFhM=
NWG-WGSIEM30401,WatchGuard SIEMFeeder - 1 Year - 251 to 500 licenses,Electronic,Reporting & Visibility,SIEMFeeder,https://partner.leadersystems.com.au/products.html?7J4exk6xHzE=etGWLYqOQzADYzKY72twhA==wJt4r+rFQuHAp8hSY0W44vFNdT5Eds0=
NWG-WGVMC031,WatchGuard FireboxV Micro with 1-yr Basic Security Suite,Electronic,Virtual,FireboxV Micro,https://partner.leadersystems.com.au/products.html?s1v9q2jtbXU=8KsD3j0nLMKnpBTCIf19wA==++HmTC6Bs3IG3atHgPRPGbs3lhA=
NWG-WGVMC033,WatchGuard FireboxV Micro with 3-yr Basic Security Suite,Electronic,Virtual,FireboxV Micro,https://partner.leadersystems.com.au/products.html?b16/BgvJyOI=ZPClQKTO2HKy6R4FZvdpKA==9cPwdij7x//sHTTmtXpMIERN2QM=
NWG-WGFCI30101,WatchGuard FireCloud Internet Access - 1 Year - 1 to 50 licenses,Electronic,FireCloud,FireCloud Internet Access,https://partner.leadersystems.com.au/products.html?7OkAslenr3Y=bCS4fgMvFM4W53qieQTP7g==ujXrOdgzOPtq8xRimjGvwISHXiblcQ==
NWG-WGFCI30701,WatchGuard FireCloud Internet Access - 1 Year - 5001+ licenses,Electronic,FireCloud,FireCloud Internet Access,https://partner.leadersystems.com.au/products.html?rewNbwS/fIo=9OvAy71Ua+ZIr8vvm3UwdQ==eQf7kPdYH1R0N2NipS4eYmmZhHBK2w==
NWG-WGFCI30703,WatchGuard FireCloud Internet Access - 3 Year - 5001+ licenses,Electronic,FireCloud,FireCloud Internet Access,https://partner.leadersystems.com.au/products.html?QA7FOxMBlvI=CWQk/loWISRfQ+vIfk2gNg==Fu0q070qcPTQ4AFvsY4gR+h2dl++LQ==
NWG-WGSIEM30101,WatchGuard SIEMFeeder - 1 Year - 1 to 50 licenses,Electronic,Reporting & Visibility,SIEMFeeder,https://partner.leadersystems.com.au/products.html?VGRQMzlPWJw=99R7FI7HRidzUaG111EQzQ==l3QN6HfJYuiiYZtuaVk0YA2ZG7bNDHE=
NWG-WGSIEM30703,WatchGuard SIEMFeeder - 3 Year - 5001+ licenses,Electronic,Reporting & Visibility,SIEMFeeder,https://partner.leadersystems.com.au/products.html?bvyhgpwZhjs=T0IHwvrEpfwlIrHUfwB/+w==5yYKb/74n5c2/FmmbRX+i3Vm9BDYk2k=
NWG-WGVMC003,WatchGuard FireboxV Micro with 3-yr Standard Support,Electronic,Virtual,FireboxV Micro,https://partner.leadersystems.com.au/products.html?EGrrczIYBaI=GmyOOBriDSoLsNsqDqX5Vg==6D07EBHVuFPBsokmaEj+1RQv4aA=
NWG-WGVMC331,WatchGuard Basic Security Suite Renewal/Upgrade 1-yr for FireboxV Micro,Electronic,Virtual,FireboxV Micro,https://partner.leadersystems.com.au/products.html?e+lH2heqOn8=Nn6Fu91wLYz7dRaQSD2SHQ==gikKJfjyWH4tSYVQwC6FwP4vgNU=
NWG-WGFCI30503,WatchGuard FireCloud Internet Access - 3 Year - 501 to 1000 licenses,Electronic,FireCloud,FireCloud Internet Access,https://partner.leadersystems.com.au/products.html?pGx6QyCgYSo=BVNO01iFYc6s6w8AMLx8dg==1mFdo9ONfkU9jXh+Qm+hWdgDuLzxiQ==
NWG-WGFCI30603,WatchGuard FireCloud Internet Access - 3 Year - 1001 to 5000 licenses,Electronic,FireCloud,FireCloud Internet Access,https://partner.leadersystems.com.au/products.html?GaNRxhmmrkE=C2fPetNr8jLZ3uz5HNiwng==36feevhxZeWRc14ddhdnj0g7UodboQ==
NWG-WGTSFS30103,WatchGuard Orion - 3 Year - 1 to 50 licenses,Electronic,MDR & NDR,Orion,https://partner.leadersystems.com.au/products.html?mIVC8zx5/NA=IzfRCzjfZBEGP8LSwYi1FQ==9vfT3UKHi2MuAXXVTAzqtVwtUWfmvsQ=
NWG-WGTSFS30303,WatchGuard Orion - 3 Year - 101 to 250 licenses,Electronic,MDR & NDR,Orion,https://partner.leadersystems.com.au/products.html?NnV2RFnNEl8=XB53z+2vHxDQDcaf3JIdEQ==hm/4DnV8MXUo74OX1yAD7xJnQO3zktA=
NWG-WGMDRM30403,WatchGuard Core MDR for Microsoft - 3 Year - 251 to 500 licenses,Electronic,MDR & NDR,Core MDR for Microsoft,https://partner.leadersystems.com.au/products.html?mRdSEjV7Ruo=CYqcGi2Gv1nFmc9UdaJIvQ==5rWhXDX0xFCOWGqIt3N3K07icLxGSSA=
NWG-WGMDRM30203,WatchGuard Core MDR for Microsoft - 3 Year - 51 to 100 licenses,Electronic,MDR & NDR,Core MDR for Microsoft,https://partner.leadersystems.com.au/products.html?xZgnQo9tIrU=s8diqiYMHSr940JgC/tKlQ==i1L3+mkR/ZznwCfzSCXSPnyyVkAG7g0=
NWG-WGA130000,WatchGuard AP130 Appliance Only – License Not Included (Requires Separate WG License Purchase),Physical,Access Points,AP130,https://partner.leadersystems.com.au/products.html?2/oTvkMemt0=4tGZKg8JOUN+NFXrWC33oQ==zuCroEQPG/TkmPB7rnHCfZfD3+hN
NWG-WGM390000,WatchGuard Firebox M390 Appliance Only – License Not Included (Requires Separate WG License Purchase),Physical,M-Series,M390,https://partner.leadersystems.com.au/products.html?pGxLJEkfbJ0=F9/3VQuIyFE2FP13C2KA9A==znjTt7N+wyENFjHEACeQNuZ0hS9h
NWG-WGT26000,WatchGuard Firebox T25-W Appliance Only – License Not Included (Requires Separate WG License Purchase),Physical,T-Series,T25-W,https://partner.leadersystems.com.au/products.html?rOpOvbv3GnU=rAbwVNHis8UoLQkj/1O14A==WKbE1GsJvKHCuJ9CPnC6mSB5rFY=
NWG-WGT490081,WatchGuard Total Security Suite for Firebox T45-CW - 1-Year (License ONLY; HW SKU: WGT49000-AU),Electronic,T-Series,T45-CW,https://partner.leadersystems.com.au/products.html?KMckIckRyGk=Mzf36YFUwSrzz4FBn593yQ==Pa6DTey4vbDlNx7PN76qRip54cRg
NWG-WGT490073,WatchGuard Basic Security Suite for Firebox T45-CW - 3-Year (License ONLY; HW SKU: WGT49000-AU),Electronic,T-Series,T45-CW,https://partner.leadersystems.com.au/products.html?TRvZJVEHJIw=s97RT1xfuB13NM8+tPgwJQ==XWuKCnfclXcGCyPtoFwUYL8FCZwb
NWG-WGT480205,Trade Up to WatchGuard Basic Security Suite for Firebox T45-W-PoE - 5-Year (License ONLY; HW SKU: WGT48000-AU),Electronic,T-Series,T45-W-PoE,https://partner.leadersystems.com.au/products.html?V8MLheK0K14=pmfAR7KJ9ORAieXkuu2fMQ==6XW7O5RFs8Utvcw8Wt32UCX8zASS
NWG-WGT480081,WatchGuard Total Security Suite for Firebox T45-W-PoE - 1-Year (License ONLY; HW SKU: WGT48000-AU),Electronic,T-Series,T45-W-PoE,https://partner.leadersystems.com.au/products.html?ZdaYCw9I56o=TcIA4x4eUufm2eZNUF6aNg==9iiiVSdRbheUvPQsgXwYSg7Ab+OD
NWG-WGT480063,WatchGuard Standard Support for Firebox T45-W-PoE - 3-Year (License ONLY; HW SKU: WGT48000-AU),Electronic,T-Series,T45-W-PoE,https://partner.leadersystems.com.au/products.html?JvvUJ1bmLFI=qGb9eP7ZdJjv/AOKCoiCwQ==dQMpojLB8320omKhYckGUFH44bA7
NWG-WGT470085,WatchGuard Total Security Suite for Firebox T45-PoE - 5-Year (License ONLY; HW SKU: WGT47000-AU),Electronic,T-Series,T45-PoE,https://partner.leadersystems.com.au/products.html?YnFqV0eZ32w=yHzBzDKvyNoy3bDf+J77aQ==g+ZaIGHz1KGYzzUhvdVZeyoqgGsD
NWG-WGMDRM30701,WatchGuard Core MDR for Microsoft - 1 Year - 5001+ licenses,Electronic,MDR & NDR,Core MDR for Microsoft,https://partner.leadersystems.com.au/products.html?AxHcnf9KaDI=PHfVqleXjbb5ighXoKEcgw==oHA4bfgSeyd5qPKlg3FP1NqL5XyWknA=
NWG-WGT470065,WatchGuard Standard Support for Firebox T45-PoE - 5-Year (License ONLY; HW SKU: WGT47000-AU),Electronic,T-Series,T45-PoE,https://partner.leadersystems.com.au/products.html?PV2YmTrGa+Y=GBS7Dir4EIFbZzyyk+5Xzg==hfaM4K51On86DjB8ESwulkWAHaRT
NWG-WGTSNDR30403,WatchGuard ThreatSync+ NDR - 3 Year - 251 to 500 licenses,Electronic,MDR & NDR,ThreatSync+ NDR,https://partner.leadersystems.com.au/products.html?UZgxijhJg0M=dtMhrD8wak+P+91Np3Yopw==eIFMINVrFn7s302ChXModv/Uk68EN9O5
NWG-WGT260211,Trade Up to WatchGuard Total Security Suite for Firebox T25-W - 1-Year (License ONLY; HW SKU: WGT26000),Electronic,T-Series,T25-W,https://partner.leadersystems.com.au/products.html?PytUIkplOoo=qVOvA/tKE5ty1v9CQBL3Vg==48zouRP2YCD2ZG1AK0B/LqGidB1w
NWG-WGT260081,WatchGuard Total Security Suite for Firebox T25-W - 1-Year (License ONLY; HW SKU: WGT26000),Electronic,T-Series,T25-W,https://partner.leadersystems.com.au/products.html?yxOYYECt5nU=ZXF1AC44h3KemndXjvVP1A==1lK86BJYlopuYW082LGEkjcOoVVN
NWG-WGT260065,WatchGuard Standard Support for Firebox T25-W - 5-Year (License ONLY; HW SKU: WGT26000),Electronic,T-Series,T25-W,https://partner.leadersystems.com.au/products.html?1JQPaJO2yd8=IJXnszRxpEMJTz4oHYbgRg==6E2x7tIUJfEuKAn70ZKLEVBIcMDG
NWG-WGVMC173,WatchGuard APT Blocker 3-yr for FireboxV Micro,Electronic,Virtual,FireboxV Micro,https://partner.leadersystems.com.au/products.html?lFUfglkhBbY=EzWrcElzJxm0gbU0ckUUdg==ACB+esv4R6UPdAURUkZG6jlHQxA=
NWG-WGVMC203,WatchGuard Standard Support Renewal 3-yr for FireboxV Micro,Electronic,Virtual,FireboxV Micro,https://partner.leadersystems.com.au/products.html?uVI1F61dbm0=UlWJ/ZHaVYCHDIQbxkEYZw==SOvP8p+SypUNGarpm5T+yQgLJXQ=
NWG-WGFCI30301,WatchGuard FireCloud Internet Access - 1 Year - 101 to 250 licenses,Electronic,FireCloud,FireCloud Internet Access,https://partner.leadersystems.com.au/products.html?B5cqo03HrVw=GUy9d6gjsGYcsrbZG706CA==2hruYHcTHp+MDm8FJAb/ko6po18UMQ==
NWG-WGFCI30501,WatchGuard FireCloud Internet Access - 1 Year - 501 to 1000 licenses,Electronic,FireCloud,FireCloud Internet Access,https://partner.leadersystems.com.au/products.html?YBOZ5M1Q8Ts=s2FBzcOY0/FpxbNo19z84g==N9fB7eE/kj0Zp8uzX7ILyOFGWUbxbA==
NWG-WGT250075,WatchGuard Basic Security Suite for Firebox T25 - 5-Year (License ONLY; HW SKU: WGT25000),Electronic,T-Series,T25,https://partner.leadersystems.com.au/products.html?hmHl4Ip1/2M=MeLiMWDCQNBX6tF5ywGydg==jEQyK97rxFfSKuXQ2FkTsnj3K/rM
NWG-WGM6901603,WatchGuard High Availability for M690 - 3-Year (License ONLY; HW SKU: WGM690000),Electronic,M-Series,M690,https://partner.leadersystems.com.au/products.html?Vm0uZE5Zg0k=Yvhwr30PVE3FZiHo4j2a+w==Q7ZGmIsRDsOhNd4/f/Hn8LaND7+JRg==
NWG-WGM6900211,Trade Up to WatchGuard Total Security Suite for Firebox M690 - 1-Year (License ONLY; HW SKU: WGM690000),Electronic,M-Series,M690,https://partner.leadersystems.com.au/products.html?W9IMIOdYs4g=uJTim8TxD6JKB+nUSWwi6w==VRw+EEyW9qxZ+2ARdA3rxZ4eKg+M7g==
NWG-WGA23022001,USP Wi-Fi Management for WatchGuard AP230W - 1-year (License ONLY; HW SKU: WGA230000),Electronic,Access Points,AP230W,https://partner.leadersystems.com.au/products.html?WyNZhMtABRI=hCDANieOdTFnKi1/dejC6A==dndihxsf/yjDDknsq10QFeyGTrv1Lfs=
NWG-WGM5900083,WatchGuard Total Security Suite for Firebox M590 - 3-Year (License ONLY; HW SKU: WGM590000),Electronic,M-Series,M590,https://partner.leadersystems.com.au/products.html?0HSB1t2VJ+Q=totCQ8Nvf54NQqDs5yfM7A==GhZyHFT/jf3nyy0lzUrQkVYTOuX2rQ==
NWG-WGM3901601,WatchGuard High Availability for M390 - 1-Year (License ONLY; HW SKU: WGM390000),Electronic,M-Series,M390,https://partner.leadersystems.com.au/products.html?enV+fBCHR78=ZTi6lNi4H+pET56GTjUBHQ==Ov5FXOafK8Ii2FsbVKtI/0yw/McWDQ==
NWG-WGM48000,WatchGuard Firebox M4800 Appliance Only – License Not Included (Requires Separate WG License Purchase),Physical,M-Series,M4800,https://partner.leadersystems.com.au/products.html?+LPhE/7lBHk=Oisy267kWTn6ldKuVaBfkg==o3nJNmxzWQROQZSDNwo2WYBJhQM=
NWG-WGM58000,WatchGuard Firebox M5800 Appliance Only – License Not Included (Requires Separate WG License Purchase),Physical,M-Series,M5800,https://partner.leadersystems.com.au/products.html?UMjpuDSZ/Tw=qSKPXPbq/AqEt9dK2aS4Wg==n9FDdzjunpIVsVAZ30mYMUhMixQ=
NWG-WGT490085,WatchGuard Total Security Suite for Firebox T45-CW - 5-Year (License ONLY; HW SKU: WGT49000-AU),Electronic,T-Series,T45-CW,https://partner.leadersystems.com.au/products.html?6O0Qll6f1ZU=3iL39rBJFDvDorl0c3GGyQ==RljU7tiz09hxVWQPyjCe1VreaJ4G
NWG-WGA13022101,Standard Wi-Fi Management for WatchGuard AP130 - 1-year (License ONLY; HW SKU: WGA130000),Electronic,Access Points,AP130,https://partner.leadersystems.com.au/products.html?/AZAT6ENKBA=n3/ZboT8Ka4QriAIAAVc4A==o5WjyhrJn9qXQrz+NVFcpsGGAB8dUzQ=
NWG-WGA13022103,Standard Wi-Fi Management for WatchGuard AP130 - 3-year (License ONLY; HW SKU: WGA130000),Electronic,Access Points,AP130,https://partner.leadersystems.com.au/products.html?YhZtziFhgV4=Cb44N5l5lwdjNgLBM1+w7A==9TM1S+H5PPuHnRjVB1Njt9lJ9n+/4SU=
NWG-WGT480085,WatchGuard Total Security Suite for Firebox T45-W-PoE - 5-Year (License ONLY; HW SKU: WGT48000-AU),Electronic,T-Series,T45-W-PoE,https://partner.leadersystems.com.au/products.html?jcRlgyeSl3U=F0k7zoryA4MyAAiw9EEsrw==lD8SzOXE+9eE3T9caBo8SDWC/33x
NWG-WGM2900073,WatchGuard Basic Security Suite for Firebox M290 - 3-Year (License ONLY; HW SKU: WGM290000),Electronic,M-Series,M290,https://partner.leadersystems.com.au/products.html?Rx/ObST5Ktc=3d7uLLg37ofZ9GKODVT7ow==DalwcILo6DWaeZpvuYixUGBgEEMDCg==
NWG-WGA43222101,Standard Wi-Fi Management for WatchGuard AP432 - 1-year (License ONLY; HW SKU: WGA432000),Electronic,Access Points,AP432,https://partner.leadersystems.com.au/products.html?gu9q9fZ6yWY=yUYGO/ean5fovKqQYHKdnw==c2nLyS4c37Fqe1m2DcmCxfLQUUSiDlc=
NWG-WGA33222101,Standard Wi-Fi Management for WatchGuard AP332CR - 1-year (License ONLY; HW SKU: WGA332000),Electronic,Access Points,AP332CR,https://partner.leadersystems.com.au/products.html?X+Mzbnha26g=/TUKTx+N4S2OfZa12Gl86Q==zKrWn6LoXOBa5nwgADRXHVqYC2EE2/U=
NWG-WGA33022103,Standard Wi-Fi Management for WatchGuard AP330 - 3-year (License ONLY; HW SKU: WGA330000)(License ONLY; HW SKU: WGA330000),Electronic,Access Points,AP330,https://partner.leadersystems.com.au/products.html?H7qq3oH3qow=hS9+7KN4D+mmPDVa09QTsg==VdswLWRDF2I4yzQPcLpKQFkYjP2JqWU=
NWG-WGM48000061,WatchGuard Standard Support for Firebox M4800 - 1-Year (License ONLY; HW SKU: WGM48000),Electronic,M-Series,M4800,https://partner.leadersystems.com.au/products.html?Eo/KsP7bFN8=820OjznrkdSUdzmNYA2Rog==qN8oQvm0rNO4aELIYwwestTSqn2F4Tg=
NWG-WGM480001601,WatchGuard High Availability for M4800 - 1-Year (License ONLY; HW SKU: WGM48000),Electronic,M-Series,M4800,https://partner.leadersystems.com.au/products.html?aZZKLKeVb2Q=vtq0xr7al+XpBCFNqqJRoA==iqzIGJHZCUTfN/i+Y4ad/cTmDjkVWbXq
NWG-WGM58000073,WatchGuard Basic Security Suite for Firebox M5800 - 3-Year (License ONLY; HW SKU: WGM58000),Electronic,M-Series,M5800,https://partner.leadersystems.com.au/products.html?xiDgVbQSltk=I3leqrh2K+sk3DlWvPIHgA==Imxg8af/fBCTyBY6Y8UG/T/zXSrrm64=
NWG-WGT480083,WatchGuard Total Security Suite for Firebox T45-W-PoE - 3-Year (License ONLY; HW SKU: WGT48000-AU),Electronic,T-Series,T45-W-PoE,https://partner.leadersystems.com.au/products.html?Z/jpge+WgK8=XL79u3Jd8mshdDEtZxYLdw==JldreeV9TDbuC6GjWRKM2Q1D7kYq
NWG-WGT480061,WatchGuard Standard Support for Firebox T45-W-PoE - 1-Year (License ONLY; HW SKU: WGT48000-AU),Electronic,T-Series,T45-W-PoE,https://partner.leadersystems.com.au/products.html?CO6RGunVrwI=rKWfweTH/HiaU5w5+u2FgQ==TkMpnoxDNPncJBHQBOhL75KiQogH
NWG-WGT470215,Trade Up to WatchGuard Total Security Suite for Firebox T45-PoE - 5-Year (License ONLY; HW SKU: WGT47000-AU),Electronic,T-Series,T45-PoE,https://partner.leadersystems.com.au/products.html?KN8OQezk+KI=7f6lPUN+rbQyE29y/c9NXA==ksJ6wgrzBHMiwzLOTEA0T8gX0/M8
NWG-WGT470213,Trade Up to WatchGuard Total Security Suite for Firebox T45-PoE - 3-Year (License ONLY; HW SKU: WGT47000-AU),Electronic,T-Series,T45-PoE,https://partner.leadersystems.com.au/products.html?DIfItHdX1e8=ks0AkddA3SM5OZUTpuTh/g==mqBclG85tmscncz10SV37y+awhR6
NWG-WGT470061,WatchGuard Standard Support for Firebox T45-PoE - 1-Year (License ONLY; HW SKU: WGT47000-AU),Electronic,T-Series,T45-PoE,https://partner.leadersystems.com.au/products.html?KgJQcb8qyTA=fy7qAYER9J+kHLNyq0kgKQ==QYQq/5jDyApoGi+pL5lBCDyHNjs/
NWG-WGT260215,Trade Up to WatchGuard Total Security Suite for Firebox T25-W - 5-Year (License ONLY; HW SKU: WGT26000),Electronic,T-Series,T25-W,https://partner.leadersystems.com.au/products.html?8FhlhSlnw4s=oaSey/RaoXu1eX5p5fZKUQ==0RCRPGioxpzyC4WXDQZetvS+hcC5
NWG-WGT260063,WatchGuard Standard Support for Firebox T25-W - 3-Year (License ONLY; HW SKU: WGT26000),Electronic,T-Series,T25-W,https://partner.leadersystems.com.au/products.html?RGBeqcBUYO0=sU9IDPqS8n2CJwLOaT24WQ==rzCuckbMIfq2F3DUH3jkeFEujzA1
NWG-WGT260061,WatchGuard Standard Support for Firebox T25-W - 1-Year (License ONLY; HW SKU: WGT26000),Electronic,T-Series,T25-W,https://partner.leadersystems.com.au/products.html?reDENQizF6U=SpNlIDuPJGO6vaJhiun4ig==59XD///zVlC0BpgavDRMAKwxWmc/
NWG-WGT250061,WatchGuard Standard Support for Firebox T25 - 1-Year (License ONLY; HW SKU: WGT25000),Electronic,T-Series,T25,https://partner.leadersystems.com.au/products.html?dqpsoVNImtQ=YJreiXkR0PJzh3k0FQE/YA==JO6QYwqG6klgcv3MqS4i4QtudMTi
NWG-WGT250023,WatchGuard NFR for Firebox T25 - 3 Year (License ONLY; HW SKU: WGT25000),Electronic,T-Series,T25,https://partner.leadersystems.com.au/products.html?7D8Gtx41ly0=TNnmDoluDo56mpVhHo2LQQ==RdaF7eYSDxujj7gScZo6AdWS+k11
NWG-WGM6900083,WatchGuard Total Security Suite for Firebox M690 - 3-Year (License ONLY; HW SKU: WGM690000),Electronic,M-Series,M690,https://partner.leadersystems.com.au/products.html?Ap+17UC9Fjw=zKemWw2AL3RWAbA36T713g==54yrE3s0HnZ4K0zlaQn6V05rOMLfCw==
NWG-WGM6900073,WatchGuard Basic Security Suite for Firebox M690 - 3-Year (License ONLY; HW SKU: WGM690000),Electronic,M-Series,M690,https://partner.leadersystems.com.au/products.html?AOLoYezUfYo=UfwDbXE79OiLjrDkIcGuew==SohZ77xB7qiAOu6dE7E548Dz1dTJBg==
NWG-WGM3900083,WatchGuard Total Security Suite for Firebox M390 - 3-Year (License ONLY; HW SKU: WGM390000),Electronic,M-Series,M390,https://partner.leadersystems.com.au/products.html?mhjEHW1xBA0=/+/H2nNjyj3KRmHtCOroBQ==HSMtMmLrMytqU6qa43mICMrMmy0Www==
NWG-WGMDRM30201,WatchGuard Core MDR for Microsoft - 1 Year - 51 to 100 licenses,Electronic,MDR & NDR,Core MDR for Microsoft,https://partner.leadersystems.com.au/products.html?qn+cEe4Q3w4=kXIhCZvzGaGlcfCsEqPkhQ==BtzLXI047IbLE2YPiOUe9maM9eYCjQ0=
NWG-WGM3900081,WatchGuard Total Security Suite for Firebox M390 - 1-Year (License ONLY; HW SKU: WGM390000),Electronic,M-Series,M390,https://partner.leadersystems.com.au/products.html?VhfMEcE0rFo=TqpfjxX9sF8DMuVIywlP7w==G0FCUtquYeFTKUZzcOfiD8WT0ARf6A==
NWG-WGM2900071,WatchGuard Basic Security Suite for Firebox M290 - 1-Year (License ONLY; HW SKU: WGM290000),Electronic,M-Series,M290,https://partner.leadersystems.com.au/products.html?N6n3ftGHvVQ=Vn/rdYYVc6r52avAWn++XA==qEHPTNACN2xLVbDMbVoFr4Ok9xym2Q==
NWG-WGM2900063,WatchGuard Standard Support for Firebox M290 - 3-Year (License ONLY; HW SKU: WGM290000),Electronic,M-Series,M290,https://partner.leadersystems.com.au/products.html?f4dRpr7JZ5c=NVs4BrlcN/1QGjjKsiroeA==fQA7ImTIE6my5qt4jJ2px/yt6U+vtA==
NWG-WGA43022103,Standard Wi-Fi Management for WatchGuard AP430CR - 3-year (License ONLY; HW SKU: WGA430000),Electronic,Access Points,AP430CR,https://partner.leadersystems.com.au/products.html?O8dc1ayo7is=S/xaQurebJDVKcmZd65RBg==TSnC1w9G/G9fDrBgV0iBSKtSvVHp4yc=
NWG-WGA43022101,Standard Wi-Fi Management for WatchGuard AP430CR - 1-year (License ONLY; HW SKU: WGA430000),Electronic,Access Points,AP430CR,https://partner.leadersystems.com.au/products.html?6YVlhbqS7gw=l+RQ0KIGfgzjR4G0X5E9Dw==o8d3trQeyNi5hvR5kX8SJpSAazZoOzc=
NWG-WGA33222003,USP Wi-Fi Management for WatchGuard AP332CR - 3-year (License ONLY; HW SKU: WGA332000),Electronic,Access Points,AP332CR,https://partner.leadersystems.com.au/products.html?l49xJROET6A=7tgXH25OkVyx7ACZTBcwng==ddgJAdfg6c/G1JMyD9g0V0CY0eQfsRs=
NWG-WGA33200503,USP Wi-Fi Management for WatchGuard AP332CR NFR - 3-year (License ONLY; HW SKU: WGA332000),Electronic,Access Points,AP332CR,https://partner.leadersystems.com.au/products.html?ZgRhw1mJ0xw=SoWUHZpopkNpZTN9QDaSGg==NMcQjjSh82xhM+3MfXTH+ng4cnb6wm8=
NWG-WGA33022105,Standard Wi-Fi Management for WatchGuard AP330 - 5-year (License ONLY; HW SKU: WGA330000),Electronic,Access Points,AP330,https://partner.leadersystems.com.au/products.html?3wJAPPW/6AA=+VC3HMLf/UUD8IFIu5E43Q==0gw5+/Oq0LPckqQVB7bvyp+zcaZGeao=
NWG-WGM48000063,WatchGuard Standard Support for Firebox M4800 - 3-Year (License ONLY; HW SKU: WGM48000),Electronic,M-Series,M4800,https://partner.leadersystems.com.au/products.html?RMMT35DWIpE=m6KWR7VCWBH/dJZiMyMGBQ==WjkKP0DNDGdn6+K4smBGP1OC0nkZwt8=
NWG-WGM580001603,WatchGuard High Availability for M5800 - 3-Year (License ONLY; HW SKU: WGM58000),Electronic,M-Series,M5800,https://partner.leadersystems.com.au/products.html?urPxy1Rc+tQ=PjtDFumJF0rNpxwEYlLtSA==6zgD3Tif8jbf58Zx3vmAgmimD/d5OZdz
NWG-WGM58000201,Trade Up to WatchGuard Basic Security Suite for M5800 - 1-Year (License ONLY; HW SKU: WGM58000),Electronic,M-Series,M5800,https://partner.leadersystems.com.au/products.html?A2ovxbmKkA8=9tp3nRDKfwV/ueK77QPp6g==FvAL8LyN2nGY3G9bWo2ZBqDedssM+kE=
NWG-WGA332000,WatchGuard AP332CR Appliance Only – License Not Included (Requires Separate WG License Purchase),Physical,Access Points,AP332CR,https://partner.leadersystems.com.au/products.html?DSECZU4I+Bg=mnY5KQhagF7wSOMWBFYuWg==q6eeYOzDl3TxtH72ZjIXBqu5q3ZT
NWG-WGT48000-AU,WatchGuard Firebox T45-W-PoE Appliance Only (AU) – License Not Included (Requires Separate WG License Purchase),Physical,T-Series,T45-W-PoE,https://partner.leadersystems.com.au/products.html?RuUlu1yXlVY=xKf30ghJY72Ul2SqjBsSJg==c3Gs1ZKHjBT1T3MZQ7lf2iUvvOVszw0=
NWG-WGT85000-AU,WatchGuard Firebox T85-PoE Appliance Only (AU) – License Not Included (Requires Separate WG License Purchase),Physical,T-Series,T85-PoE,https://partner.leadersystems.com.au/products.html?NDn5NGI4gkk=RARnXO6NAZ0FNrCW5ILoZQ==11LnJ1kg9GbUGaGa3RHt2voxCUmV8P4=
NWG-WGT490215,Trade Up to WatchGuard Total Security Suite for Firebox T45-CW - 5-Year (License ONLY; HW SKU: WGT49000-AU),Electronic,T-Series,T45-CW,https://partner.leadersystems.com.au/products.html?5vMCfsVcp0Q=wWwDvuVPKGj6Tom5MEvDEw==DJ3uc13nxBaMSdxaI4dT6ubRV1cL
NWG-WGT480213,Trade Up to WatchGuard Total Security Suite for Firebox T45-W-PoE - 3-Year (License ONLY; HW SKU: WGT48000-AU),Electronic,T-Series,T45-W-PoE,https://partner.leadersystems.com.au/products.html?HQI9SNoU2hg=LmV84bk0p+qkCiBeRwOfOQ==VnWT1yu+TdV61jDe09bTYUozBVLX
NWG-WGT480071,WatchGuard Basic Security Suite for Firebox T45-W-PoE - 1-Year (License ONLY; HW SKU: WGT48000-AU),Electronic,T-Series,T45-W-PoE,https://partner.leadersystems.com.au/products.html?Vep7HhbIhSs=tObOv5s7IzNp2f2zbU0O6Q==5/VuEWcQceygB8TX6q8bDX17BzwC
NWG-WGT470081,WatchGuard Total Security Suite for Firebox T45-PoE - 1-Year (License ONLY; HW SKU: WGT47000-AU),Electronic,T-Series,T45-PoE,https://partner.leadersystems.com.au/products.html?NToaWGYhNwM=EfQFjeeT/BMJDd2M1N0nXQ==GNfMHg28yxBGcKTD9y18ThS69u8h
NWG-WGT260083,WatchGuard Total Security Suite for Firebox T25-W - 3-Year (License ONLY; HW SKU: WGT26000),Electronic,T-Series,T25-W,https://partner.leadersystems.com.au/products.html?35JNxcJm/ds=8AIOgSSFxYwtGrSYxBuzUg==A1fB4s5TTjGi1RALTXZpiErx41De
NWG-WGT250083,WatchGuard Total Security Suite for Firebox T25 - 3-Year (License ONLY; HW SKU: WGT25000),Electronic,T-Series,T25,https://partner.leadersystems.com.au/products.html?X25aaeqHos8=REeVP559XBT7iufNicS0Kw==UssPfhdKhmQGJsB3Fwu7r8WhA66k
NWG-WGM6901601,WatchGuard High Availability for M690 - 1-Year (License ONLY; HW SKU: WGM690000),Electronic,M-Series,M690,https://partner.leadersystems.com.au/products.html?802rLT6sn6c=fwSJ3H7QIHvh63Wt1yKJ6w==7rNFBfuosJCbDalb506nz1Vmk/AfLw==
NWG-WGA23022003,USP Wi-Fi Management for WatchGuard AP230W - 3-year (License ONLY; HW SKU: WGA230000),Electronic,Access Points,AP230W,https://partner.leadersystems.com.au/products.html?JmR0I+oXZW0=FRrSpOTXh0H+s55aX4NWug==JEZBuEOH7GtPgg7ZVMePQ3TJiHvp0zM=
NWG-WGM5901601,WatchGuard High Availability for M590 - 1-Year (License ONLY; HW SKU: WGM590000),Electronic,M-Series,M590,https://partner.leadersystems.com.au/products.html?AOCeZUUo748=4kiQitbFWPd9A4sBD5IslQ==4qQoHzw7NEmpPITV4WiZEViRA0mOXw==
NWG-WGM5900073,WatchGuard Basic Security Suite for Firebox M590 - 3-Year (License ONLY; HW SKU: WGM590000),Electronic,M-Series,M590,https://partner.leadersystems.com.au/products.html?AJenKw0xeZ4=HTWJ/ibK0hDQaDuodo7kGg==OGhwWy+22qFHqvI30HcglVdhpK/Nlg==
NWG-WGM5900063,WatchGuard Standard Support for Firebox M590 - 3-Year (License ONLY; HW SKU: WGM590000),Electronic,M-Series,M590,https://partner.leadersystems.com.au/products.html?//KwozJzSko=UErzEkl367YCCn+856zaxA==8YMp2hcNfK0W6WW2zgM1e8zuhjDJrw==
NWG-WGM2900213,Trade Up to WatchGuard Total Security Suite for Firebox M290 - 3-Year (License ONLY; HW SKU: WGM290000),Electronic,M-Series,M290,https://partner.leadersystems.com.au/products.html?uSxeap8D/5k=qfMx/8HQvob7DtHSRpQ71A==KYiSjgrvByM+nrhzSJcOsIDzJoF5Zg==
NWG-WGA43222001,USP Wi-Fi Management for WatchGuard AP432 - 1-year (License ONLY; HW SKU: WGA432000),Electronic,Access Points,AP432,https://partner.leadersystems.com.au/products.html?t1vhgCWnI6U=2Ov4jEc/QgcfmaJhQdJsZg==x5Q1j4/Mb7vlix86ZVphvsT9lAGfoi0=
NWG-WGA33222105,Standard Wi-Fi Management for WatchGuard AP332CR - 5-year (License ONLY; HW SKU: WGA332000),Electronic,Access Points,AP332CR,https://partner.leadersystems.com.au/products.html?utWfUms+/jc=AwdHW3XcJ2Pb+u51Is9FUA==WzW4GK2oQHpPkybTS495CRsRtWA9BHU=
NWG-WGA23022105,Standard Wi-Fi Management for WatchGuard AP230W - 5-year (License ONLY; HW SKU: WGA230000),Electronic,Access Points,AP230W,https://partner.leadersystems.com.au/products.html?h6TYAcsF5M0=hJRxxS6C4Otu7HAzJG8VPQ==PppsXscF2kOcCYXdh6/S6aiWb0+zLvA=
NWG-WGM48000211,Trade Up to WatchGuard Total Security Suite for Firebox M4800 - 1-Year (License ONLY; HW SKU: WGM48000),Electronic,M-Series,M4800,https://partner.leadersystems.com.au/products.html?vvXVUpD4xso=HyGzVRfuNwCvty9xNmYUqg==rpUHWFWlO2T06t11JY7HcdpfcqiAIZc=
NWG-WGM58000061,WatchGuard Standard Support for Firebox M5800 - 1-Year (License ONLY; HW SKU: WGM58000),Electronic,M-Series,M5800,https://partner.leadersystems.com.au/products.html?tb7VOkVfyow=Emmbl8QC6bTY7mtXROF9CA==iSse8s4+2a4cXdgehaxMGapIGv6Lnj0=
NWG-WGM58000071,WatchGuard Basic Security Suite for Firebox M5800 - 1-Year (License ONLY; HW SKU: WGM58000),Electronic,M-Series,M5800,https://partner.leadersystems.com.au/products.html?+wgUt+xoLM8=SSkriInXq8qpp1tRFhQAkw==yYFp0qMXkniVHmkqsA4Pz5ovHwheFu0=
NWG-WGM48000203,Trade Up to WatchGuard Basic Security Suite for Firebox M4800 - 3-Year (License ONLY; HW SKU: WGM48000),Electronic,M-Series,M4800,https://partner.leadersystems.com.au/products.html?Ed1q7u+hPiI=1nrc2Z2eYBHU9Fu6wCORCA==jjDxC0SjzHm9KpColB1btsujuWyg9ZE=
NWG-WGMDRM30301,WatchGuard Core MDR for Microsoft - 1 Year - 101 to 250 licenses,Electronic,MDR & NDR,Core MDR for Microsoft,https://partner.leadersystems.com.au/products.html?qiR8fh7f78k=ccyQWf1Oum+DOKfhdSsy9A==tE/uo2LAm+akhT3UWRB8ZhhRvPQxayY=
NWG-WGMDRM30401,WatchGuard Core MDR for Microsoft - 1 Year - 251 to 500 licenses,Electronic,MDR & NDR,Core MDR for Microsoft,https://partner.leadersystems.com.au/products.html?6tI1f5XFTZE=Dp8vRG0/hlIXb+6i+XHXaQ==sidM6ubI3AobmF0TN2ub+NwqXSTlILc=
NWG-WGMDRM30103,WatchGuard Core MDR for Microsoft - 3 Year - 1 to 50 licenses,Electronic,MDR & NDR,Core MDR for Microsoft,https://partner.leadersystems.com.au/products.html?EBqL2u/X8MI=YwS3SZXhBLRJfID3Za6aZA==R3GLrje4jeT12eUf5JeViUdp2crzQ7Y=
NWG-WGMDRM30303,WatchGuard Core MDR for Microsoft - 3 Year - 101 to 250 licenses,Electronic,MDR & NDR,Core MDR for Microsoft,https://partner.leadersystems.com.au/products.html?0FiL4zlC/1I=P4K4TdjWNjr2iePnwH6zQA==XeGXC8Hm1kX0vHL5YBGEnp6Jd4qTyqM=
NWG-WGA432000,WatchGuard AP432 Appliance Only – License Not Included (Requires Separate WG License Purchase),Physical,Access Points,AP432,https://partner.leadersystems.com.au/products.html?2OMyy7xctHU=O60ZfM+0LLXiTs/V7zm2jA==0nPscwRV0KBMtPcqKtSLyIa+eYIJ
NWG-WGM290000,WatchGuard Firebox M290 Appliance Only – License Not Included (Requires Separate WG License Purchase),Physical,M-Series,M290,https://partner.leadersystems.com.au/products.html?6/gASFNaJkQ=x/doIM1Cccd/JoDo0CTqMw==a1yA2MJpeZrcLyNirDNOGS/IIm+h
NWG-WGT25000,WatchGuard Firebox T25 Appliance Only – License Not Included (Requires Separate WG License Purchase),Physical,T-Series,T25,https://partner.leadersystems.com.au/products.html?K/qA9D8PaPU=rmwh0wDX3MhS4ZFoHxXCKQ==2K+YesDCHo1nqfnG/TG+Qs/xfXs=
NWG-WGT490071,WatchGuard Basic Security Suite for Firebox T45-CW - 1-Year (License ONLY; HW SKU: WGT49000-AU),Electronic,T-Series,T45-CW,https://partner.leadersystems.com.au/products.html?jYNe0XUoHS8=dGy0eXtLofJiM9sMlKIINA==Vc14iy2eRjT6ngDKOKcC1KwetmfR
NWG-WGT490061,WatchGuard Standard Support for Firebox T45-CW - 1-Year (License ONLY; HW SKU: WGT49000-AU),Electronic,T-Series,T45-CW,https://partner.leadersystems.com.au/products.html?qAzeRQaBVnM=48KqXYjcPy2i7mkqLz1NrQ==X8tO3bRIkJeIEGW/fo1ebqN9THBf
NWG-WGA13000503,USP Wi-Fi Management for WatchGuard AP130 NFR - 3-year (License ONLY; HW SKU: WGA130000),Electronic,Access Points,AP130,https://partner.leadersystems.com.au/products.html?Bi6GFtW+m7M=9jJ0iAwSVE5Zz1WHIgnJ6w==5yCeavPBeOzP2OZs0dwnSNwwljIH61I=
NWG-WGT480065,WatchGuard Standard Support for Firebox T45-W-PoE - 5-Year (License ONLY; HW SKU: WGT48000-AU),Electronic,T-Series,T45-W-PoE,https://partner.leadersystems.com.au/products.html?8Ib+qdD3eHY=0Fzh8b9hUupJR7jp7/vc/A==1PxbcHhmTV+0gcHVio0xFL4MgqZa
NWG-WGMDRT30403,WatchGuard Total MDR - 3 Year - 251 to 500 licenses,Electronic,MDR & NDR,Total MDR,https://partner.leadersystems.com.au/products.html?9ZaKixQNmEg=xcuv0Pe5PoIDtk5vZOTgkg==Y20Af8ZZwHvYWSBRGq5m7MMZv/BRTGQ=
NWG-WGMDRT30301,WatchGuard Total MDR - 1 Year - 101 to 250 licenses,Electronic,MDR & NDR,Total MDR,https://partner.leadersystems.com.au/products.html?8u48Qv67ot4=tIu/SSBc5n+kxTzVpor+GQ==tU3zIO/vV3Nh8az8JRKTvTBO0xbLVuo=
NWG-WGT260075,WatchGuard Basic Security Suite for Firebox T25-W - 5-Year (License ONLY; HW SKU: WGT26000),Electronic,T-Series,T25-W,https://partner.leadersystems.com.au/products.html?eXzoVxGtuzA=a/OlR/EImhNzurRRhWqi0Q==rKjUkHuiQtvgAi6oRRM/Hl7TzoYQ
NWG-WGT260071,WatchGuard Basic Security Suite for Firebox T25-W - 1-Year (License ONLY; HW SKU: WGT26000),Electronic,T-Series,T25-W,https://partner.leadersystems.com.au/products.html?WSMwuZlTrNo=/L2YgUxsC/W08qYbEDjOZQ==lzhzU8IOxtUYP1GB6VGnwIC4tb3b
NWG-WGM6900213,Trade Up to WatchGuard Total Security Suite for Firebox M690 - 3-Year (License ONLY; HW SKU: WGM690000),Electronic,M-Series,M690,https://partner.leadersystems.com.au/products.html?jU0d5RV6f7o=KdRQj9ie+C4GtnfWhWFU8w==JQLF5V+LhqbA8jNHLHRYSHdktoGgIQ==
NWG-WGM6900203,Trade Up to WatchGuard Basic Security Suite for Firebox M690 - 3-Year (License ONLY; HW SKU: WGM690000),Electronic,M-Series,M690,https://partner.leadersystems.com.au/products.html?2J2APIb0U+Q=iIVVHKSN+jm2ssfujkRkLA==OSSlXyjCUkAeBQbKtQm1AbRMM7/YIw==
NWG-WGM6900071,WatchGuard Basic Security Suite for Firebox M690 - 1-Year (License ONLY; HW SKU: WGM690000),Electronic,M-Series,M690,https://partner.leadersystems.com.au/products.html?WwKxzFQWirY=l/eu6dBAn/5aujNbsCFAwQ==T22fO9IMGggTTIQLB4d3t7aLLHNgHw==
NWG-WGMDRT30303,WatchGuard Total MDR - 3 Year - 101 to 250 licenses,Electronic,MDR & NDR,Total MDR,https://partner.leadersystems.com.au/products.html?X4rUyswansA=XekyX9JcsKOrpMlX3sv9lQ==8HiQATpRIO0skVWuHRFbT/IlrEPkr58=
NWG-WGM6900063,WatchGuard Standard Support for Firebox M690 - 3-Year (License ONLY; HW SKU: WGM690000),Electronic,M-Series,M690,https://partner.leadersystems.com.au/products.html?OP9ldbKNSUI=QIlawFpUZHixtKPGor92Aw==LZ0Sn8eNVTZfYW83kM/OAvf12gdhuQ==
NWG-WGM3901603,WatchGuard High Availability for M390 - 3-Year (License ONLY; HW SKU: WGM390000),Electronic,M-Series,M390,https://partner.leadersystems.com.au/products.html?ZUtE/C9Zo9w=jzbpy7obbFDN3Rd5p9T1fQ==RbA2ag8ZKZH8mqMzKwuf0+IrzyOnnQ==
NWG-WGM3900071,WatchGuard Basic Security Suite for Firebox M390 - 1-Year (License ONLY; HW SKU: WGM390000),Electronic,M-Series,M390,https://partner.leadersystems.com.au/products.html?/rgwo+0fVws=hR1sZ2yogBvvNdXBOcboIw==zv7oL41r2hmnthuchsi4DyUn0W5MZQ==
NWG-WGM3900061,WatchGuard Standard Support for Firebox M390 - 1-Year (License ONLY; HW SKU: WGM390000),Electronic,M-Series,M390,https://partner.leadersystems.com.au/products.html?CasfzQMvkPg=62+W1rtXa2My1ySqQodNyw==oETPLn1DHFlB+S/oYtRub4oHYW2j5w==
NWG-WGM2900203,Trade Up to WatchGuard Basic Security Suite for Firebox M290 - 3-Year (License ONLY; HW SKU: WGM290000),Electronic,M-Series,M290,https://partner.leadersystems.com.au/products.html?rn5GPDMVDCs=+LjckfYZYe1ok/ZCFtzAAg==LP7jDqnB7ebV0mbf10pshHFU7/KQeQ==
NWG-WGT1850063,WatchGuard Standard Support for Firebox T185 - 3-Year (License ONLY; HW SKU: WGT185000),Electronic,T-Series,T185,https://partner.leadersystems.com.au/products.html?+6OndbxamFQ=vFIaDi3A5bEpFxypatILTg==gUawrWwgaeOhkpIOotzzxwvjzWMlPg==
NWG-WGT18501605,WatchGuard Standard Support for Firebox T185 High Availability - 5-Year (License ONLY; HW SKU: WGT185000),Electronic,T-Series,T185,https://partner.leadersystems.com.au/products.html?0jkBvwBXnZc=qjSzNoRby13ajn367assLA==g42023dAML1LER7ucqiPnTFqBEPnDpg=
NWG-WGM2900081,WatchGuard Total Security Suite for Firebox M290 - 1-Year (License ONLY; HW SKU: WGM290000),Electronic,M-Series,M290,https://partner.leadersystems.com.au/products.html?M0lkGQ7UBk4=SmLc4TKmKr5IbAJxAul1lA==rkkBI4QM1+/0RvLWXirrOIOB521GdA==
NWG-WGA43222103,Standard Wi-Fi Management for WatchGuard AP432 - 3-year (License ONLY; HW SKU: WGA432000),Electronic,Access Points,AP432,https://partner.leadersystems.com.au/products.html?hJ120eczMMA=4ot1prU/D6gXvIY1oBhovw==rzw+mRb4JrJhUuwBXxnAAK/o3zyYPdU=
NWG-WGA43222005,USP Wi-Fi Management for WatchGuard AP432 - 5-year (License ONLY; HW SKU: WGA432000),Electronic,Access Points,AP432,https://partner.leadersystems.com.au/products.html?Nw5fpdWT3d0=sFzFhQFT0+EnaGjpqdHtQw==BTGQtkXa9zhTydFi4KtMvMqmEdzTuyc=
NWG-WGA33222103,Standard Wi-Fi Management for WatchGuard AP332CR - 3-year (License ONLY; HW SKU: WGA332000),Electronic,Access Points,AP332CR,https://partner.leadersystems.com.au/products.html?aUgS2JbBEGo=AX1p+t4zNa13Rh+CNzj9xg==0ZKKPbFxQcQ/6/AcqEkfVt62djg9Df0=
NWG-WGA33222005,USP Wi-Fi Management for WatchGuard AP332CR - 5-year (License ONLY; HW SKU: WGA332000),Electronic,Access Points,AP332CR,https://partner.leadersystems.com.au/products.html?R4XEP3KPzCY=VhqfaMVgb2QSU5msdnncdA==Qy/+94PPL/K15nG3Vi86xXUyA8SGJbw=
NWG-WGA33022101,Standard Wi-Fi Management for WatchGuard AP330 - 1-year (License ONLY; HW SKU: WGA330000),Electronic,Access Points,AP330,https://partner.leadersystems.com.au/products.html?Dzc8rWSVgXs=fTMsW2wo376UdmzoswrNZQ==+EppdQK2UzqXwi7dg+DFhXmdI2HEqTQ=
NWG-WGT1850071,WatchGuard Basic Security Suite for Firebox T185 - 1-Year (License ONLY; HW SKU: WGT185000),Electronic,T-Series,T185,https://partner.leadersystems.com.au/products.html?ZpGRbg9CLks=Va9igbhWaJh3lsaVDZsTBA==0KjXuESvSrzlOuzUDcASWBLTsDetMA==
NWG-WGT1850085,WatchGuard Total Security Suite for Firebox T185 - 5-Year (License ONLY; HW SKU: WGT185000),Electronic,T-Series,T185,https://partner.leadersystems.com.au/products.html?oEFOk17vUy0=GQ01VGPuFOvaUOvhjVhKTw==brTrovwmfzEqPVY6d5xhtpnxOjrbsw==
NWG-WGA33022003,USP Wi-Fi Management for WatchGuard AP330 - 3-year (License ONLY; HW SKU: WGA330000),Electronic,Access Points,AP330,https://partner.leadersystems.com.au/products.html?uVMvG7CuF3Q=CflbY+NvWiSq/NHwLj3ZGA==DOfPwgWfAkowvuYNZcx8U2li6GBHzvw=
NWG-WGM58000081,WatchGuard Total Security Suite for Firebox M5800 - 1-Year (License ONLY; HW SKU: WGM58000),Electronic,M-Series,M5800,https://partner.leadersystems.com.au/products.html?EguCWkzeUBQ=4Bfz6OCLS3ImD+UlJqM0mg==F/GhQKHc/GAiDmHsMMjVmoi/owJtAh0=
NWG-WGM58000211,Trade Up to WatchGuard Total Security Suite for Firebox M5800 - 1-Year (License ONLY; HW SKU: WGM58000),Electronic,M-Series,M5800,https://partner.leadersystems.com.au/products.html?T7lsj+twnt4=D6uKu6Wl9Ue8q3eQsL6lSg==HH1CwQcgW6fEa8RoUcwUn6cn1O4zRCU=
NWG-WGM48000201,Trade Up to WatchGuard Basic Security Suite for M4800 - 1-Year (License ONLY; HW SKU: WGM48000),Electronic,M-Series,M4800,https://partner.leadersystems.com.au/products.html?deDjUTPMcF4=XTSdSjE+9UlHCYXP57cThQ==2aOXjxgQ7hV2MD9GT+DCdAjndR73xXI=
NWG-WGFCT30701,WatchGuard FireCloud Total Access - 1 Year - 5001+ licenses,Electronic,FireCloud,FireCloud Total Access,https://partner.leadersystems.com.au/products.html?aYj3J9kUQ80=KhX/iad0EULp3c890kZc+g==KUnoEPX0XZyJ12qSfubIBQOHh0B/RQ==
NWG-WGFCT30403,WatchGuard FireCloud Total Access - 3 Year - 251 to 500 licenses,Electronic,FireCloud,FireCloud Total Access,https://partner.leadersystems.com.au/products.html?k/KiUrEzWO0=hFJkXblMpJkQfaTdMCDLyw==neDhz9zgtFY5CSd60u90K9voGogcyw==
NWG-WGT1160215,Trade Up to WatchGuard Total Security Suite for Firebox T115-W - 5-Year (License ONLY; HW SKU: WGT116000),Electronic,T-Series,T115-W,https://partner.leadersystems.com.au/products.html?f3P6TsjgnI4=4FIpxZZO+vgVGOY/EqUvBA==rE8hSXGNOi5p0+e+HvlyQAD16mlwRg==
NWG-WGT1260213,Trade Up to WatchGuard Total Security Suite for Firebox T125-W - 3-Year (License ONLY; HW SKU: WGT126000),Electronic,T-Series,T125-W,https://partner.leadersystems.com.au/products.html?ltjYkkNn59U=buOftgGKlCUSnnS3oN0mOA==JQUMPcMeqS1/oOkF3/m3NN2xmtCaSQ==
NWG-WGMDRT30703,WatchGuard Total MDR - 3 Year - 5001+ licenses,Electronic,MDR & NDR,Total MDR,https://partner.leadersystems.com.au/products.html?CWaUGeLWFB8=Y/RTi0uW7mWSwsCj9w/ecw==60bQlIWGtdtz54JAfOyLKN88cZzvmnA=
NWG-WGMDRT30101,WatchGuard Total MDR - 1 Year - 1 to 50 licenses,Electronic,MDR & NDR,Total MDR,https://partner.leadersystems.com.au/products.html?wIaBHZ1BgP8=/xA9zp2QRFCTcEwM9O/x1w==XAwE6A76w/jOowBG9+2m4sb+Qocv65E=
NWG-WGFCT30301,WatchGuard FireCloud Total Access - 1 Year - 101 to 250 licenses,Electronic,FireCloud,FireCloud Total Access,https://partner.leadersystems.com.au/products.html?I2ghyCXu4bY=Slg8GqQ6tHNGkKAWiD35Gw==sGuBk5Wy6/l8sOdw4ra9q0XAqDyMLw==
NWG-WGT1160073,WatchGuard Basic Security Suite for Firebox T115-W - 3-Year (License ONLY; HW SKU: WGT116000),Electronic,T-Series,T115-W,https://partner.leadersystems.com.au/products.html?/8rvX8QInzM=sLa06XQQmpQKorfPm+I3vQ==uyBR0m3TKkw2zAo1FVdzeGF/KIeRsQ==
NWG-WGT1160085,WatchGuard Total Security Suite for Firebox T115-W - 5-Year (License ONLY; HW SKU: WGT116000),Electronic,T-Series,T115-W,https://partner.leadersystems.com.au/products.html?7XZWmQv7AbQ=4FVRqzC87zASxpg+rZzocA==bfoPbAWlLqF9N3r384RQt1uZKDfGfg==
NWG-WGT1250203,Trade Up to WatchGuard Basic Security Suite for Firebox T125 - 3-Year (License ONLY; HW SKU: WGT125000),Electronic,T-Series,T125,https://partner.leadersystems.com.au/products.html?3UnWyoCGw/4=7YjYtlcHMbGmLC2RxEdzzQ==9gPDQJjRU3clEUjagEAH73iGTHKekw==
NWG-WGT1450211,Trade Up to WatchGuard Total Security Suite for Firebox T145 - 1-Year (License ONLY; HW SKU: WGT145000),Electronic,T-Series,T145,https://partner.leadersystems.com.au/products.html?+0TOJjufaz0=fumV/AmIM5PI9gm+f4GNow==twE2j+BKwUfi5y0fHD0s0W5MOKu+ew==
NWG-WGT1450071,WatchGuard Basic Security Suite for Firebox T145 - 1-Year (License ONLY; HW SKU: WGT145000),Electronic,T-Series,T145,https://partner.leadersystems.com.au/products.html?2Is9+epqnfM=gm30ny0N5h9SY1XX07J92g==kT3FvLKFpU3sEOMrzFiZ+4iwJD9R6A==
NWG-WGT145000,WatchGuard Firebox T145 Appliance Only – License Not Included (Requires Separate WG License Purchase),Physical,T-Series,T145,https://partner.leadersystems.com.au/products.html?Z5vNA/x+AX8=eraPmR6WTUVH0nPXDXl9dA==N8FTz2iJznu7zxQ4W5bXgCfLnh3Y
NWG-WGT1250063,WatchGuard Standard Support for Firebox T125 - 3-Year (License ONLY; HW SKU: WGT125000),Electronic,T-Series,T125,https://partner.leadersystems.com.au/products.html?oWv4sToUU9c=2sl5jNLGDV7BytrsTcBqtQ==3Y0qe+l7lb070mGajJJBdzCHbUTCgg==
NWG-WGT1450081,WatchGuard Total Security Suite for Firebox T145 - 1-Year (License ONLY; HW SKU: WGT145000),Electronic,T-Series,T145,https://partner.leadersystems.com.au/products.html?vdysztI8G18=yPcXn/yjwcPYKYkYJQQpHg==OZRg10u7aroeQlMFnSdWLpyjkMqeGQ==
NWG-WGT1460203,Trade Up to WatchGuard Basic Security Suite for Firebox T145-W - 3-Year (License ONLY; HW SKU: WGT146000),Electronic,T-Series,T145-W,https://partner.leadersystems.com.au/products.html?clxuD+Y2nJs=TcT6czgX5xRcyIsCRsRbtQ==KL7WHKvTWQc/vD5tZYYpgARdXws4YQ==
NWG-WGT1460081,WatchGuard Total Security Suite for Firebox T145-W - 1-Year (License ONLY; HW SKU: WGT146000),Electronic,T-Series,T145-W,https://partner.leadersystems.com.au/products.html?xqawB4Z1wOc=/4Lw/fQlZsERlZG9sZsgwA==Z9k74VKnbQNby5jo/8w0bAEnzHLAIA==
NWG-WGT1160075,WatchGuard Basic Security Suite for Firebox T115-W - 5-Year (License ONLY; HW SKU: WGT116000),Electronic,T-Series,T115-W,https://partner.leadersystems.com.au/products.html?LhMdfrp3mBk=pCa0qZAAf0Ggu+LDvWNkHw==M3L3pstN7QzIHa344DcUkV4TQ+xifg==
NWG-WGT1260073,WatchGuard Basic Security Suite for Firebox T125-W - 3-Year (License ONLY; HW SKU: WGT126000),Electronic,T-Series,T125-W,https://partner.leadersystems.com.au/products.html?s/J0yT/0cFs=mEG7R469XuTaJEB8SWUnaA==qBvT0j9bwI73eagFVypr3n09w07uAg==
NWG-WGT1160061,WatchGuard Standard Support for Firebox T115-W - 1-Year (License ONLY; HW SKU: WGT116000),Electronic,T-Series,T115-W,https://partner.leadersystems.com.au/products.html?cKRFPaG9IBs=uqd/o80baWqk6d6rpiwB7Q==iunfdWQ6RnWjIUKCR6JjMi51lFQpkQ==
NWG-WGT1160063,WatchGuard Standard Support for Firebox T115-W - 3-Year (License ONLY; HW SKU: WGT116000),Electronic,T-Series,T115-W,https://partner.leadersystems.com.au/products.html?HYBCa7Dmrbc=nBqzriefwGp+qxeth8EPxg==rn0rHTpnjMkMRKFs2etiNzi1dJER0w==
NWG-WGT1260083,WatchGuard Total Security Suite for Firebox T125-W - 3-Year (License ONLY; HW SKU: WGT126000),Electronic,T-Series,T125-W,https://partner.leadersystems.com.au/products.html?DwyS/z5YH3w=L6+0by98/PN1hjkWiyJPqQ==fv7yJM8Z1e6BZO8QrgTq+HyXhgQNGg==
NWG-WGT1850205,Trade Up to WatchGuard Basic Security Suite for Firebox T185 - 5-Year (License ONLY; HW SKU: WGT185000),Electronic,T-Series,T185,https://partner.leadersystems.com.au/products.html?HdBBAJAmb3c=+tsfknBeZipA1sL0MR0iMw==/j05jv3n0lSCr2hEpW7IOqDDB3XGwQ==
NWG-WGT1850213,Trade Up to WatchGuard Total Security Suite for Firebox T185 - 3-Year (License ONLY; HW SKU: WGT185000),Electronic,T-Series,T185,https://partner.leadersystems.com.au/products.html?3LIXFIao++8=Zn2q2Eqrs08yBBcR8KtuUQ==nkq19oA85NNl+5RDt8PkoyfKbTqcwQ==
NWG-WGTSST30001,WatchGuard Total NDR NFR - 1 year - 1+ license,Electronic,MDR & NDR,Total NDR,https://partner.leadersystems.com.au/products.html?A5edipZUbww=nzArPNu20C3lqheMCTjxFQ==piBHdTJq/m1PaoMhMA2mnQQbLgvzz4w=
NWG-WGTSST30403,WatchGuard Total NDR - 3 Year - 251+ licenses,Electronic,MDR & NDR,Total NDR,https://partner.leadersystems.com.au/products.html?ec3CjC7LZ/M=65nOOM2IHLTmj25e8dpYAg==l7cPbBaYSyslImk3L6frKqtfQmFEjmM=
NWG-WGT1450215,Trade Up to WatchGuard Total Security Suite for Firebox T145 - 5-Year (License ONLY; HW SKU: WGT145000),Electronic,T-Series,T145,https://partner.leadersystems.com.au/products.html?jc5AfjGEi1U=MSe6kzKDwZg2RK3NUrzoeQ==swDyjI3sGsTlh0xK1/AVxfPw1x4g2w==
NWG-WGT1250085,WatchGuard Total Security Suite for Firebox T125 - 5-Year (License ONLY; HW SKU: WGT125000),Electronic,T-Series,T125,https://partner.leadersystems.com.au/products.html?coxYV0WaSjY=ehgpqFJQaDLUGeKaPvfibg==qmDRTpsYEWTziB6kYXkgz1uMv77+FQ==
NWG-WGT1460075,WatchGuard Basic Security Suite for Firebox T145-W - 5-Year (License ONLY; HW SKU: WGT146000),Electronic,T-Series,T145-W,https://partner.leadersystems.com.au/products.html?0QXDLlvn524=X5xwf1FvYurA0fiQDn7w9Q==3onHyfgqtV+pCuyPA2laRzwg1RoM9g==
NWG-WGT1460061,WatchGuard Standard Support for Firebox T145-W - 1-Year (License ONLY; HW SKU: WGT146000),Electronic,T-Series,T145-W,https://partner.leadersystems.com.au/products.html?tKWjWYovsdM=Oit2Rf+JSZfY9wcWLPMVlA==3tWUMUc7wVeIQPZFnbTaZLxfOsCPdg==
NWG-WGTSST30203,WatchGuard Total NDR - 3 Year - 51 to 100 licenses,Electronic,MDR & NDR,Total NDR,https://partner.leadersystems.com.au/products.html?pqzixWx7R5o=Y1tZbBOjM644TB681/nc/Q==DrYQX9hZX9FbarY6G6jg69aLT4A1T1Q=
NWG-WGFCT30103,WatchGuard FireCloud Total Access - 3 Year - 1 to 50 licenses,Electronic,FireCloud,FireCloud Total Access,https://partner.leadersystems.com.au/products.html?Wyg47CDNEqk=bpRqOr/4j6H8nN+7xNQX6g==L51ejWiUj3hSNU0uciNp28IVzYMNZA==
NWG-WGFCT30303,WatchGuard FireCloud Total Access - 3 Year - 101 to 250 licenses,Electronic,FireCloud,FireCloud Total Access,https://partner.leadersystems.com.au/products.html?m2tsmP6l/vw=7ZerJVe1bJTeAy1LfdrtUg==Q7ksohF9SDoJfDl5csDlmcNbpavj+A==
NWG-WGM495000,WatchGuard Firebox M495 Appliance Only – License Not Included (Requires Separate WG License Purchase),Physical,M-Series,M495,https://partner.leadersystems.com.au/products.html?fG+JoNItrc8=60/2dGJW8u9EzPNLBANqMQ==GGWB3xmaQp84KkENjYoBznRHKBpR
NWG-WGM2950203,Trade Up to WatchGuard Basic Security Suite for Firebox M295 - 3-Year (License ONLY; HW SKU: WGM295000),Electronic,M-Series,M295,https://partner.leadersystems.com.au/products.html?Lsn3uj1S96A=QomZvRS7seT/u0t2Lbq1Xg==etHKLYOqYQ+sM6LIFkR75bcdYpulYg==
NWG-WGT1160203,Trade Up to WatchGuard Basic Security Suite for Firebox T115-W - 3-Year (License ONLY; HW SKU: WGT116000),Electronic,T-Series,T115-W,https://partner.leadersystems.com.au/products.html?8qtoDZjFqkk=Sc4HK1oTHTj8pEkmUvK8ng==DAR1SnIEClsT9iy0ZftLmJG0nnnucQ==
NWG-WGT1160211,Trade Up to WatchGuard Total Security Suite for Firebox T115-W - 1-Year (License ONLY; HW SKU: WGT116000),Electronic,T-Series,T115-W,https://partner.leadersystems.com.au/products.html?TfuQWW0LjCg=qiyKnRnwUtg4g30wEA9tVA==zXy5OApHJNyRczUPe+DHRvglIi12Gg==
NWG-WGT116000,WatchGuard Firebox T115-W Appliance Only – License Not Included (Requires Separate WG License Purchase),Physical,T-Series,T115-W,https://partner.leadersystems.com.au/products.html?RdLCCydgUJo=LgXjurUKjpEPlh0C/+tXBg==kfrhkYeRDIsWK3oue1ZRK5hJOjbI
NWG-WGT126000,WatchGuard Firebox T125-W Appliance Only – License Not Included (Requires Separate WG License Purchase),Physical,T-Series,T125-W,https://partner.leadersystems.com.au/products.html?eMq1o8CIROI=ayNP3xEshvyXVCF9JmuMFA==uwerU+27po3bj2wBQagbXG4IjnKF
NWG-WGT1160081,WatchGuard Total Security Suite for Firebox T115-W - 1-Year (License ONLY; HW SKU: WGT116000),Electronic,T-Series,T115-W,https://partner.leadersystems.com.au/products.html?SAsAchbJ+PY=5MTpyEx3flL1Sxpk0j8XEw==mFXV/QnxcwJxD7a3SoOskNrjGGJDTw==
NWG-WGM2950211,Trade Up to WatchGuard Total Security Suite for Firebox M295 - 1-Year (License ONLY; HW SKU: WGM295000),Electronic,M-Series,M295,https://partner.leadersystems.com.au/products.html?InYidfXXDKM=WGj3OANdlvE7Tk6GN124ww==VOlbVz+QFQmv8BtQRsLkAuZVuAv7Lw==
NWG-WGM2950073,WatchGuard Basic Security Suite for Firebox M295 - 3-Year (License ONLY; HW SKU: WGM295000),Electronic,M-Series,M295,https://partner.leadersystems.com.au/products.html?tvFKAWyl2CI=K+/44aQgnl9la8TSGV3nIg==ulJJ61H/hzQhBZYBq+b2wuEkZHL+Qg==
NWG-WGM6950071,WatchGuard Basic Security Suite for Firebox M695 - 1-Year (License ONLY; HW SKU: WGM695000),Electronic,M-Series,M695,https://partner.leadersystems.com.au/products.html?EvEVNjp7JAI=OSEPtTiOmVJyyYM74rYW6A==nqG8H2APe2djs6zEMr93i4ypJtlNcA==
NWG-WGM5951603,WatchGuard High Availability for M595 - 3-Year (License ONLY; HW SKU: WGM595000),Electronic,M-Series,M595,https://partner.leadersystems.com.au/products.html?SHRqNaeHClw=rR+3MHFSCbxJ0PIDwf7w6Q==rZN2pQBZmHK9YxuMBown9+e1Rc5muQ==
NWG-WGM3950063,WatchGuard Standard Support for Firebox M395 - 3-Year (License ONLY; HW SKU: WGM395000),Electronic,M-Series,M395,https://partner.leadersystems.com.au/products.html?0nQTnHxROf8=uIsVxnzWwBL2wTfWmH8zxg==0j5gcApAW41STz8xbPQZyP3I+cRBzQ==
NWG-WGM2950081,WatchGuard Total Security Suite for Firebox M295 - 1-Year (License ONLY; HW SKU: WGM295000),Electronic,M-Series,M295,https://partner.leadersystems.com.au/products.html?zbDGfY5dWXw=Qold/klQvruZZIUyt3dRFQ==z2pnUyqXfug4QA9XBThH4iykWt/pTA==
NWG-WGM5950083,WatchGuard Total Security Suite for Firebox M595 - 3-Year (License ONLY; HW SKU: WGM595000),Electronic,M-Series,M595,https://partner.leadersystems.com.au/products.html?RoDMIscoshE=pBwIXCzV8Cw386AFAsuplQ==3xXqJDk2NPmKKxFZHGinkYYF4JEzxg==
NWG-WGT1250211,Trade Up to WatchGuard Total Security Suite for Firebox T125 - 1-Year (License ONLY; HW SKU: WGT125000),Electronic,T-Series,T125,https://partner.leadersystems.com.au/products.html?ar8CTxiGkw8=4vII0WzdS6MWSqvzaAJJNg==V1ohctlHZndV5rauRnpqC3siwlqUUQ==
NWG-WGT1450203,Trade Up to WatchGuard Basic Security Suite for Firebox T145 - 3-Year (License ONLY; HW SKU: WGT145000),Electronic,T-Series,T145,https://partner.leadersystems.com.au/products.html?Dwa7sU5DTWE=oayx48oOvgUMvk5+WZLwFg==R9Vg29Jcsb6lCmzu5/Eo8Y4rttKyLQ==
NWG-WGT1450205,Trade Up to WatchGuard Basic Security Suite for Firebox T145 - 5-Year (License ONLY; HW SKU: WGT145000),Electronic,T-Series,T145,https://partner.leadersystems.com.au/products.html?hlgtwT09cIg=wBnwrceNIEjMR7ChZvHbwA==3FBsA/bLDv1B4strbYsqSzg1NR0R+w==
NWG-WGT1450075,WatchGuard Basic Security Suite for Firebox T145 - 5-Year (License ONLY; HW SKU: WGT145000),Electronic,T-Series,T145,https://partner.leadersystems.com.au/products.html?hAKZ2VBRb7Q=1L07t991dUG5a8SlxgglNQ==KveQeucK7TQUBvuVIDjY1AVHzekekA==
NWG-WGWESS30401,WatchGuard Endpoint Security for Servers - 1 Year - 251 to 500 licenses,Electronic,Endpoint & Mobile,Endpoint Security for Servers,https://partner.leadersystems.com.au/products.html?VKEsmESuFEo=XJrTcNTSPt9sD33fXaLmGQ==2GnXY9A5raxVvC/vod0xtOUs/+KJlLA=
NWG-WGMDRT30503,WatchGuard Total MDR - 3 Year - 501 to 1000 licenses,Electronic,MDR & NDR,Total MDR,https://partner.leadersystems.com.au/products.html?w33fiEiEBt4=eDpMOf4KPMhdREsEneITsg==PkHanHryRQd+76jEfeHfKsOlvgDQmXw=
NWG-WGT1250065,WatchGuard Standard Support for Firebox T125 - 5-Year (License ONLY; HW SKU: WGT125000),Electronic,T-Series,T125,https://partner.leadersystems.com.au/products.html?7YbFuZxpx5E=uMUKtn5YGmibjQXswF3/Qw==0MebvaPjcslmKaY9sXQMC8Noo1V0Ug==
NWG-WGT1460211,Trade Up to WatchGuard Total Security Suite for Firebox T145-W - 1-Year (License ONLY; HW SKU: WGT146000),Electronic,T-Series,T145-W,https://partner.leadersystems.com.au/products.html?7X6GwuHOvNI=JpBHs9DwDLfNACKKx+8BRQ==MA/PFSMXSgpCN3TNipphQvOQRORtSw==
NWG-WGT1850061,WatchGuard Standard Support for Firebox T185 - 1-Year (License ONLY; HW SKU: WGT185000),Electronic,T-Series,T185,https://partner.leadersystems.com.au/products.html?aiRP2wpRfaI=EGn9UOFvccy8hZGxHDj15Q==irftxzHjRfRum3368kfTW0DCBiHGMw==
NWG-WGT1850065,WatchGuard Standard Support for Firebox T185 - 5-Year (License ONLY; HW SKU: WGT185000),Electronic,T-Series,T185,https://partner.leadersystems.com.au/products.html?/oV6/n+KnEc=uP/AtUkSWmXvJGIwqCK1oA==13kC/1dWJRF5uCsRr5d70aDhF8O0eg==
NWG-WGM3950203,Trade Up to WatchGuard Basic Security Suite for Firebox M395 - 3-Year (License ONLY; HW SKU: WGM395000),Electronic,M-Series,M395,https://partner.leadersystems.com.au/products.html?apY8+yIBnc0=kgZjluCXpO5hH480ZxsLyw==FVXhipGad5y+MMTyQFBdDr56mFUrRg==
NWG-WGM4950203,Trade Up to WatchGuard Basic Security Suite for Firebox M495 - 3-Year (License ONLY; HW SKU: WGM495000),Electronic,M-Series,M495,https://partner.leadersystems.com.au/products.html?YuIn0U4LuQQ=vStlfnd5v7WV0T89ajwIKQ==JQgIbs/F9hBcR5Ky0TO+RjcvJwLy9Q==
NWG-WGTSSAAS30203,WatchGuard ThreatSync+ SAAS - 3 Year - 51 to 100 licenses,Electronic,MDR & NDR,ThreatSync+ SaaS,https://partner.leadersystems.com.au/products.html?5Jox421PG70=DjlUvdvWm0jNuo056y63Sw==gpShNdBlt2uAYnYN+8u4U4jahePMnk0pnQ==
NWG-WGTSSAAS30401,WatchGuard ThreatSync+ SAAS - 1 Year - 251+ licenses,Electronic,MDR & NDR,ThreatSync+ SaaS,https://partner.leadersystems.com.au/products.html?pUsgmwUuQzw=SzzQDJonhAXme3jmjilp0w==Sz2KW1coPz4XfFby1CsQHG9XH21ac/FxRA==
NWG-WGMZTC30505,WatchGuard Managed Zero-Trust - 5-Year - 501 to 1000 Seats,Electronic,Endpoint & Mobile,Managed Zero-Trust,https://partner.leadersystems.com.au/products.html?yl5iw7bzl30=y6diULRpssHz6KICI5Q19Q==lk8bA6p6m00M2uRMClabmRPC+KAC5lk=
NWG-WGM3950071,WatchGuard Basic Security Suite for Firebox M395 - 1-Year (License ONLY; HW SKU: WGM395000),Electronic,M-Series,M395,https://partner.leadersystems.com.au/products.html?yBNmOZcwF3Q=pPmZ3wUlW+VlMPZ7ZDZsfw==4xfnjMpmlFCW4LYoisQFXV3f466m6Q==
NWG-WGM3950073,WatchGuard Basic Security Suite for Firebox M395 - 3-Year (License ONLY; HW SKU: WGM395000),Electronic,M-Series,M395,https://partner.leadersystems.com.au/products.html?iKgRwk8qvEA=PsGmaYaitExkQjalhihNxA==SKhmqkcspM2pEJNLXfXF5HECgjsorQ==
NWG-WGM2950063,WatchGuard Standard Support for Firebox M295 - 3-Year (License ONLY; HW SKU: WGM295000),Electronic,M-Series,M295,https://partner.leadersystems.com.au/products.html?5CQX2OZKDCo=xHPHaOscoYBebpjFYl1MCQ==mrr7qhv/cG0tbf4ufABTYo8rsvcbSw==
NWG-WGM2951601,WatchGuard Standard Support for Firebox M295 High Availability - 1-Year (License ONLY; HW SKU: WGM295000),Electronic,M-Series,M295,https://partner.leadersystems.com.au/products.html?INrN45Qk6mM=B8Ts2PTk7q2suvZKFnY6SA==H3ra3AGGoKuRumIuwgfAtV5hdmhaQA==
NWG-WGM3950081,WatchGuard Total Security Suite for Firebox M395 - 1-Year (License ONLY; HW SKU: WGM395000),Electronic,M-Series,M395,https://partner.leadersystems.com.au/products.html?HjJkDiv/HCU=BffoBSJOcbkKCV4Q2Ad7GQ==9sCicEdDlmalywf4QnjZwppqegs0Dw==
NWG-WGM4950083,WatchGuard Total Security Suite for Firebox M495 - 3-Year (License ONLY; HW SKU: WGM495000),Electronic,M-Series,M495,https://partner.leadersystems.com.au/products.html?lqqv7Dd9Wz0=WXDS8K0Dshyu2zuzIhPHkQ==xwluY0T4WjUw9dNCxDBwOO4E27JPUg==
NWG-WGM5950081,WatchGuard Total Security Suite for Firebox M595 - 1-Year (License ONLY; HW SKU: WGM595000),Electronic,M-Series,M595,https://partner.leadersystems.com.au/products.html?cVn8PJdgO34=EyFPbF51hce8cYK0crgNZg==ph9ceH8S3PZkDAj/nd00+XwcD43Z6Q==
NWG-WGZTC30205,WatchGuard Zero-Trust - 5-Year - 51 to 100 Seats,Electronic,Endpoint & Mobile,Zero-Trust,https://partner.leadersystems.com.au/products.html?rKX0vnmcsm8=UqBJrfdEIP/KiCM1m5Z8Pg==l5CyHrZkrcrFSVji01AgL3s3+s29xA==
NWG-WGZTC30601,WatchGuard Zero-Trust - 1-Year - 1001 to 5000 Seats,Electronic,Endpoint & Mobile,Zero-Trust,https://partner.leadersystems.com.au/products.html?cNCNpiB91wo=WylmZPgltqxecdSOVj1d4g==RYUVyllBSt+yYNzEIJm7NOdMSKzgxQ==
NWG-WGZTC30603,WatchGuard Zero-Trust - 3-Year - 1001 to 5000 Seats,Electronic,Endpoint & Mobile,Zero-Trust,https://partner.leadersystems.com.au/products.html?q60mRbNloGM=HE7mL8WQOzcUiKo1C2dOuw==ph4G5NNaYp0WdLyXNMizS+gYa8pVHg==
NWG-WGWESS30503,WatchGuard Endpoint Security for Servers - 3 Year - 501 to 1000 licenses,Electronic,Endpoint & Mobile,Endpoint Security for Servers,https://partner.leadersystems.com.au/products.html?mb+GhA9gYV4=DcTevV4/xFfBL2KLLtrk/A==PQx9OWgHGi5ojiKbC3WPsbhFS1GMhuM=
NWG-WGWESS30403,WatchGuard Endpoint Security for Servers - 3 Year - 251 to 500 licenses,Electronic,Endpoint & Mobile,Endpoint Security for Servers,https://partner.leadersystems.com.au/products.html?TqqQWcxgJBY=Lv/tV8qHF7HiYPs+rngNgw==13wx1L8R9c3Zk6vAIKHkiq1nO/nhxHY=
NWG-WGM295000,WatchGuard Firebox M295 Appliance Only – License Not Included (Requires Separate WG License Purchase),Physical,M-Series,M295,https://partner.leadersystems.com.au/products.html?xOwCENTrjfk=hbuHMwwHGQOkWQZx1jO08w==hGzKZ8Y1ktMAxHNyeZf86Z8yGbod
NWG-WGM4950211,Trade Up to WatchGuard Total Security Suite for Firebox M495 - 1-Year (License ONLY; HW SKU: WGM495000),Electronic,M-Series,M495,https://partner.leadersystems.com.au/products.html?YAdO5WK9KTo=tmJVhPBEH7PPZGnjNUwqGA==Y28cHmV2/XwyaPWD1qxVl+9NZBXn2g==
NWG-WGM5950211,Trade Up to WatchGuard Total Security Suite for Firebox M595 - 1-Year (License ONLY; HW SKU: WGM595000),Electronic,M-Series,M595,https://partner.leadersystems.com.au/products.html?6xGvuPLv18g=YWQt+U4APe/LdWJcng/Img==XBc5jeY/u6dB8HsDVh6vkJBsYbkLfA==
NWG-WGFCT30703,WatchGuard FireCloud Total Access - 3 Year - 5001+ licenses,Electronic,FireCloud,FireCloud Total Access,https://partner.leadersystems.com.au/products.html?ARcFtj3s4U4=8y0w5B4CBmpPQfhJpWc77A==EFYkVF0QdMF0Rtnpdpfsro36+fOo5g==
NWG-WGFCT30203,WatchGuard FireCloud Total Access - 3 Year - 51 to 100 licenses,Electronic,FireCloud,FireCloud Total Access,https://partner.leadersystems.com.au/products.html?iisaODvhFdo=VjxKyezaM+JY8q362M4gJQ==rxXDs8k1URvik8UUNtZy3yFcVvl0Jw==
NWG-WGM3951603,WatchGuard High Availability for M395 - 3-Year (License ONLY; HW SKU: WGM395000),Electronic,M-Series,M395,https://partner.leadersystems.com.au/products.html?E28II/RZ49Q=jl4CAcO8NFdlECzt0cwBEg==auoj9tPDnEB7WyvKkmxWtRfY4rv5lA==
NWG-WGM4951603,WatchGuard High Availability for M495 - 3-Year (License ONLY; HW SKU: WGM495000),Electronic,M-Series,M495,https://partner.leadersystems.com.au/products.html?ueH61cSzC7Y=Bt3awlBXMBftXwDQ1io4bQ==Xd1BsKixOCabGTiGuai3bbj26I+GjQ==
NWG-WGM4950063,WatchGuard Standard Support for Firebox M495 - 3-Year (License ONLY; HW SKU: WGM495000),Electronic,M-Series,M495,https://partner.leadersystems.com.au/products.html?5Zjjk0Wf4PQ=DTPYxw1etGuroC1Okliqig==X3xYZUkN7LUT9lmOH6QrhO1oBdOIsg==
NWG-WGM5950063,WatchGuard Standard Support for Firebox M595 - 3-Year (License ONLY; HW SKU: WGM595000),Electronic,M-Series,M595,https://partner.leadersystems.com.au/products.html?t7XdHwpZaF8=/ZpINk7J4ivEbYcZYpnk+Q==UuE2ospCRtvG2zZs9ggZO86cs5EzIw==
NWG-WGWESS30201,WatchGuard Endpoint Security for Servers - 1 Year - 51 to 100 licenses,Electronic,Endpoint & Mobile,Endpoint Security for Servers,https://partner.leadersystems.com.au/products.html?Ngp1BKVQe5s=p1MRAhOWJtBQ3b3SExwxqw==A2NQOtxvrrO9PUuEbMC2YwJBKvbCNXE=
NWG-WGWESS30101,WatchGuard Endpoint Security for Servers - 1 Year - 1 to 50 licenses,Electronic,Endpoint & Mobile,Endpoint Security for Servers,https://partner.leadersystems.com.au/products.html?tznS9hc8v5c=HPsurtmj4rP75MQJodP8Vg==PYU1YpXRTpeUiUWtGCGCDNKO4z8s+W8=
NWG-WGT1260215,Trade Up to WatchGuard Total Security Suite for Firebox T125-W - 5-Year (License ONLY; HW SKU: WGT126000),Electronic,T-Series,T125-W,https://partner.leadersystems.com.au/products.html?pTa0UyWsdOg=faDS19PhDMI0kk3VJGLlNQ==YJ2JYHpMwErBagQ9zqNNhd+84f8Dxg==
NWG-WGT1160065,WatchGuard Standard Support for Firebox T115-W - 5-Year (License ONLY; HW SKU: WGT116000),Electronic,T-Series,T115-W,https://partner.leadersystems.com.au/products.html?84yixGTHn8A=OXilV2pvk1mE5TDn5toPHA==Lqd+OKn6/QFzQarTGtxxSHC/gWZSeA==
NWG-WGT1260081,WatchGuard Total Security Suite for Firebox T125-W - 1-Year (License ONLY; HW SKU: WGT126000),Electronic,T-Series,T125-W,https://partner.leadersystems.com.au/products.html?zhbtYPaOeD4=eVAzY1XwKn9I8Bi6hCTvjA==3yVUFmTce+/P4b50Iysdce7ECKregA==
NWG-WGT1450083,WatchGuard Total Security Suite for Firebox T145 - 3-Year (License ONLY; HW SKU: WGT145000),Electronic,T-Series,T145,https://partner.leadersystems.com.au/products.html?fFZoxHgFm2c=IGn+Q1KWlRKJIbN/IKKKNw==9/e08y8H8LW+MYBZl7wEz05Tn8LwQQ==
NWG-WGT1450085,WatchGuard Total Security Suite for Firebox T145 - 5-Year (License ONLY; HW SKU: WGT145000),Electronic,T-Series,T145,https://partner.leadersystems.com.au/products.html?mBnJ29vejJM=VJk4hnTEtTtdBNnqPfcRhQ==7OJBMAzKSLZdAhs13Hf1/ACZ/tJGuw==
NWG-WGT1460083,WatchGuard Total Security Suite for Firebox T145-W - 3-Year (License ONLY; HW SKU: WGT146000),Electronic,T-Series,T145-W,https://partner.leadersystems.com.au/products.html?XsE3mfDyUSw=r0WsFTVGx5CrhTsSUrWHjw==mBcxF+12Q+oNHF65inaH5vIKWAoHPw==
NWG-WGZTC30405,WatchGuard Zero-Trust - 5-Year - 251 to 500 Seats,Electronic,Endpoint & Mobile,Zero-Trust,https://partner.leadersystems.com.au/products.html?rMb2UQTtwHw=oJuGt+Jc2PAC8Sr6D7LP0A==YzQFCrFFL6OULgPS4Sh2MX6ZspY+VA==
NWG-WGZTC30705,WatchGuard Zero-Trust - 5-Year - 5001+ Seats,Electronic,Endpoint & Mobile,Zero-Trust,https://partner.leadersystems.com.au/products.html?wwaXyU0LE54=WLog4GlxsYvWucpHKQWByA==l66T+qpxDBmOabTPgg8/9TKPEim3GA==
NWG-WGZTC30101,WatchGuard Zero-Trust - 1-Year - 1 to 50 Seats,Electronic,Endpoint & Mobile,Zero-Trust,https://partner.leadersystems.com.au/products.html?4ZgZ0iKdbLU=2PsDZha2VUcVJ1IEyIt9SA==EyyreaPJ+LLXnAjYLtw3vA2cjjNntw==
NWG-WGZTC30103,WatchGuard Zero-Trust - 3-Year - 1 to 50 Seats,Electronic,Endpoint & Mobile,Zero-Trust,https://partner.leadersystems.com.au/products.html?DKgrkD1TWxE=dZBQPfzRlz+2w6GIjfAa2Q==UvLd7KbhizzYbppSIdEMJlv8p2lqJw==
NWG-WGZTC30303,WatchGuard Zero-Trust - 3-Year - 101 to 250 Seats,Electronic,Endpoint & Mobile,Zero-Trust,https://partner.leadersystems.com.au/products.html?kKwbGF2EGwk=2SISYBQw6zjwi1IXwM17wQ==xd1TCq+ZAU+g4vz5PZpXoy27AL6WFw==
NWG-WGTSFS30401,WatchGuard Orion - 1 Year - 251 to 500 licenses,Electronic,MDR & NDR,Orion,https://partner.leadersystems.com.au/products.html?WDyWKLaf1Tc=CK3m3lLmy70BJWN+G6RqRw==ZB+lVGKSiLqLSH74UCK9SsR2/Y02S/c=
NWG-WGTSFS30601,WatchGuard Orion - 1 Year - 1001 to 5000 licenses,Electronic,MDR & NDR,Orion,https://partner.leadersystems.com.au/products.html?+f8ebhSUzVM=WIUfYpW0oGYBbrTKM1VwZg==DTCRpkeDUPyR12RfKExXYbbW3HXS2QE=
NWG-WGESA30103,WatchGuard Endpoint Security Basic - 3 Year - 1 to 50 licenses,Electronic,Endpoint & Mobile,Endpoint Security Basic,https://partner.leadersystems.com.au/products.html?MKuoc3FIJjo=oSpZMavNMpG8j5I+5ZWSEw==5cnzb1MUIVo/H2Y5f5OolE1IwtEryg==
NWG-WGESA30403,WatchGuard Endpoint Security Basic - 3 Year - 251 to 500 licenses,Electronic,Endpoint & Mobile,Endpoint Security Basic,https://partner.leadersystems.com.au/products.html?OAQ7zDuabFA=1LpupsnZ8j/JeSufHvC6kQ==nMpiUfQqlndjAo5YIFypmFznjWYMmw==
NWG-WGESB30303,WatchGuard Endpoint Security 360 - 3 Year - 101 to 250 licenses,Electronic,Endpoint & Mobile,Endpoint Security 360,https://partner.leadersystems.com.au/products.html?I6dkI9rjzwU=uphVhkmH+fYT1o7zkN3iEw==rd+g1Ar1f+VMTP3wxLhU/o36p0+lsw==
NWG-WGESB30601,WatchGuard Endpoint Security 360 - 1 Year - 1001 to 5000 licenses,Electronic,Endpoint & Mobile,Endpoint Security 360,https://partner.leadersystems.com.au/products.html?SiwEEji3fCM=73RISPc7XYAvERl/UNI1Cw==h4aWKFfrYl/4pU/ED0pWLy/XfxUMRQ==
NWG-WGESC30203,WatchGuard Endpoint Security Elite - 3 Year - 51 to 100 licenses,Electronic,Endpoint & Mobile,Endpoint Security Elite,https://partner.leadersystems.com.au/products.html?0ESKpOxGfp8=Mm0WBzxhU9YZo+Lp4fdyQA==8/jl8DMZWJ3jpoxxeLkgyTjjryl7Tg==
NWG-WGESC30503,WatchGuard Endpoint Security Elite - 3 Year - 501 to 1000 licenses,Electronic,Endpoint & Mobile,Endpoint Security Elite,https://partner.leadersystems.com.au/products.html?lCACLTqxiS8=1IBhRxGkxB5OVGXzONWcxg==m868ur/cWS5kzf5wyZCuvFMdsxYRQQ==
NWG-WGWEDP30403,WatchGuard Endpoint Security Prime - 3 Year - 251 to 500 licenses,Electronic,Endpoint & Mobile,Endpoint Security Prime,https://partner.leadersystems.com.au/products.html?gzu9lwJp1Sw=QxQqP257zlU0/4oAfL3btw==hirXJ2vm+fSaqwxLYwlBKuV5wQQfV2k=
NWG-WGM6950211,Trade Up to WatchGuard Total Security Suite for Firebox M695 - 1-Year (License ONLY; HW SKU: WGM695000),Electronic,M-Series,M695,https://partner.leadersystems.com.au/products.html?HOBZRqjpu3c=GoL8w54bMHfYUD47DG2qxw==j4LKpcXKMGif/8kEpBUGbxzJk/Fmww==
NWG-WGM2950071,WatchGuard Basic Security Suite for Firebox M295 - 1-Year (License ONLY; HW SKU: WGM295000),Electronic,M-Series,M295,https://partner.leadersystems.com.au/products.html?6sgXPx7OFsI=kBGwfB9JZ2rhtVd+SHHzzQ==n082EI0tpchy+J84RSTiEQe1bhptvQ==
NWG-WGM5950073,WatchGuard Basic Security Suite for Firebox M595 - 3-Year (License ONLY; HW SKU: WGM595000),Electronic,M-Series,M595,https://partner.leadersystems.com.au/products.html?/N7SXXCpQwc=rp4U6A5V4CjN/wcjq2jPRQ==3y6GTJ6yLiSb8ot4hSJpFHtS5ws5Kw==
NWG-WGM6950073,WatchGuard Basic Security Suite for Firebox M695 - 3-Year (License ONLY; HW SKU: WGM695000),Electronic,M-Series,M695,https://partner.leadersystems.com.au/products.html?dm3GhIr6bK4=dlsWujWkrPyfluYFk8mfKA==3cQu8rXHvLVyJVrKQUTOB4aIcIZe1Q==
NWG-WGM6950063,WatchGuard Standard Support for Firebox M695 - 3-Year (License ONLY; HW SKU: WGM695000),Electronic,M-Series,M695,https://partner.leadersystems.com.au/products.html?3b1543gROaA=LvbKcFOIJhQuGJmffjZVew==ZLTFZg3zwgbb6YiKnU/XnfjsPKMN/A==
NWG-WGMDRO30103,WatchGuard Open MDR - 3 Year - 1 to 50 licenses,Electronic,MDR & NDR,Open MDR,https://partner.leadersystems.com.au/products.html?3UoMbdXhxgc=Z6M+ZWBtmqx4+2CQ2N6bNw==Hr0XmtnjyoSz4Gh/vl2GHr7mtZmgHEc=
NWG-WGMDRO30601,WatchGuard Open MDR - 1 Year - 1001 to 5000 licenses,Electronic,MDR & NDR,Open MDR,https://partner.leadersystems.com.au/products.html?6lIJX+D2PnE=bvc5T3aQoY6j5Rws3onw8A==Yo4XxaQWhNHVlAZlPqSlYxnoCxWVCMk=
NWG-WGTSO30101,WatchGuard ThreatSync Open - 1 Year - 1 to 50 licenses,Electronic,MDR & NDR,ThreatSync Open,https://partner.leadersystems.com.au/products.html?xoBwbiIcKcI=TaUgL7jjSYpOrXmjm/j14Q==zIwABfhjkEvKeaXNvmIPRRDyxRozjA==
NWG-WGTSO30220,WatchGuard ThreatSync Open - Monthly Subscription - 51 to 100 licenses,Electronic,MDR & NDR,ThreatSync Open,https://partner.leadersystems.com.au/products.html?qLrGty5Rw1w=HK6IRzUAyqoBwxkDCpdt6A==j6xV8P0QXbQoClhhp5ytFgUOOuAdnw==
NWG-WGTSO30505,WatchGuard ThreatSync Open - 5 year - 501 to 1000 licenses,Electronic,MDR & NDR,ThreatSync Open,https://partner.leadersystems.com.au/products.html?wFaVECmRjMI=tWiw6hFUIntGyWsj3QCR3g==2aeGXhAoiwgqa6+4PLM8AL7VbN79ZA==
NWG-WGTSO30703,WatchGuard ThreatSync Open - 3 Year - 5001+ licenses,Electronic,MDR & NDR,ThreatSync Open,https://partner.leadersystems.com.au/products.html?czc+AqwkIDk=f9rr54sD/KZr7vd+ki8r4g==zzZVZ7zgN/5dTY35SIPfYNPYAuE0ZQ==
NWG-WGM2950083,WatchGuard Total Security Suite for Firebox M295 - 3-Year (License ONLY; HW SKU: WGM295000),Electronic,M-Series,M295,https://partner.leadersystems.com.au/products.html?6ye4I9+3vUs=Wxr0g8tUwpdF3F3iWz93/A==SLzjuXzBtt6ukqhtlh/6k9bJ0jMusg==
NWG-WGM6950081,WatchGuard Total Security Suite for Firebox M695 - 1-Year (License ONLY; HW SKU: WGM695000),Electronic,M-Series,M695,https://partner.leadersystems.com.au/products.html?q6qcTf3UCDM=54mSr/GLCog+E5MtmmXN+A==2p0yormwLQwdPPDFDAYh+4hJNQH3fw==
NWG-WGWESS30601,WatchGuard Endpoint Security for Servers - 1 Year - 1001 to 5000 licenses,Electronic,Endpoint & Mobile,Endpoint Security for Servers,https://partner.leadersystems.com.au/products.html?tXfEuhpe+OM=Wz/DxRCHr5iFMYqE6UaI9w==OCiTC1AmC/jB19HYL2583ky2WJNlJ3k=
NWG-WGWESS30703,WatchGuard Endpoint Security for Servers - 3 Year - 5001+ licenses,Electronic,Endpoint & Mobile,Endpoint Security for Servers,https://partner.leadersystems.com.au/products.html?C09uAdzzieg=ErbH+9+mJ7/+3qwGJRnuzA==4Uc8UPr+uUilQO1fZ+TxD+A4cnu+HEw=
NWG-WGWESS30203,WatchGuard Endpoint Security for Servers - 3 Year - 51 to 100 licenses,Electronic,Endpoint & Mobile,Endpoint Security for Servers,https://partner.leadersystems.com.au/products.html?3qXacn7UAZk=v5+Tf0TH1fNlD9d9+ClGsA==KTItWwdPHmk2AwNEpPx3OCMGavNzfH8=
NWG-WGWESS30701,WatchGuard Endpoint Security for Servers - 1 Year - 5001+ licenses,Electronic,Endpoint & Mobile,Endpoint Security for Servers,https://partner.leadersystems.com.au/products.html?uZZd+pPcpRA=gwT9K37hxsjacHqlstKPpQ==IG1NXqJyDF5DxNXoKVc2uVn8I1TVjbU=
NWG-WGCDR30701,WatchGuard CloudDR - 1 Year - 5001+ licenses,Electronic,CloudDR,CloudDR,https://partner.leadersystems.com.au/products.html?hiV/0FsbBtU=ttKQ7svVuOXMct+DXYIi0g==GZXh/SWAejVSX+AVGsvNISZBgEfJkA==
NWG-WGCDR30503,WatchGuard CloudDR - 3 Year - 501 to 1000 licenses,Electronic,CloudDR,CloudDR,https://partner.leadersystems.com.au/products.html?0cjadeKHSQ4=5WJVhPQrwulAtG1utBRzfQ==uxaI35Pln0EDpJ9yMrnlUYWhEQpAGA==
NWG-WGCDR30505,WatchGuard CloudDR - 5 Year - 501 to 1000 licenses,Electronic,CloudDR,CloudDR,https://partner.leadersystems.com.au/products.html?/zLnzTvZZ1E=a34kgbLTyf1GXVhxnHmrOA==2l0kbIu0ELfRtarPK0IPPvpZTfRBdg==
NWG-WGCDR39900,WatchGuard CloudDR - Monthly Subscription - Provisioning,Electronic,CloudDR,CloudDR,https://partner.leadersystems.com.au/products.html?HcfPRYXpl5s=j5dZfxqLNStT+346pXbXQw==yRiH2XQ8Aj4cvGzwEXnMrdph0Fbkww==
NWG-WGESA30601,WatchGuard Endpoint Security Basic - 1 Year - 1001 to 5000 licenses,Electronic,Endpoint & Mobile,Endpoint Security Basic,https://partner.leadersystems.com.au/products.html?VFGw6s5Xg4o=dxm1gAFjeUU/QWguh07duw==RE1Rtt7cJ4qmNCq3/vsW8547vmhbIw==
NWG-WGESB30501,WatchGuard Endpoint Security 360 - 1 Year - 501 to 1000 licenses,Electronic,Endpoint & Mobile,Endpoint Security 360,https://partner.leadersystems.com.au/products.html?wW/YKf9oKyA=hyoO0feHaAcWGGZWnpheVw==5zt9cLthZHqWUZ/oBYtOApDvUy9CWw==
NWG-WGESC30401,WatchGuard Endpoint Security Elite - 1 Year - 251 to 500 licenses,Electronic,Endpoint & Mobile,Endpoint Security Elite,https://partner.leadersystems.com.au/products.html?7FN92hgco/M=5W7oBqT54x9xPT5OqAZ1bQ==1gFMxE/zfvdlIePmNq8NXADM2rO8tw==
NWG-WGWEDP30101,WatchGuard Endpoint Security Prime - 1 Year - 1 to 50 licenses,Electronic,Endpoint & Mobile,Endpoint Security Prime,https://partner.leadersystems.com.au/products.html?HLbk5KRZnDE=ZQ6W8MnTi3rcKD7avDGL+g==/jkhWH3HTgwfWjTw7NVAH0s3o88HKn4=
NWG-WGWEDP30201,WatchGuard Endpoint Security Prime - 1 Year - 51 to 100 licenses,Electronic,Endpoint & Mobile,Endpoint Security Prime,https://partner.leadersystems.com.au/products.html?yheMhrl9yLM=aZw/VP7HHnKvFtA0bqJXlg==28lYcOCO0HLNcQ2DDozXDV+QmM8EeEw=
NWG-WGWEDP30301,WatchGuard Endpoint Security Prime - 1 Year - 101 to 250 licenses,Electronic,Endpoint & Mobile,Endpoint Security Prime,https://partner.leadersystems.com.au/products.html?mSJsp9lpUPE=PO2NCMvQlUxwzxElhpqvmA==ouWHiAMxRYj1CwDLuN2a0ePdJsFmVgg=
NWG-WGESA30303,WatchGuard Endpoint Security Basic - 3 Year - 101 to 250 licenses,Electronic,Endpoint & Mobile,Endpoint Security Basic,https://partner.leadersystems.com.au/products.html?pOaIiNCksfY=yCIZMMwC938nszR3OnyOzA==Kqd3PxXcGZTG9MUxw2AfSZnGxoP3cw==
NWG-WGESA30401,WatchGuard Endpoint Security Basic - 1 Year - 251 to 500 licenses,Electronic,Endpoint & Mobile,Endpoint Security Basic,https://partner.leadersystems.com.au/products.html?4HD0STl3010=o7EgS/MDy3x58lVzLMY6Tg==/ER/XnjLcnhyU9FFjOJpw1vxnt2Q4Q==
NWG-WGCR20105,WatchGuard Compliance Reporting - 5 Year - 1 to 50 licenses,Electronic,Reporting & Visibility,Compliance Reporting,https://partner.leadersystems.com.au/products.html?4SYh6OzhubQ=WF0jswg8SzCxPLCcgDdFHA==lJBDARZiJygjpoH2EosXoytX4W1u
NWG-WGCR20302,WatchGuard Compliance Reporting - 2 Year - 101 to 250 licenses,Electronic,Reporting & Visibility,Compliance Reporting,https://partner.leadersystems.com.au/products.html?9wtkRn8DlGg=Ip8p29LYwijxTm4ElDWobA==8+ND23AVzCb9qp2I98gaSb7H+VOm
NWG-WGCR20402,WatchGuard Compliance Reporting - 2 Year - 251 to 500 licenses,Electronic,Reporting & Visibility,Compliance Reporting,https://partner.leadersystems.com.au/products.html?F5WIzpHVH84=zj6bjwyabz5KlerAuHT3lw==4tJMUz6N3yJ5ar45qxYVVJFoZ7Tc
NWG-WGATH30702,WatchGuard AuthPoint MFA - 2 Year - 5001+ Users,Electronic,Identity & Access,AuthPoint,https://partner.leadersystems.com.au/products.html?RVNQ29Gqp2E=xI0WZUA2O08DllS13XoB0w==vqhq2hBRCzD6Kc+beHxr7YnW3otT3Q==
NWG-WGCR20504,WatchGuard Compliance Reporting - 4 Year - 501 to 1000 licenses,Electronic,Reporting & Visibility,Compliance Reporting,https://partner.leadersystems.com.au/products.html?GP/DjtF3YZc=IyIE2pamfz7BRIoVQBZWpA==3uF2cGRxdiCkYdcjQYsqF+Kisrbo
NWG-WGCR20605,WatchGuard Compliance Reporting - 5 Year - 1001 to 5000 licenses,Electronic,Reporting & Visibility,Compliance Reporting,https://partner.leadersystems.com.au/products.html?Zl2EMHdT5Ts=92WF4K6jakUQGyMHzLeepg==FvtR0dsf3i7hRVYfiY+/Xd0JJxXp
NWG-WGMDR30404,WatchGuard Core MDR - 4 Year - 251 to 500 licenses,Electronic,MDR & NDR,Core MDR,https://partner.leadersystems.com.au/products.html?S2Hc5ehPkvI=mLZx80bf+YcDBrS1sScWbA==eoNxFvobCWIf9pzI0kTLJekedzDKnA==
NWG-WGCLG005,WatchGuard Firebox Cloud Large with 5-yr Standard Support,Electronic,Cloud,Firebox Cloud Large,https://partner.leadersystems.com.au/products.html?6NB7+hk2kK4=eyB2RgUP0y3DMw7xlpqtDA==Dv8zBS6B4NSSZ04Tc3hnqhGC0Z0=
NWG-WGESB30101,WatchGuard Endpoint Security 360 - 1 Year - 1 to 50 licenses,Electronic,Endpoint & Mobile,Endpoint Security 360,https://partner.leadersystems.com.au/products.html?yv5c7UFG7zU=pcUjVWV9uR4ORf4m5L2Wgw==GY6QbDmk/1L2eIPnAbCy2fMkVytnmg==
NWG-WGESB30203,WatchGuard Endpoint Security 360 - 3 Year - 51 to 100 licenses,Electronic,Endpoint & Mobile,Endpoint Security 360,https://partner.leadersystems.com.au/products.html?Kmm7B0FHTxc=Tmmw6zA0J8qt65Qi542FaA==C/eyXjXuAz5LhSBflNhIAeoqbP8tVQ==
NWG-WGESC30001,WatchGuard Endpoint Security Elite NFR - 1 year - 1+ licenses,Electronic,Endpoint & Mobile,Endpoint Security Elite,https://partner.leadersystems.com.au/products.html?t67npewoWCo=KROoC8aPF2f5rfdFyc4ZgQ==E7zaPYAbD30UDGTNs/+0zJQ95t1JPA==
NWG-WGESC30701,WatchGuard Endpoint Security Elite - 1 Year - 5001+ licenses,Electronic,Endpoint & Mobile,Endpoint Security Elite,https://partner.leadersystems.com.au/products.html?bpfGdpEBrMQ=bOaA0fBW1/QjkWShyYQMDQ==8/L5Rj1mm1OFjG65dLrSxqDRPM7vyw==
NWG-WGESC30703,WatchGuard Endpoint Security Elite - 3 Year - 5001+ licenses,Electronic,Endpoint & Mobile,Endpoint Security Elite,https://partner.leadersystems.com.au/products.html?tWX3tvcjI2o=/A/96JpimMjZQaXGGaI9wg==QiFlrPZmDwGDWDdOPw6kPKMnyw2TGA==
NWG-WGWEDP30501,WatchGuard Endpoint Security Prime - 1 Year - 501 to 1000 licenses,Electronic,Endpoint & Mobile,Endpoint Security Prime,https://partner.leadersystems.com.au/products.html?ZTXp4xJsltw=Ohxtn90XWfguqen4TGEoLg==Nq445dMRUzI14BbVqX0aL1oY7yZGf/I=
NWG-WGWEDP30601,WatchGuard Endpoint Security Prime - 1 Year - 1001 to 5000 licenses,Electronic,Endpoint & Mobile,Endpoint Security Prime,https://partner.leadersystems.com.au/products.html?uDiEqbPk6Qo=9IK1M3YE6Y9dVIiV34iYJw==QhrHtuvldxIoIRVIjIYiyCbhNIywd7g=
NWG-WGZTC30105,WatchGuard Zero-Trust - 5-Year - 1 to 50 Seats,Electronic,Endpoint & Mobile,Zero-Trust,https://partner.leadersystems.com.au/products.html?9kxv+F8PkiQ=4s4w+xrtTpW26Xv1vpATuA==qwmdFxUtoaNH9vcdyyFEN/hSYJlsNA==
NWG-WGZTC30305,WatchGuard Zero-Trust - 5-Year - 101 to 250 Seats,Electronic,Endpoint & Mobile,Zero-Trust,https://partner.leadersystems.com.au/products.html?Ex6aQ+OknhI=wkk9olL0wYhD/QHSXToksw==1IyrP2rpRGxhWDgAZe+BmdEzQaLoWg==
NWG-WGZTC30503,WatchGuard Zero-Trust - 3-Year - 501 to 1000 Seats,Electronic,Endpoint & Mobile,Zero-Trust,https://partner.leadersystems.com.au/products.html?GmAn+OFrl1g=FqdWOkq4SD9WKMYxo9C95Q==Dz+cXDoj2YTTHsyRvir/lXbwfy31WQ==
NWG-WGZTC30703,WatchGuard Zero-Trust - 3-Year - 5001+ Seats,Electronic,Endpoint & Mobile,Zero-Trust,https://partner.leadersystems.com.au/products.html?jUYQYz0mZoY=Umtj+kLlERxstAw6go2AgA==CH6NZ7R7QdWuVgUGSlCJmJ9QmoVyiA==
NWG-WGMDRM30105,WatchGuard Core MDR for Microsoft - 5 Year - 1 to 50 licenses,Electronic,MDR & NDR,Core MDR for Microsoft,https://partner.leadersystems.com.au/products.html?K80E+n+WqX0=RM/jhVniWJD25dox5Y3Vpg==Se4O1e/9YCPyZBpBT9o651TDFkbuKjk=
NWG-WGMDRM30205,WatchGuard Core MDR for Microsoft - 5 Year - 51 to 100 licenses,Electronic,MDR & NDR,Core MDR for Microsoft,https://partner.leadersystems.com.au/products.html?Ta2NISOGHvc=UFeDTL/JC3Ye+N0VxqX7wA==kaVx9nudaINkNokJIMceYxFE4v8Uoo0=
NWG-WGMDRM30305,WatchGuard Core MDR for Microsoft - 5 Year - 101 to 250 licenses,Electronic,MDR & NDR,Core MDR for Microsoft,https://partner.leadersystems.com.au/products.html?xXhBHfMlzjU=S2MFQsl/giRq2Gd4Dtt43A==UJjykkqgtWprr8oZvUKmk7fwuLMnzdU=
NWG-WGMDRM30705,WatchGuard Core MDR for Microsoft - 5 Year - 5001+ licenses,Electronic,MDR & NDR,Core MDR for Microsoft,https://partner.leadersystems.com.au/products.html?HvNn3p8gc6A=kkLzUh8n9IeIo7E/SOKYJQ==ksXACOM4h3aARXR/E9zRbqdZ5IZ/b48=
NWG-WGMDRO30202,Watchguard Open MDR- 2 Year - 51 to 100 licenses,Electronic,MDR & NDR,Open MDR,https://partner.leadersystems.com.au/products.html?iWIUN54xeY8=2p1kaP77g6kRDr8YNwSBUA==Ct2DKDOxInxQ8cXFFaodnx8eZyBAXls=
NWG-WGMDRO30404,Watchguard Open MDR- 4 Year - 251 to 500 licenses,Electronic,MDR & NDR,Open MDR,https://partner.leadersystems.com.au/products.html?yBftowFPm94=S5ms9fVSKECejB6Jm7s7Qg==teSq/VGhiA7KJf6cCGbJXX53BfEdcn8=
NWG-WGMDRO30605,Watchguard Open MDR- 5 Year - 1001 to 5000 licenses,Electronic,MDR & NDR,Open MDR,https://partner.leadersystems.com.au/products.html?Fex3lc1Jn6A=sinpna2s1C2iW6rQJFqJYA==pocAzNgREuZEHmu0mWuDMDGm8VlkL3I=
NWG-WGAP13000503,USP Wi-Fi Management for WatchGuard AP130 NFR - 3-year,Electronic,Access Points,AP130,https://partner.leadersystems.com.au/products.html?LJUvhTmZpAs=qnAdDvi6xZFMhNEHLinEuw==tiYe/2WuMv23zMV53/bZ8l1bFfyoNdgl
NWG-WGAP13022002,USP Wi-Fi Management for WatchGuard AP130 - 2-year,Electronic,Access Points,AP130,https://partner.leadersystems.com.au/products.html?1aRE28I0Hgg=8V6yxdFH1Yjzz17ZL/HiKA==tdE1naqepEjDoEGWNf432do2Ji04y2pC
NWG-WGCLG172,WatchGuard APT Blocker 2-yr for Firebox Cloud Large,Electronic,Cloud,Firebox Cloud Large,https://partner.leadersystems.com.au/products.html?yc5JAFIu30Y=K/ss6653gkwJUaJlmarr8A==qNuUQ9mxnxrumnok13QCSxRymL8=
NWG-WGCLG522,WatchGuard Cloud 1-month data retention for Firebox Cloud Large - 2-yr,Electronic,Cloud,Firebox Cloud Large,https://partner.leadersystems.com.au/products.html?1EZTOgsD6k0=DtK8mgGU4QJoa94Xi3sGzg==+ImrZv6CzfO0SUeXiKDDEnqMUgY=
NWG-WGCLG642,WatchGuard Firebox Cloud Large with 2-yr Total Security Suite,Electronic,Cloud,Firebox Cloud Large,https://partner.leadersystems.com.au/products.html?PDFxwoKiaSg=h853uBgk1dO09oFQ4gZgyQ==MEwbWarDKq5Tty603zQb5tyBK+w=
NWG-WGCME032,WatchGuard Firebox Cloud Medium with 2-yr Basic Security Suite,Electronic,Cloud,Firebox Cloud Medium,https://partner.leadersystems.com.au/products.html?NMvget6o1j0=BicTc6+MI/JXHyKfV+XU7g==epJnxac03A0Wj5Ef7vnqjgSAoG0=
NWG-WGMDRO30203,WatchGuard Open MDR - 3 Year - 51 to 100 licenses,Electronic,MDR & NDR,Open MDR,https://partner.leadersystems.com.au/products.html?yFaAfvvt8fI=71M5g1z9YSWXMEIEv0PZ5Q==N83Gsbms8uJCmG0EJr7F/grJmC8wRI4=
NWG-WGMDRO30403,WatchGuard Open MDR - 3 Year - 251 to 500 licenses,Electronic,MDR & NDR,Open MDR,https://partner.leadersystems.com.au/products.html?XOa+3FtoBAQ=I5IVN1xB/oaFoFlPhP1ZTA==2gO7yE0ViDFVn4v9eEztwRA/2K4exPQ=
NWG-WGTSO30201,WatchGuard ThreatSync Open - 1 Year - 51 to 100 licenses,Electronic,MDR & NDR,ThreatSync Open,https://partner.leadersystems.com.au/products.html?AQxg95+kPPI=Orl6OecJHCGyzjgIqKFoHw==ZsVhYOBUmNiPKseReUCO7JFmFffDSw==
NWG-WGTSO30205,WatchGuard ThreatSync Open - 5 year - 51 to 100 licenses,Electronic,MDR & NDR,ThreatSync Open,https://partner.leadersystems.com.au/products.html?2ogEms3pNCE=/Rnuo//ArDAS99JuebPCiw==ywiMPFVHp3gwNd6VS/B8ULgWSYsRZA==
NWG-WGTSO30603,WatchGuard ThreatSync Open - 3 Year - 1001 to 5000 licenses,Electronic,MDR & NDR,ThreatSync Open,https://partner.leadersystems.com.au/products.html?fYfpDbNqf5E=MUXyrOr4qpSgOXgf8Cqn7A==QQVB927VQD/zlqhYjdVM2KjXguM7rQ==
NWG-WGTSO30620,WatchGuard ThreatSync Open - Monthly Subscription - 1001 to 5000 licenses,Electronic,MDR & NDR,ThreatSync Open,https://partner.leadersystems.com.au/products.html?lD9/XQz4sDk=Pu47UABaojhhDRhB8U6Txg==ZJJ6RkbVFgrHW48JqYi6W1yPJ/uNYw==
NWG-WGTSO30401,WatchGuard ThreatSync Open - 1 Year - 251 to 500 licenses,Electronic,MDR & NDR,ThreatSync Open,https://partner.leadersystems.com.au/products.html?2E1Kx0+eVjw=OzQ5ZpwbgSFhM4GAvVMXWQ==tPjtpNVd39KbCQl7nKTpRELQBq/XBw==
NWG-WGTSO30403,WatchGuard ThreatSync Open - 3 Year - 251 to 500 licenses,Electronic,MDR & NDR,ThreatSync Open,https://partner.leadersystems.com.au/products.html?LtrE1Y7Wf7I=UsX/GE07dXaISqzTf5Gkdg==94TI8MVkUVhLUPwJgdM1HhihxuLw+Q==
NWG-WGVMC001,WatchGuard FireboxV Micro with 1-yr Standard Support,Electronic,Virtual,FireboxV Micro,https://partner.leadersystems.com.au/products.html?3sfK7hqdtPc=IQLDmT4AR52prWRus5729Q==qM3An0FBrBd2gqoyig1mnZR5sjg=
NWG-WGVMC263,WatchGuard Gold Support Renewal/Upgrade 3-yr for FireboxV Micro,Electronic,Virtual,FireboxV Micro,https://partner.leadersystems.com.au/products.html?hEMVEq+Jobc=pGegFkrCJ5TAv/8DiSa/vg==vHlYDM/D/t2TSC1RMM2mSFiDaNE=
NWG-WGVMC333,WatchGuard Basic Security Suite Renewal/Upgrade 3-yr for FireboxV Micro,Electronic,Virtual,FireboxV Micro,https://partner.leadersystems.com.au/products.html?dieteN/IaGA=GMc9X/Sialft39LU71kPWg==NJyLjRFu7vSA4yLnHW1BNJfc0vo=
NWG-WGCDR30101,WatchGuard CloudDR - 1 Year - 1 to 50 licenses,Electronic,CloudDR,CloudDR,https://partner.leadersystems.com.au/products.html?sepjIIQdOfM=62VLUGDEkuuA8iojfKOW2w==EiEXzBvcaIFJ9ccdoQWHuwJkpavHQw==
NWG-WGCDR30301,WatchGuard CloudDR - 1 Year - 101 to 250 licenses,Electronic,CloudDR,CloudDR,https://partner.leadersystems.com.au/products.html?J1KZO2urPGo=eZuGZF6a8lqqRkmiZ6FvOQ==TNy7ixrR2Gf7Po9RqY2krxYlDOlEUw==
NWG-WGCDR30703,WatchGuard CloudDR - 3 Year - 5001+ licenses,Electronic,CloudDR,CloudDR,https://partner.leadersystems.com.au/products.html?zzvm7rVUJrg=5bF1jhP1IiADgWODiX3ZOg==A+JvEnxa7vZJstzEAlpsgybngmCqUg==
NWG-WGCDR30205,WatchGuard CloudDR - 5 Year - 51 to 100 licenses,Electronic,CloudDR,CloudDR,https://partner.leadersystems.com.au/products.html?dnNMGkBbRwk=GWk5jvW69jhSmgviQnpR/A==nFIgqSzdYkq3dAb+vxAAq1YSR6Ry3A==
NWG-WGCDR30201,WatchGuard CloudDR- 1 Year - 51 to 100 licenses,Electronic,CloudDR,CloudDR,https://partner.leadersystems.com.au/products.html?OVxR/4wD7Zw=vcB+7IzU7e9cWHi/fMEbTg==oVKwp0qjOBskWgzr9HTI4NOFUsV8fQ==
NWG-WGCDR30103,WatchGuard CloudDR - 3 Year - 1 to 50 licenses,Electronic,CloudDR,CloudDR,https://partner.leadersystems.com.au/products.html?rkxfiTESyFo=DheVY/uF+YWEqQTYvKRUjw==nUQRZV5Rt6evvP+QAmr6alL4CfsZ7w==
NWG-WGCDR30203,WatchGuard CloudDR - 3 Year - 51 to 100 licenses,Electronic,CloudDR,CloudDR,https://partner.leadersystems.com.au/products.html?LAwKfieil4E=vhOhBaBasoEcvFTT/USuCQ==8mC3J3Z96ZDRBRN2tISNXFeWYZN+9g==
NWG-WGCDR30220,WatchGuard CloudDR - Monthly Subscription - 51 to 100 licenses,Electronic,CloudDR,CloudDR,https://partner.leadersystems.com.au/products.html?I4ELl4HnUjQ=cE8XRH2wNLak+57QtuVNHw==YhYBO6nJvAmmIsQ7Xz2lZDrwT7hL7w==
NWG-WGCDR30320,WatchGuard CloudDR - Monthly Subscription - 101 to 250 licenses,Electronic,CloudDR,CloudDR,https://partner.leadersystems.com.au/products.html?45rvMfZnleI=4m+siBjjcU5cJYOT+ahgvw==2BwjNC6ayvC1SlJWMjRHlFXMGU0GKg==
NWG-WGCR20204,WatchGuard Compliance Reporting - 4 Year - 51 to 100 licenses,Electronic,Reporting & Visibility,Compliance Reporting,https://partner.leadersystems.com.au/products.html?UKMOl0qx1eI=Bc/oWiM7qBjzvPc2rpPHfA==qMhMDyQWYeRNfEus5cK7y33PfAY2
NWG-WGCR20205,WatchGuard Compliance Reporting - 5 Year - 51 to 100 licenses,Electronic,Reporting & Visibility,Compliance Reporting,https://partner.leadersystems.com.au/products.html?oGUTueU+AZI=NBME4mw7z+DVUonVH3BOlg==3cHXNOuvJsnffCU5IXXrrcBLBBix
NWG-WGCR20305,WatchGuard Compliance Reporting - 5 Year - 101 to 250 licenses,Electronic,Reporting & Visibility,Compliance Reporting,https://partner.leadersystems.com.au/products.html?e7oPSx3r5Zg=rOYsGLNW4FF5ZUVOmR6iAA==CxeQWSPXS/NbUa2hGOFhlCrOJ5Uf
NWG-WGCR20604,WatchGuard Compliance Reporting - 4 Year - 1001 to 5000 licenses,Electronic,Reporting & Visibility,Compliance Reporting,https://partner.leadersystems.com.au/products.html?fvd2k2FBf7o=cGA/9/NG/XTFAq0qi9I5Sw==/QzTr9k35gehRgglVX8FQv3R8vIk
NWG-WGMDR30504,WatchGuard Core MDR - 4 Year - 501 to 1000 licenses,Electronic,MDR & NDR,Core MDR,https://partner.leadersystems.com.au/products.html?6ewmghZOmOo=+gX1kD8VQwBEGoswWw5OIA==waptSLAT5rZpsUG+dz6Xr5JNGpGVww==
NWG-WGMDR30604,WatchGuard Core MDR - 4 Year - 1001 to 5000 licenses,Electronic,MDR & NDR,Core MDR,https://partner.leadersystems.com.au/products.html?ZK1wtp1Wja0=eWwdJuAckqdWqQzCC3khxg==CvtpzXj5Td5Wj3RSmHDILK0xnbtljQ==
NWG-WGMDRM30702,WatchGuard Core MDR for Microsoft - 2 Year - 5001+ licenses,Electronic,MDR & NDR,Core MDR for Microsoft,https://partner.leadersystems.com.au/products.html?bH+RNZAanEg=zT+CwpJH3csMMQ+U2WVIFQ==64+Y21lVg1Fps/ZhUPuOzP3h9kFQV2E=
NWG-WGMDRM30704,WatchGuard Core MDR for Microsoft - 4 Year - 5001+ licenses,Electronic,MDR & NDR,Core MDR for Microsoft,https://partner.leadersystems.com.au/products.html?YJAc1Lbj6bk=QZdUGIiDOX8sJcwZ9V7AWw==TD9KHbxdfvrUdhE8EzIlxyedWc+UPL4=
NWG-WGMDRO30502,Watchguard Open MDR- 2 Year - 501 to 1000 licenses,Electronic,MDR & NDR,Open MDR,https://partner.leadersystems.com.au/products.html?rq1qsN/ZA1s=QZIffOI67sVXCX1h64R2fQ==MQxsxutL9wsXi5d2ykGNz4U+wK2Ucho=
NWG-WGMDRO30602,Watchguard Open MDR- 2 Year - 1001 to 5000 licenses,Electronic,MDR & NDR,Open MDR,https://partner.leadersystems.com.au/products.html?MydkDAEpJrM=j5+KusjxzmTrTiPRP+0cHw==ugOr+YcKnV8dDOVLMrfxlPwhW4KaSK8=
NWG-WGAP13022005,USP Wi-Fi Management for WatchGuard AP130 - 5-year,Electronic,Access Points,AP130,https://partner.leadersystems.com.au/products.html?H3YoL38djp8=0Fe6gdK6O0wYDNn29wR7PQ==L+B27DlRlq8lGM3PBYz5DfUBwo/TFZew
NWG-WGCLG174,WatchGuard APT Blocker 4-yr for Firebox Cloud Large,Electronic,Cloud,Firebox Cloud Large,https://partner.leadersystems.com.au/products.html?mjE+TuBFN7o=9moU4tN3AAMfuRbqyZLF7A==5DxP2tYOI6O01ANrUPjMRh7g2G8=
NWG-WGATH30204,WatchGuard AuthPoint MFA - 4 Year - 51 to 100 Users,Electronic,Identity & Access,AuthPoint,https://partner.leadersystems.com.au/products.html?TIy+oxADQVU=2bkAiCRFW9L77j1euiRtfw==+tdD5LjAq1Aqw0FJpKrhuLL6LINlxg==
NWG-WGCR20405,WatchGuard Compliance Reporting - 5 Year - 251 to 500 licenses,Electronic,Reporting & Visibility,Compliance Reporting,https://partner.leadersystems.com.au/products.html?g4bXP2E1edI=I52UG+qMmC4EwfZgzTU8GA==SEwqw8X1LnN47x/HxVma4by4mWMp
NWG-WGMDR30102,WatchGuard Core MDR - 2 Year - 1 to 50 licenses,Electronic,MDR & NDR,Core MDR,https://partner.leadersystems.com.au/products.html?wiaTRL2bk5k=WHJ3cYj8hkN0RAc+l93Ibw==VvwRa29A1oz1vemeZCI0Yg8kPwkrMA==
NWG-WGMDR30202,WatchGuard Core MDR - 2 Year - 51 to 100 licenses,Electronic,MDR & NDR,Core MDR,https://partner.leadersystems.com.au/products.html?+oyvpblBlzs=x9PifKumMbJGFjUTm7hR5g==OtCOQ6CmlhuSoj8u2l+ocqJGoKyPoQ==
NWG-WGMDR30302,WatchGuard Core MDR - 2 Year - 101 to 250 licenses,Electronic,MDR & NDR,Core MDR,https://partner.leadersystems.com.au/products.html?EXQnovVoaFw=OpzuY6tPoEgmV9FxC8hUUg==6mtLRwI1f7QgBUCF2LWLA6pDDGIpZA==
NWG-WGCLG035,WatchGuard Firebox Cloud Large with 5-yr Basic Security Suite,Electronic,Cloud,Firebox Cloud Large,https://partner.leadersystems.com.au/products.html?A3vQBz8DaVQ=w5JcUzbE5/ApQkhVfm17kA==CrPkYONWpf5LPrCwXJarUhJ2YA8=
NWG-WGMDRM30102,WatchGuard Core MDR for Microsoft - 2 Year - 1 to 50 licenses,Electronic,MDR & NDR,Core MDR for Microsoft,https://partner.leadersystems.com.au/products.html?GaaNd0pk2N8=P/6T8+c+4AwLcQGybPfmJw==icX9cXpmb1Zxd1yZpQzfE5n+KxWVzCk=
NWG-WGMDRM30404,WatchGuard Core MDR for Microsoft - 4 Year - 251 to 500 licenses,Electronic,MDR & NDR,Core MDR for Microsoft,https://partner.leadersystems.com.au/products.html?4wnUAhbfMss=3IM0o3DWl3saH3cIdQoLDQ==Dh851LU7U991pc4YXJ6Mgt8ItV6JKCA=
NWG-WGMDRM30502,WatchGuard Core MDR for Microsoft - 2 Year - 501 to 1000 licenses,Electronic,MDR & NDR,Core MDR for Microsoft,https://partner.leadersystems.com.au/products.html?Yo4Gff3sMCw=fCBW15CtZYwAp5k6o9EYeg==HYGubhZ/L6UyiqYHI1AlsMjoyws+Rcc=
NWG-WGMDRO30204,Watchguard Open MDR- 4 Year - 51 to 100 licenses,Electronic,MDR & NDR,Open MDR,https://partner.leadersystems.com.au/products.html?QWxl+z7G9qo=U9ioQ70ZOuakkdBo7do2FA==cTOGTULCwzrsy4QfACfdNHk8e91NYRU=
NWG-WGMDRO30302,Watchguard Open MDR- 2 Year - 101 to 250 licenses,Electronic,MDR & NDR,Open MDR,https://partner.leadersystems.com.au/products.html?KFLWvpxvNNg=4qVuNdRFSo7MdM5b+RA5jQ==9YwX3oCT5B8stdzrOcZUO9++AA0uJgU=
NWG-WGCLG644,WatchGuard Firebox Cloud Large with 4-yr Total Security Suite,Electronic,Cloud,Firebox Cloud Large,https://partner.leadersystems.com.au/products.html?RnzBSTETnbw=hhMv3/D3nuR36eMw7LVKJw==InX3Uj6OZXgKLEG5LPycfD5m9LU=
NWG-WGCLG645,WatchGuard Firebox Cloud Large with 5-yr Total Security Suite,Electronic,Cloud,Firebox Cloud Large,https://partner.leadersystems.com.au/products.html?6mJSiV0B5UM=u4kXGwDgPt2gADE2JG/Z5g==BWAibroyaWJ7TZ2S6tNa18re/x0=
NWG-WGAP23022101,Standard Wi-Fi Management for WatchGuard AP230W - 1-year,Electronic,Access Points,AP230W,https://partner.leadersystems.com.au/products.html?WlWEONrjnYI=Bkr0iWEmXFbv1DiOtARr8w==PXw3E4D8DPZKnQ0Yiws1QTWOXHcIzcUZ
NWG-WGAP13022101,Standard Wi-Fi Management for WatchGuard AP130 - 1-year,Electronic,Access Points,AP130,https://partner.leadersystems.com.au/products.html?j+3mEPyV1vI=9BeRKvKPF0vFEBD09J9u1w==KkRIypMSEME8YvNbDhfMsVwZmeOPKL8d
NWG-WGAP13022103,Standard Wi-Fi Management for WatchGuard AP130 - 3-year,Electronic,Access Points,AP130,https://partner.leadersystems.com.au/products.html?RAuIj50KN/A=X8g/LiVBp+RaVeqPw/uA5A==tRR3ujzKdLD9DhV54sgVxIoCJu7BoQbh
NWG-WGAP13022105,Standard Wi-Fi Management for WatchGuard AP130 - 5-year,Electronic,Access Points,AP130,https://partner.leadersystems.com.au/products.html?UOp3L9VtoWs=yCOhqgC3yohVQA+WWOCbFA==aA1HbRHQgnwr+ovTxhj/fY3uSAv3WGCt
NWG-WGAP23000623,WatchGuard Standard Wi-Fi Management Renewal/Upgrade 3-yr for AP230W,Electronic,Access Points,AP230W,https://partner.leadersystems.com.au/products.html?ARuowFUMhdw=w+Y3tw6DV+x3W7u8+lnZNQ==LcOZOlexiywK97XeXGXWbxC5yS/qpMlW
NWG-WGAP23000625,WatchGuard Standard Wi-Fi Management Renewal/Upgrade 5-yr for AP230W,Electronic,Access Points,AP230W,https://partner.leadersystems.com.au/products.html?4n3Afed+An8=d+eJxT7ZaQZmjtAMs7nNdw==xS01S+zTp53oFwszhto+cGTRc6lkNAOC
NWG-WGESA30101,WatchGuard Endpoint Security Basic - 1 Year - 1 to 50 licenses,Electronic,Endpoint & Mobile,Endpoint Security Basic,https://partner.leadersystems.com.au/products.html?uj/AxHuwxOg=pOQ6sp7Ybh8u9lZuiX7a7A==k9NZ1TAs8LQJScM7nbqQoKV3SO8/7w==
NWG-WGESA30201,WatchGuard Endpoint Security Basic - 1 Year - 51 to 100 licenses,Electronic,Endpoint & Mobile,Endpoint Security Basic,https://partner.leadersystems.com.au/products.html?cRG5mKZQ7Dg=QzzjQNeKKBr2vhT2Xkh3ng==fJRxqUjTLBC4BOKOG2lS+q6+dod8tw==
NWG-WGESA30503,WatchGuard Endpoint Security Basic - 3 Year - 501 to 1000 licenses,Electronic,Endpoint & Mobile,Endpoint Security Basic,https://partner.leadersystems.com.au/products.html?ggAcYbwNvsA=hHap8RcpVt7MElkLdbSMgw==fjffVHkQfPicTLVeVou3ALxCknCZHw==
NWG-WGESB30603,WatchGuard Endpoint Security 360 - 3 Year - 1001 to 5000 licenses,Electronic,Endpoint & Mobile,Endpoint Security 360,https://partner.leadersystems.com.au/products.html?L93oKqr/oI0=NhRFNMwyx189jGYatIGZ/A==185CwnQ7zeNQ5Si0AtVyS9Et+kSWqw==
NWG-WGESB30701,WatchGuard Endpoint Security 360 - 1 Year - 5001+ licenses,Electronic,Endpoint & Mobile,Endpoint Security 360,https://partner.leadersystems.com.au/products.html?fBi4YbAaz4U=2EyVWYTThECjO25k/C89WA==5EZbDwFWo3RMs7WTBjAaeeO3rpBmNQ==
NWG-WGESC30201,WatchGuard Endpoint Security Elite - 1 Year - 51 to 100 licenses,Electronic,Endpoint & Mobile,Endpoint Security Elite,https://partner.leadersystems.com.au/products.html?Y60K49pZOVU=eoGz/x4SYmvPBpfpH4+geA==oYorcM7qyBGXv03H94lHJkt9/NHpOQ==
NWG-WGESC30301,WatchGuard Endpoint Security Elite - 1 Year - 101 to 250 licenses,Electronic,Endpoint & Mobile,Endpoint Security Elite,https://partner.leadersystems.com.au/products.html?s/q9YWu2nTc=U2VNbCIAPp/AWG8dlvbLvQ==TQVDYEGD2BEFPjk2LOO9bn9r9TJKLg==
NWG-WGWEDP30401,WatchGuard Endpoint Security Prime - 1 Year - 251 to 500 licenses,Electronic,Endpoint & Mobile,Endpoint Security Prime,https://partner.leadersystems.com.au/products.html?KiHLzTzonas=S4/aDV2H/1XAy4E9jAAXbA==ymrckB/FGvrMGu4qpHOQB4T3JEPUl5k=
NWG-WGWEDP30603,WatchGuard Endpoint Security Prime - 3 Year - 1001 to 5000 licenses,Electronic,Endpoint & Mobile,Endpoint Security Prime,https://partner.leadersystems.com.au/products.html?jMR3TMvbbwU=gYfXNmThLtfSDK3W4r/lXA==y48rwsM+WWyri5Llc+HpQ+3nB/vzbZU=
NWG-WGWEDP30701,WatchGuard Endpoint Security Prime - 1 Year - 5001+ licenses,Electronic,Endpoint & Mobile,Endpoint Security Prime,https://partner.leadersystems.com.au/products.html?kE+2E1jOPRc=O7fK/hXyEAH9ssEaI0HBRw==nenqbggMtv3R8oW2xhGxXfGhcH6FHRM=
NWG-WGMDRO30301,WatchGuard Open MDR - 1 Year - 101 to 250 licenses,Electronic,MDR & NDR,Open MDR,https://partner.leadersystems.com.au/products.html?ZMZmHni34Bo=TmCjSlLF/lxQlOazekDFJQ==1/rDhDNo2OqUwxJ3dudpO3Gd0T5CvWY=
NWG-WGMDRO30303,WatchGuard Open MDR - 3 Year - 101 to 250 licenses,Electronic,MDR & NDR,Open MDR,https://partner.leadersystems.com.au/products.html?6uf1IDq0nNs=/FzFfMptTYycyb0sBpYQNg==P8FAqPpvF4gzo3EIigK49J3VIFoeBOI=
NWG-WGTSO30301,WatchGuard ThreatSync Open - 1 Year - 101 to 250 licenses,Electronic,MDR & NDR,ThreatSync Open,https://partner.leadersystems.com.au/products.html?gPt7wGToy+o=xQcgbKbTIwupOo4da2gJyA==Y14qIAzonP/3jhpvanhKJ0Ro58dThQ==
NWG-WGTSO30305,WatchGuard ThreatSync Open - 5 year - 101 to 250 licenses,Electronic,MDR & NDR,ThreatSync Open,https://partner.leadersystems.com.au/products.html?hKzjTsUosUw=7mmX4Jr15vlGN31k4+NITQ==pxLeQuCpVfsCPMSlqIFDnN42WKMEFA==
NWG-WGTSO30420,WatchGuard ThreatSync Open - Monthly Subscription - 251 to 500 licenses,Electronic,MDR & NDR,ThreatSync Open,https://partner.leadersystems.com.au/products.html?7MbAh5v+fAo=IUGnTfOLKGGMCeLwdaPLhw==by86vxwZ57bWmvfjpwSsleA6TT9ZQQ==
NWG-WGTSO30503,WatchGuard ThreatSync Open - 3 Year - 501 to 1000 licenses,Electronic,MDR & NDR,ThreatSync Open,https://partner.leadersystems.com.au/products.html?d/ojsrt3e5w=WtddEQ4Q9RwdKMCQSPjb+A==lxCPbk92Fn2mAOQwwI4A10UlIZMftw==
NWG-WGTSO30520,WatchGuard ThreatSync Open - Monthly Subscription - 501 to 1000 licenses,Electronic,MDR & NDR,ThreatSync Open,https://partner.leadersystems.com.au/products.html?WESbENDXHEc=uvi3/qeVXDWpZM4/L6aNLw==75Ctf6nAPkPfzuGzzeEQVsSncOE16w==
NWG-WGFCI30201,WatchGuard FireCloud Internet Access - 1 Year - 51 to 100 licenses,Electronic,FireCloud,FireCloud Internet Access,https://partner.leadersystems.com.au/products.html?H/fOTTBKHHk=xt0pfdNQFvE7tGb4xjefVA==CjqCfwpOLZnR4u+GXaZtTEQ6DBTKQQ==
NWG-WGFCI30401,WatchGuard FireCloud Internet Access - 1 Year - 251 to 500 licenses,Electronic,FireCloud,FireCloud Internet Access,https://partner.leadersystems.com.au/products.html?419Nb4rW4qM=0FUCL82gu82fEWb6O+dhsg==gQYz6uEBSfboRJaKc6xJNO7EicLjQg==
NWG-WGCDR30405,WatchGuard CloudDR - 5 Year - 251 to 500 licenses,Electronic,CloudDR,CloudDR,https://partner.leadersystems.com.au/products.html?HYyW9K4ur7Q=d7OZBklxfOJsi09YI0dpnQ==L+EosfSxaymRCRAefSh8pa9dpU5OVQ==
NWG-WGCDR30605,WatchGuard CloudDR - 5 Year - 1001 to 5000 licenses,Electronic,CloudDR,CloudDR,https://partner.leadersystems.com.au/products.html?FU6fBTkf6iY=yL7jfQEIDDsPSjcw2549ng==MuBznCNX1RQdUCX161nZ/W6SjJL63A==
NWG-WGCDR30520,WatchGuard CloudDR - Monthly Subscription - 501 to 1000 licenses,Electronic,CloudDR,CloudDR,https://partner.leadersystems.com.au/products.html?7spXCLIJH3c=6pHcbhSmXxc8UKRMTATAfg==jXpVa5lvX664MoSA5o4b+LNrwx37cg==
NWG-WGCDR30720,WatchGuard CloudDR - Monthly Subscription - 5001+ licenses,Electronic,CloudDR,CloudDR,https://partner.leadersystems.com.au/products.html?01CLTmEPinQ=W/AjVmA9uEPjYCRdomBWDA==mxVIpKhSx0fXV5LNrHZCvQ8kNVLWXQ==
NWG-WGATH30302,WatchGuard AuthPoint MFA - 2 Year - 101 to 250 Users,Electronic,Identity & Access,AuthPoint,https://partner.leadersystems.com.au/products.html?qYjBfTaPCww=tnaalV5no+f58PNvGyTM3A==4P5TD50vlW9yGJsAPnswVjv5bwqnOA==
NWG-WGATH30402,WatchGuard AuthPoint MFA - 2 Year - 251 to 500 Users,Electronic,Identity & Access,AuthPoint,https://partner.leadersystems.com.au/products.html?Q/+qMiLNCbc=4TibyIkJDGXimr9Bs62KNA==Jssxj0Y7TDyxf7OTVWXlakxkWeEe4Q==
NWG-WGATH30604,WatchGuard AuthPoint MFA - 4 Year - 1001 to 5000 Users,Electronic,Identity & Access,AuthPoint,https://partner.leadersystems.com.au/products.html?lmN9FS8t7m8=OBfp8/zMeWlpN3LY6Lo3jA==XK3kWfEZzWS9SaDQ6Hgdk9cWKXXv2A==
NWG-WGATH30704,WatchGuard AuthPoint MFA - 4 Year - 5001+ Users,Electronic,Identity & Access,AuthPoint,https://partner.leadersystems.com.au/products.html?nDHIcLaotM8=br0N6EyKA4/1rl1JgVrcVg==0yFAYgLT2wx0TTCPA39MDRR3ijKj+g==
NWG-WGMDR30402,WatchGuard Core MDR - 2 Year - 251 to 500 licenses,Electronic,MDR & NDR,Core MDR,https://partner.leadersystems.com.au/products.html?5XOqjQW/3DM=rJ9Vam3+mr2sOH774S8skw==oHDx5Oh4ayaIt478CKbMtxIk09ryDw==
NWG-WGMDR30502,WatchGuard Core MDR - 2 Year - 501 to 1000 licenses,Electronic,MDR & NDR,Core MDR,https://partner.leadersystems.com.au/products.html?lJm82qJncvQ=95EkTGYmWMTEDw+BIpFj9g==aHoUW62+PnjygflYiH+qNkyfIwyrTA==
NWG-WGMDR30702,WatchGuard Core MDR - 2 Year - 5001+ licenses,Electronic,MDR & NDR,Core MDR,https://partner.leadersystems.com.au/products.html?3NyYXsWgTRM=J+5lF87qD6Lg8W1FHKPT/g==/DXhUdVVjnjpsQgOR0ng91xfM9uK2Q==
NWG-WGCLG032,WatchGuard Firebox Cloud Large with 2-yr Basic Security Suite,Electronic,Cloud,Firebox Cloud Large,https://partner.leadersystems.com.au/products.html?xZ/7w5J2uOI=SMknlLTEInZIQSGLlE/hhQ==RDwT1EZMydbwjve7TupBjRNszrA=
NWG-WGA330000,WatchGuard AP330 Appliance Only – License Not Included (Requires Separate WG License Purchase),Physical,Access Points,AP330,https://partner.leadersystems.com.au/products.html?LDxQTcAgHug=qtEgvi9Xdp0aH//QT5nYHQ==dV0Bb78FpG0W/562vPdmUlengVNf
NWG-WGMDRM30505,WatchGuard Core MDR for Microsoft - 5 Year - 501 to 1000 licenses,Electronic,MDR & NDR,Core MDR for Microsoft,https://partner.leadersystems.com.au/products.html?1jN5EYMmHV0=Y9ajvYXf1aUxfyidpnGMEw==OXSkhg/ausR87X4rp+2OYuXqXP9c8i4=
NWG-WGMDRO30102,Watchguard Open MDR- 2 Year - 1 to 50 licenses,Electronic,MDR & NDR,Open MDR,https://partner.leadersystems.com.au/products.html?ENrdofTRdQc=A4XQnbHw6w+igzmKq348WQ==8tTB4M7C3453HFOGGwV7KtuK1GTutFU=
NWG-WGMDRO30105,Watchguard Open MDR- 5 Year - 1 to 50 licenses,Electronic,MDR & NDR,Open MDR,https://partner.leadersystems.com.au/products.html?7UQKZAks9E8=R/Cl0xgr9VPrgbIFJsfuZA==ZlHj/rO2j5mbUBVBEGA/e9iviYMdcbA=
NWG-WGCLG524,WatchGuard Cloud 1-month data retention for Firebox Cloud Large - 4-yr,Electronic,Cloud,Firebox Cloud Large,https://partner.leadersystems.com.au/products.html?d0Oa59R51zU=9+LWpoqiaU4ahZbjQpf0hA==KPS1DZUl3n4UbGppNkvoKf1CmIk=
NWG-WGAP23022103,Standard Wi-Fi Management for WatchGuard AP230W - 3-year,Electronic,Access Points,AP230W,https://partner.leadersystems.com.au/products.html?4cm3oB09lHM=o6viPKUQ9iCUkyBMKFzRzA==dTegCmCb1tw7SYlL+HS26LA9ko2qJAbb
NWG-WGAP23022105,Standard Wi-Fi Management for WatchGuard AP230W - 5-year,Electronic,Access Points,AP230W,https://partner.leadersystems.com.au/products.html?fi0U8agQWe8=Uqan4PbOx1AEVUcchvVoig==0Sx+9HIRMNO1tk5ET6RKGEgjNvTO4/uK
NWG-WGA430000,"WatchGuard AP430CR Appliance Only – License Not Included (Requires Separate WG License Purchase), Antennas (WG9004) are sold separately",Physical,Access Points,AP430CR,https://partner.leadersystems.com.au/products.html?AQeFP1ah3B0=A0ZTv3be4a8S2D+p0EHVEg==BSX98pso1I/tcL+dpT5Y+ODwuykr
NWG-WGT49000-AU,WatchGuard Firebox T45-CW Appliance Only (AU) – License Not Included (Requires Separate WG License Purchase),Physical,T-Series,T45-CW,https://partner.leadersystems.com.au/products.html?R59JUI0/CTg=IC/IEwBN1pDiOUfjDva/Xw==UpVj0FOqxz76IQU4vbH6ZV8kE0eI3qY=
NWG-WGT490213,Trade Up to WatchGuard Total Security Suite for Firebox T45-CW - 3-Year (License ONLY; HW SKU: WGT49000-AU),Electronic,T-Series,T45-CW,https://partner.leadersystems.com.au/products.html?zlJiMrrxMMg=WNOh7aBtRoStOAmhH46XaA==9cEzxOW9a8qFwZTtALVYDMF6wLJd
NWG-WGA23000503,USP Wi-Fi Management for WatchGuard AP230W NFR - 3-year (License ONLY; HW SKU: WGA230000),Electronic,Access Points,AP230W,https://partner.leadersystems.com.au/products.html?l5mqlAkZoyg=rG+zonrwK7yzT+7/ElOxfA==iLiATXkNxG4WVwFlaIW7SH8OMKRrSR0=
NWG-WGT480215,Trade Up to WatchGuard Total Security Suite for Firebox T45-W-PoE - 5-Year (License ONLY; HW SKU: WGT48000-AU),Electronic,T-Series,T45-W-PoE,https://partner.leadersystems.com.au/products.html?3aSPmzJCj+s=VgAQkc7QBm0BW6x7LzzLiw==iOeLKU+Sj0A9woxIJ4b7Cs9ituc9
NWG-WGT470075,WatchGuard Basic Security Suite for Firebox T45-PoE - 5-Year (License ONLY; HW SKU: WGT47000-AU),Electronic,T-Series,T45-PoE,https://partner.leadersystems.com.au/products.html?hDPlVbZY6+A=bZYQ2bIaq2IJRRfKyhnL+Q==yatUN4shFMwa8tSQp6WbCPru3VnC
NWG-WGT260203,Trade Up to WatchGuard Basic Security Suite for Firebox T25-W - 3-Year (License ONLY; HW SKU: WGT26000),Electronic,T-Series,T25-W,https://partner.leadersystems.com.au/products.html?PVoBdadQC5g=AkqsFUFIZIDUZ2RHWVP/Xw==QZ3MOlDFdybeX2PwHeTm7ztn+Nuc
NWG-WGT260085,WatchGuard Total Security Suite for Firebox T25-W - 5-Year (License ONLY; HW SKU: WGT26000),Electronic,T-Series,T25-W,https://partner.leadersystems.com.au/products.html?zxLDBg5ZE2Y=39ALYwXPu1AnAhfumhulxA==3eVt1WaUrjDjvIyux9VnKNbW1y9s
NWG-WGT250085,WatchGuard Total Security Suite for Firebox T25 - 5-Year (License ONLY; HW SKU: WGT25000),Electronic,T-Series,T25,https://partner.leadersystems.com.au/products.html?gznlxSFc47w=gif4A3ralEhrlk4/T6M9QA==OxIlO0cc5ZzPPRozokILfU1Yt7Gf
NWG-WGM5901603,WatchGuard High Availability for M590 - 3-Year (License ONLY; HW SKU: WGM590000),Electronic,M-Series,M590,https://partner.leadersystems.com.au/products.html?WnO5eldVYaE=DZcYz1tM0wqTV1vroro3Wg==j9WfZW5EcAX9Imw6Uyd2gxHR1FY89A==
NWG-WGM5900071,WatchGuard Basic Security Suite for Firebox M590 - 1-Year (License ONLY; HW SKU: WGM590000),Electronic,M-Series,M590,https://partner.leadersystems.com.au/products.html?q+EvLFxkbKs=LPs9RcQB/bdlSD9ZjhtcUg==4cVvjQcM6Cy936j6JfccYN1989j9oA==
NWG-WGM5900061,WatchGuard Standard Support for Firebox M590 - 1-Year (License ONLY; HW SKU: WGM590000),Electronic,M-Series,M590,https://partner.leadersystems.com.au/products.html?RGU5FW1Ckqc=TXxzx9B5eivIM1YJCvfMhw==OyIOyMMdBuQdMWnPOTVapfqtHCm/mg==
NWG-WGM2900211,Trade Up to WatchGuard Total Security Suite for Firebox M290 - 1-Year (License ONLY; HW SKU: WGM290000),Electronic,M-Series,M290,https://partner.leadersystems.com.au/products.html?DmWns3fELZw=YmUozfoeDlOa8SJCZzkz7Q==R5frEgI7SR07key582N7Dd/0iOQpgA==
NWG-WGA43222003,USP Wi-Fi Management for WatchGuard AP432 - 3-year (License ONLY; HW SKU: WGA432000),Electronic,Access Points,AP432,https://partner.leadersystems.com.au/products.html?Y1JMDJvAC0w=LmG3bKSsorw3p0UN7c0N8A==rB4nASRIvR1P3VmZOGH2YxJWkkXfdoE=
NWG-WGA43000503,USP Wi-Fi Management for WatchGuard AP430CR NFR - 3-year (License ONLY; HW SKU: WGA430000),Electronic,Access Points,AP430CR,https://partner.leadersystems.com.au/products.html?AsehMMAT/00=HPFZgXP1vX1S1bwjyf7hXw==vGonSy/9HTD0E8MmeYy9mFyMNHDluO0=
NWG-WGA33022001,USP Wi-Fi Management for WatchGuard AP330 - 1-year (License ONLY; HW SKU: WGA330000),Electronic,Access Points,AP330,https://partner.leadersystems.com.au/products.html?kBmFwAJN9C4=5CDP4oWV227ShLz0WYpM+Q==lJYfp+B1e+67w/HkPmHuDlOoKJUjtUI=
NWG-WGA33000503,USP Wi-Fi Management for WatchGuard AP330 NFR - 3-year (License ONLY; HW SKU: WGA330000),Electronic,Access Points,AP330,https://partner.leadersystems.com.au/products.html?IGzATAvbRVQ=n3o0Fbe5Ieu1EO7SI+ND9g==Bx9xWgdSLmR1ZB1jUawMY12Lnwq7aSQ=
NWG-WGM48000213,Trade Up to WatchGuard Total Security Suite for Firebox M4800 - 3-Year (License ONLY; HW SKU: WGM48000),Electronic,M-Series,M4800,https://partner.leadersystems.com.au/products.html?eyN2QFmJc3s=atPmmFHrLbDo11AhxoS+BA==5iih0+6vxn/2lSC9R6cHxDSoyVi6J8g=
NWG-WGM58000063,WatchGuard Standard Support for Firebox M5800 - 3-Year (License ONLY; HW SKU: WGM58000),Electronic,M-Series,M5800,https://partner.leadersystems.com.au/products.html?yltzMdiyV/g=5wszR5XCSZHTT3qW/CYxvA==DP6+lrwhv6SG+2pa/ahwrtZIJQ0cuA4=
NWG-WGMDRT30201,WatchGuard Total MDR - 1 Year - 51 to 100 licenses,Electronic,MDR & NDR,Total MDR,https://partner.leadersystems.com.au/products.html?krMLMtl/lF0=26IV16m1hhBCXci2gptTzg==2HYM3IkJTfDMbrUWia/IlsB9sW6IPx0=
NWG-WGT1850211,Trade Up to WatchGuard Total Security Suite for Firebox T185 - 1-Year (License ONLY; HW SKU: WGT185000),Electronic,T-Series,T185,https://partner.leadersystems.com.au/products.html?t627ZkV6Pok=M0znqjgUmS5tVDdrh8Dxpw==NV0Z+vhIJuWqZFVwistPM4DZGOCdBQ==
NWG-WGT1850215,Trade Up to WatchGuard Total Security Suite for Firebox T185 - 5-Year (License ONLY; HW SKU: WGT185000),Electronic,T-Series,T185,https://partner.leadersystems.com.au/products.html?9bsV5IlaTpo=w/pCa32tQBecDeLyhAyzGw==NIsM0+b1zWkRqFGl6oKalixsh0QpsA==
NWG-WGFCT30603,WatchGuard FireCloud Total Access - 3 Year - 1001 to 5000 licenses,Electronic,FireCloud,FireCloud Total Access,https://partner.leadersystems.com.au/products.html?vXuDOYMhlwo=/mr0jLDiTQVx5j7m+guxxw==MaUJvhNzuIZyT822cwn5SxfNvVlQLg==
NWG-WGT1160205,Trade Up to WatchGuard Basic Security Suite for Firebox T115-W - 5-Year (License ONLY; HW SKU: WGT116000),Electronic,T-Series,T115-W,https://partner.leadersystems.com.au/products.html?6MeAqtTUlMI=5CG1jyUf2j1DdBTDD+uDcw==jWjH15/+sYTA4gxC/cIjU4S+GCTe8Q==
NWG-WGT1260203,Trade Up to WatchGuard Basic Security Suite for Firebox T125-W - 3-Year (License ONLY; HW SKU: WGT126000),Electronic,T-Series,T125-W,https://partner.leadersystems.com.au/products.html?KTWKQ9uavnQ=LmbqyEc8dExxqZ32bBxCyQ==FoDj59DGj/1LESG2vDECNEE0BD7moA==
NWG-WGT1260205,Trade Up to WatchGuard Basic Security Suite for Firebox T125-W - 5-Year (License ONLY; HW SKU: WGT126000),Electronic,T-Series,T125-W,https://partner.leadersystems.com.au/products.html?Xsyu1n9XANA=CItbBekJdXveGTv1DQLY0A==E5pKpF9c1a3Qvgiwxd5jpV86tJqHHA==
NWG-WGT1160023,WatchGuard NFR for Firebox T115-W - 3 Year (License ONLY; HW SKU: WGT116000),Electronic,T-Series,T115-W,https://partner.leadersystems.com.au/products.html?+3LMqU04LCU=JFFQWpjJ9vYijNhcZ2zT/Q==CaOTlrmMjwqcsJ9820xsH8QELZzcXg==
NWG-WGT1260023,WatchGuard NFR for Firebox T125-W - 3 Year (License ONLY; HW SKU: WGT126000),Electronic,T-Series,T125-W,https://partner.leadersystems.com.au/products.html?cSyCsBh6Hbo=eNtXFAMjQoRsuWImQk7dTQ==1TyN7DqXJPmb1LSmnFFvGS3GfgsNsA==
NWG-WGT1260065,WatchGuard Standard Support for Firebox T125-W - 5-Year (License ONLY; HW SKU: WGT126000),Electronic,T-Series,T125-W,https://partner.leadersystems.com.au/products.html?giUxIAYtVkE=wh2B9hsfOZmavyIoE+XpLQ==9gC5f2oe2p0DbONTdLCQz16YMYeSIw==
NWG-WGT1250213,Trade Up to WatchGuard Total Security Suite for Firebox T125 - 3-Year (License ONLY; HW SKU: WGT125000),Electronic,T-Series,T125,https://partner.leadersystems.com.au/products.html?7Rx6EP7XY4k=iZJfRdsHbEncc5lFuFzx/Q==r8uiUtZlXQCeSo5CVyFXVuRTadvCtg==
NWG-WGT1250215,Trade Up to WatchGuard Total Security Suite for Firebox T125 - 5-Year (License ONLY; HW SKU: WGT125000),Electronic,T-Series,T125,https://partner.leadersystems.com.au/products.html?tFQ6UZvIkyI=fPdfGNegKsejBUGFn1ASIg==mwqG6eMPsHfMIWlSRydL2X/jND7t2Q==
NWG-WGT1250071,WatchGuard Basic Security Suite for Firebox T125 - 1-Year (License ONLY; HW SKU: WGT125000),Electronic,T-Series,T125,https://partner.leadersystems.com.au/products.html?yFDOhXoyM4E=T9pkh+PvlIinrSZFibDisg==6zLK5crR+INbBQI4LzfNBlfNjz1RuQ==
NWG-WGT1250073,WatchGuard Basic Security Suite for Firebox T125 - 3-Year (License ONLY; HW SKU: WGT125000),Electronic,T-Series,T125,https://partner.leadersystems.com.au/products.html?qw6DlspWLrw=PxL664eAPUmPvsYEG81bDA==MNJE+dKcwwNWJMlAdLBFw/XT4SxemA==
NWG-WGT1450073,WatchGuard Basic Security Suite for Firebox T145 - 3-Year (License ONLY; HW SKU: WGT145000),Electronic,T-Series,T145,https://partner.leadersystems.com.au/products.html?yfqHNr2LGv8=TyWQEhWn0O0qOTG00RvTxA==X/d7GTRkDQaY2sjpADLIMWRJ3WG12w==
NWG-WGT1250023,WatchGuard NFR for Firebox T125 - 3 Year (License ONLY; HW SKU: WGT125000),Electronic,T-Series,T125,https://partner.leadersystems.com.au/products.html?GltlVu3H7dE=uWhrM0PhIeoPKjmuD49qsg==QWHyoCMSXZyFyl8mJj4j8Kkz4hyyig==
NWG-WGT1460205,Trade Up to WatchGuard Basic Security Suite for Firebox T145-W - 5-Year (License ONLY; HW SKU: WGT146000),Electronic,T-Series,T145-W,https://partner.leadersystems.com.au/products.html?NDXpQg/zY3w=Hr7nYyxWciV1ONQNkXx22w==NwSaCVJB20h/98mNxUEtYrPS+wtnbw==
NWG-WGT1460213,Trade Up to WatchGuard Total Security Suite for Firebox T145-W - 3-Year (License ONLY; HW SKU: WGT146000),Electronic,T-Series,T145-W,https://partner.leadersystems.com.au/products.html?6hgF6dBSl/s=l3RZPGVnkNkC7zIKNj62dQ==J9URKcYFMU0J4n8jd/vD+3rYCDLRhA==
NWG-WGT1460085,WatchGuard Total Security Suite for Firebox T145-W - 5-Year (License ONLY; HW SKU: WGT146000),Electronic,T-Series,T145-W,https://partner.leadersystems.com.au/products.html?HF5s7Ib5eO8=cYogUYCBq+P0jZGact/pvg==wvJX9Hg/7IriwvaWbmGgTzkaHweH+g==
NWG-WGM4950213,Trade Up to WatchGuard Total Security Suite for Firebox M495 - 3-Year (License ONLY; HW SKU: WGM495000),Electronic,M-Series,M495,https://partner.leadersystems.com.au/products.html?krllpM8La14=oUNYwyPb6H2jqJRtpZ8avQ==4KaALwVYuqeCfrNU7DpIxHxSK/6OGg==
NWG-WGM5950213,Trade Up to WatchGuard Total Security Suite for Firebox M595 - 3-Year (License ONLY; HW SKU: WGM595000),Electronic,M-Series,M595,https://partner.leadersystems.com.au/products.html?hLmyhhn9N5Q=WISH67AlZUe1JXGMEBmt3g==wglxH34ZQI5z9j+tLDnFNmSVRgvhoQ==
NWG-WGM3951601,WatchGuard High Availability for M395 - 1-Year (License ONLY; HW SKU: WGM395000),Electronic,M-Series,M395,https://partner.leadersystems.com.au/products.html?cZN/TZDwSBc=Z6w15bHEkIuqdOE4sHzrCQ==7DvKJqOtNalPxX3/aLMoU0MlOLpkRQ==
NWG-WGM4951601,WatchGuard High Availability for M495 - 1-Year (License ONLY; HW SKU: WGM495000),Electronic,M-Series,M495,https://partner.leadersystems.com.au/products.html?kpHzTAkD/gg=xyckq6ffsp/rHcC4d+wdTg==iAuIDMVeP2oPKR35mZvjxTsSQ+JIRQ==
NWG-WGM5951601,WatchGuard High Availability for M595 - 1-Year (License ONLY; HW SKU: WGM595000),Electronic,M-Series,M595,https://partner.leadersystems.com.au/products.html?D98ENv1Ua7w=x5Xk0iWdCXG+CCQ5S8Ajhw==Gfb8qWix8o9aoZ/WyW04p80OsO4zJg==
NWG-WGM4950061,WatchGuard Standard Support for Firebox M495 - 1-Year (License ONLY; HW SKU: WGM495000),Electronic,M-Series,M495,https://partner.leadersystems.com.au/products.html?uyebOXVCvzQ=vFzAwrOG7l8UPfZpSrocTQ==7L4WZdGDSQHI5lq/uzwqZ9JqnRu77A==
NWG-WGM5950061,WatchGuard Standard Support for Firebox M595 - 1-Year (License ONLY; HW SKU: WGM595000),Electronic,M-Series,M595,https://partner.leadersystems.com.au/products.html?17BXiuUIxgI=nETZbyGxcwL6YcNEn6WGVQ==4jaXhaPErYqRQi4+I8Z/z9PW9EKGYg==
NWG-WGWESS30301,WatchGuard Endpoint Security for Servers - 1 Year - 101 to 250 licenses,Electronic,Endpoint & Mobile,Endpoint Security for Servers,https://partner.leadersystems.com.au/products.html?OmAHePmJnfQ=Q5Fff0QXH5QrgjkOG1mczA==5vjeACYTvvSURoTNIFZUnrC+Mvo0BII=
NWG-WGZTC30203,WatchGuard Zero-Trust - 3-Year - 51 to 100 Seats,Electronic,Endpoint & Mobile,Zero-Trust,https://partner.leadersystems.com.au/products.html?Y/wTKQyOXos=zU7nnQewPMebtqObr3lJ1A==u0efk4yTZCdC2LXUEg0qopbI3LIf/A==
NWG-WGZTC30403,WatchGuard Zero-Trust - 3-Year - 251 to 500 Seats,Electronic,Endpoint & Mobile,Zero-Trust,https://partner.leadersystems.com.au/products.html?WGWrfDcfpPo=c5bTDLxLFAPFe/iPaFutDQ==qDxhrVrSAIeLMKTFVqXVSiIfr7kJIQ==
NWG-WGESA30001,WatchGuard Endpoint Security Basic NFR - 1 year - 1+ licenses,Electronic,Endpoint & Mobile,Endpoint Security Basic,https://partner.leadersystems.com.au/products.html?qubDgHctI4o=zmfWPrvrPt6cENtgBytt/Q==yyTNneBEGoG7HDldMOGillPezSIS5w==
NWG-WGESA30603,WatchGuard Endpoint Security Basic - 3 Year - 1001 to 5000 licenses,Electronic,Endpoint & Mobile,Endpoint Security Basic,https://partner.leadersystems.com.au/products.html?w4k1aQjVnMQ=QlYi51tbFc49ClNFiZE4xg==JSmVfxvwBdzg5uha0AHX9X3h3Zzk5A==
NWG-WGESB30503,WatchGuard Endpoint Security 360 - 3 Year - 501 to 1000 licenses,Electronic,Endpoint & Mobile,Endpoint Security 360,https://partner.leadersystems.com.au/products.html?tyyVflmhxTg=PkR3ZpiJQJX1pyRqiJIBLA==43G39qDd6u+U7nebfhf/rig2elxKMw==
NWG-WGESC30303,WatchGuard Endpoint Security Elite - 3 Year - 101 to 250 licenses,Electronic,Endpoint & Mobile,Endpoint Security Elite,https://partner.leadersystems.com.au/products.html?I5FDVYoQGhk=eGLpnE2otRLf9YkfEfDOoQ==iGd50H+a2bHRlPDxV+72cYmHjvrOzw==
NWG-WGESC30403,WatchGuard Endpoint Security Elite - 3 Year - 251 to 500 licenses,Electronic,Endpoint & Mobile,Endpoint Security Elite,https://partner.leadersystems.com.au/products.html?604Q3cICiuY=tXLJInBhxe3Tft2/fPAcPg==Y9eC8hsh+abZxmhWCxk+Cq7qCMcZCA==
NWG-WGWEDP30103,WatchGuard Endpoint Security Prime - 3 Year - 1 to 50 licenses,Electronic,Endpoint & Mobile,Endpoint Security Prime,https://partner.leadersystems.com.au/products.html?msQeZKeebhc=YAMi9HFHZAKx8Q0VsRDNqA==6esTCfqse4WNjQpjqRU1tp2D/KJUVkw=
NWG-WGWEDP30203,WatchGuard Endpoint Security Prime - 3 Year - 51 to 100 licenses,Electronic,Endpoint & Mobile,Endpoint Security Prime,https://partner.leadersystems.com.au/products.html?bc3k3qSQcF0=l6HvU3tDoXBL4/4E4jViMA==mPsPTaGbBYqZXdzt1LHbfKvJSBHQRYU=
NWG-WGMDRO30201,WatchGuard Open MDR - 1 Year - 51 to 100 licenses,Electronic,MDR & NDR,Open MDR,https://partner.leadersystems.com.au/products.html?K2eSCZG/irI=bxLKCx8tc8UTJtwSsjlO5Q==PB50bGAaJtfFL9NE7x39dHe5lR+yvg0=
NWG-WGTSO30120,WatchGuard ThreatSync Open - Monthly Subscription - 1 to 50 licenses,Electronic,MDR & NDR,ThreatSync Open,https://partner.leadersystems.com.au/products.html?zwlwkHsTcTo=XcHf/klSOP3KUEq4si1Beg==auP36czY5L0QQ+xycfMa/sXe0TcLtQ==
NWG-WGTSO30203,WatchGuard ThreatSync Open - 3 Year - 51 to 100 licenses,Electronic,MDR & NDR,ThreatSync Open,https://partner.leadersystems.com.au/products.html?9x9y5qtcogY=HyRQICTaRF72yizSmLqoew==Xwz19Ay39mdqbHqifki1QihVxfr2/A==
NWG-WGTSO30601,WatchGuard ThreatSync Open - 1 Year - 1001 to 5000 licenses,Electronic,MDR & NDR,ThreatSync Open,https://partner.leadersystems.com.au/products.html?/1bGw9fmzOA=UhkFmcCFsh9RmtydJBwLLg==7mJzf4+cbI4TIbBLWVn9PA4META1xg==
NWG-WGTSO30605,WatchGuard ThreatSync Open - 5 year - 1001 to 5000 licenses,Electronic,MDR & NDR,ThreatSync Open,https://partner.leadersystems.com.au/products.html?fTXBQqLGdoo=AazlT6LKxo/FaQ0W6QFv4w==PqJqfYuwO0ySjHRQkiyTswqKsD+sSw==
NWG-WGCDR30105,WatchGuard CloudDR - 5 Year - 1 to 50 licenses,Electronic,CloudDR,CloudDR,https://partner.leadersystems.com.au/products.html?ZwvyIjnF2nE=QaZ4N/q0TU6nMv6SFIMhCg==xxb2C7PRDXgTe9yHfMTVyUu/u+a1MQ==
NWG-WGCDR30305,WatchGuard CloudDR - 5 Year - 101 to 250 licenses,Electronic,CloudDR,CloudDR,https://partner.leadersystems.com.au/products.html?xlnsu4DV5EI=FQ1sjXmdgb1onqzfIQ+c1g==SEIf+2KMoDK0Dskfr9ItsOGvqRNrCQ==
NWG-WGATH30104,WatchGuard AuthPoint MFA - 4 Year - 1 to 50 Users,Electronic,Identity & Access,AuthPoint,https://partner.leadersystems.com.au/products.html?nBh4aiAWh5E=50tMHGmmFrUTaN/+CZNNmQ==QqOAO9I0wRA2rV12pW4mDyNcKxebyA==
NWG-WGTSNDR30101,WatchGuard ThreatSync+ NDR - 1 Year - 1 to 50 licenses,Electronic,MDR & NDR,ThreatSync+ NDR,https://partner.leadersystems.com.au/products.html?vItqWjXBdrs=4vqyTBYzcqz/nOacPHSPig==EXTTVLRLvRYrq2TdVecAczGlgqgeErfT
NWG-WGTSNDR30203,WatchGuard ThreatSync+ NDR - 3 Year - 51 to 100 licenses,Electronic,MDR & NDR,ThreatSync+ NDR,https://partner.leadersystems.com.au/products.html?HUVW0sWaobg=T5+6BvX4VzYciToDqJUteQ==4MO+kFEDHakn7dvam/vcyteOCyV5gHl0
NWG-WGATH30202,WatchGuard AuthPoint MFA - 2 Year - 51 to 100 Users,Electronic,Identity & Access,AuthPoint,https://partner.leadersystems.com.au/products.html?C1NAq4eFqkE=mtdCYtsQfbdd/6LwFL8PVQ==JCU/UlCoizlIUwKeuz2P0ENu8G9Jww==
NWG-WGCR20404,WatchGuard Compliance Reporting - 4 Year - 251 to 500 licenses,Electronic,Reporting & Visibility,Compliance Reporting,https://partner.leadersystems.com.au/products.html?aG6rSqwn9DY=XPMRlc5ABONMt+aRqeJrNw==OUP6h9RSMR/GzrHXIH4ZodFgoLrH
NWG-WGMDR30104,WatchGuard Core MDR - 4 Year - 1 to 50 licenses,Electronic,MDR & NDR,Core MDR,https://partner.leadersystems.com.au/products.html?hHLmb+ASbJE=7lufttmwmadHZygiLzE12w==fMidC2Wgd45MdpGH0pvdV/Rk1yocPg==
NWG-WGMDR30204,WatchGuard Core MDR - 4 Year - 51 to 100 licenses,Electronic,MDR & NDR,Core MDR,https://partner.leadersystems.com.au/products.html?xbHPATzohUM=RFlDMT+Ttqn7JBDMf0yhCA==PKKQMKhN9ZHZc3Py8DkQHpQAOYq9Lw==
NWG-WGMDR30704,WatchGuard Core MDR - 4 Year - 5001+ licenses,Electronic,MDR & NDR,Core MDR,https://partner.leadersystems.com.au/products.html?Tfhd11nUwnw=7yP4GC0HLpZoiNmVQ6hVJg==IYVaoiEyGGojcByYtAsdL6/Rj9LUuQ==
NWG-WGMDRM30104,WatchGuard Core MDR for Microsoft - 4 Year - 1 to 50 licenses,Electronic,MDR & NDR,Core MDR for Microsoft,https://partner.leadersystems.com.au/products.html?rHVJgO1yUzI=oia6PgGnmVWaKTbVf41A/A==1HOhYe0ZSUIADkxcTis41+ivVvs9pSI=
NWG-WGMDRM30405,WatchGuard Core MDR for Microsoft - 5 Year - 251 to 500 licenses,Electronic,MDR & NDR,Core MDR for Microsoft,https://partner.leadersystems.com.au/products.html?ZGP2DX8BH2k=Z8pUvecl5ZZqMhWh8ESm4w==P0R5mUhW0ckpzJ2V6UgNCtY8W65c8lo=
NWG-WGMDRM30504,WatchGuard Core MDR for Microsoft - 4 Year - 501 to 1000 licenses,Electronic,MDR & NDR,Core MDR for Microsoft,https://partner.leadersystems.com.au/products.html?EnC1odftqn8=TaVPBGxEmZR0YrsGaStm3A==w47RfKZNNzHMgSir2W6FPBnsHxLH7CE=
NWG-WGMDRO30205,Watchguard Open MDR- 5 Year - 51 to 100 licenses,Electronic,MDR & NDR,Open MDR,https://partner.leadersystems.com.au/products.html?HEmbCKD1dlU=X5n+qLa0X4AbdA9uQNdhqw==ZaXao9RZSaK+tw+AekFF3m2AKWpVT14=
NWG-WGMDRO30304,Watchguard Open MDR- 4 Year - 101 to 250 licenses,Electronic,MDR & NDR,Open MDR,https://partner.leadersystems.com.au/products.html?0IdM2izfGAc=HMKmFfSeSRRaeBJA0wd5JA==c7p/gP1IwIEO82JZA6UOUkYAcE7zmRo=
NWG-WGMDRO30705,Watchguard Open MDR- 5 Year - 5001+ licenses,Electronic,MDR & NDR,Open MDR,https://partner.leadersystems.com.au/products.html?0kWpa98BaWg=u2QxP+llYHdUseTV6rg+XQ==3/RFCTgObWagmZ7R7+vyF/HG9ICzaRQ=
NWG-WGAP13022102,Standard Wi-Fi Management for WatchGuard AP130 - 2-year,Electronic,Access Points,AP130,https://partner.leadersystems.com.au/products.html?OKBJrWvMwgk=9uqOvobulGy1fe5Bw/tpyw==Bdlyfc6fD9k8U5Mlf7Sb0H0OzHIBUhnZ
NWG-WGAP13022104,Standard Wi-Fi Management for WatchGuard AP130 - 4-year,Electronic,Access Points,AP130,https://partner.leadersystems.com.au/products.html?Bgy+ELuk28M=NiDcKWlMgyfiNoYR4c0Hxw==X9SzZgcGnQjDNU5QO988xAson9XP9EN0
NWG-WGAP23000624,WatchGuard Standard Wi-Fi Management Renewal/Upgrade 4-yr for AP230W,Electronic,Access Points,AP230W,https://partner.leadersystems.com.au/products.html?i1bmHPRheMs=sLv/nOUsIYc9MmHQkpqYPw==TCcE41UX8edpwDfLUtqDGItBcrSbTHEZ
NWG-WGAP33000621,WatchGuard Standard Wi-Fi Management Renewal/Upgrade 1-yr for AP330,Electronic,Access Points,AP330,https://partner.leadersystems.com.au/products.html?O+edP63baMc=O13elx6KCeuJKq5riq6wlA==sjsbjYXliWBBulldr2WYpAcjouoRneE3
NWG-WGTSNDR30201,WatchGuard ThreatSync+ NDR - 1 Year - 51 to 100 licenses,Electronic,MDR & NDR,ThreatSync+ NDR,https://partner.leadersystems.com.au/products.html?OIp3qYi84o0=DLl70M8gZP55Vcysy15FAA==LpM0CLoLrFX9VvvxNaij9GLOiUoFBV7k
NWG-WGTSNDR30103,WatchGuard ThreatSync+ NDR - 3 Year - 1 to 50 licenses,Electronic,MDR & NDR,ThreatSync+ NDR,https://partner.leadersystems.com.au/products.html?xk9SYAdbKEo=odkL9mRBDe6bvI2V+Zy24Q==XgWaKC6pJyCzlOafU4i26GU0VJHObbkH
NWG-WGCR20101,WatchGuard Compliance Reporting - 1 Year - 1 to 50 licenses,Electronic,Reporting & Visibility,Compliance Reporting,https://partner.leadersystems.com.au/products.html?MteUKzoEz+M=bv8XCcgOTvTXRYPEwnAPtw==M5gsP8Y1jbadzXxkiElz8aVhMDTw
NWG-WGCR20103,WatchGuard Compliance Reporting - 3 Year - 1 to 50 licenses,Electronic,Reporting & Visibility,Compliance Reporting,https://partner.leadersystems.com.au/products.html?uRDHVxr12Mw=hnSlI/i47QABy+3hCfZDxA==X6msn8XRFn8JWZF7PwFTQF5TKCjO
NWG-WGTSSAAS30201,WatchGuard ThreatSync+ SAAS - 1 Year - 51 to 100 licenses,Electronic,MDR & NDR,ThreatSync+ SaaS,https://partner.leadersystems.com.au/products.html?i++Ox7bjCuw=PoY3boBxDlJB8SydvTIsTw==pKEuAWDKIIMlaq/NPNIWrjnv7I4Q+pa3qg==
NWG-WGSIEM30103,WatchGuard SIEMFeeder - 3 Year - 1 to 50 licenses,Electronic,Reporting & Visibility,SIEMFeeder,https://partner.leadersystems.com.au/products.html?rdutFp7JLrM=J1Eqh2D2DYoeEESYvqEWZw==cLvYeqEy9ksrK9dRETYinjoWtNUjJe4=
NWG-WGSIEM30203,WatchGuard SIEMFeeder - 3 Year - 51 to 100 licenses,Electronic,Reporting & Visibility,SIEMFeeder,https://partner.leadersystems.com.au/products.html?4UB4/RT7bYo=zuvnYH5ppAc+Q0RwnolEkw==scytK4km/BOHyL4eO9G+/oQ94EZ+XEE=
NWG-WGSIEM30601,WatchGuard SIEMFeeder - 1 Year - 1001 to 5000 licenses,Electronic,Reporting & Visibility,SIEMFeeder,https://partner.leadersystems.com.au/products.html?TfmkkfRwuDk=L/XbFS5qOy+e0xSeighpXw==Jlb0hHYvAKcf5GjR8BVytzjKqbkMaek=
NWG-WGSIEM30701,WatchGuard SIEMFeeder - 1 Year - 5001+ licenses,Electronic,Reporting & Visibility,SIEMFeeder,https://partner.leadersystems.com.au/products.html?+6YqVl2VVg8=KExteOZOqxJjXcEPk5L+5g==IhPzZkx0AvWLQgLmz9qLsLMYIGvRcho=
NWG-WGVMC353,WatchGuard Total Security Suite Renewal/Upgrade 3-yr for FireboxV Micro,Electronic,Virtual,FireboxV Micro,https://partner.leadersystems.com.au/products.html?T/xHaOyznsY=VwWUgOQzRL//CfiIhXRFfg==o0SW3nBDK+d3WuAGnQbOMoJhpGA=
NWG-WGVMC643,WatchGuard FireboxV Micro with 3-yr Total Security Suite,Electronic,Virtual,FireboxV Micro,https://partner.leadersystems.com.au/products.html?QQJwYMIcV0w=uVFeg6N1+PwgtqOxWnOvnA==padl2eSSL5DMeTvJfXUQXoS4yxw=
NWG-WGTSSAAS30403,WatchGuard ThreatSync+ SAAS - 3 Year - 251+ licenses,Electronic,MDR & NDR,ThreatSync+ SaaS,https://partner.leadersystems.com.au/products.html?ju5JE9eDMDM=a3Idnoa4TUFP5u8H09zB/g==HJcRleWQ+ZAFQlPxhp79nEYms7j7g8kyzw==
NWG-WGTSSAAS30101,WatchGuard ThreatSync+ SAAS - 1 Year - 1 to 50 licenses,Electronic,MDR & NDR,ThreatSync+ SaaS,https://partner.leadersystems.com.au/products.html?WlNDjssOuCc=Ft9uGjJ4LpG0C3ZCobyeaQ==ainNoNlIuErnMqODrcSjkrcr+pEWC/uCmQ==
NWG-WGFCI30601,WatchGuard FireCloud Internet Access - 1 Year - 1001 to 5000 licenses,Electronic,FireCloud,FireCloud Internet Access,https://partner.leadersystems.com.au/products.html?RLiFcdSKjk4=EnBl125VvzGietPKlUnnHw==rYqVzxWqEJ9EYy2sVJV9Kr2WUPGTRg==
NWG-WGFCI30103,WatchGuard FireCloud Internet Access - 3 Year - 1 to 50 licenses,Electronic,FireCloud,FireCloud Internet Access,https://partner.leadersystems.com.au/products.html?GcmW0h9ypSQ=hhCx3EhlgZgD8fRBNEb8/w==KzI6Dz/geSFJL/bsk3mIg4u2i+sPDA==
NWG-WGMDRM30603,WatchGuard Core MDR for Microsoft - 3 Year - 1001 to 5000 licenses,Electronic,MDR & NDR,Core MDR for Microsoft,https://partner.leadersystems.com.au/products.html?e7K89ngSvSw=bXHXnUvF6L6vVxFT+a2h5w==WFLmwfAM0VdRzf7UpcZ4a0F8SGnWbRc=
NWG-WGMDRM30101,WatchGuard Core MDR for Microsoft - 1 Year - 1 to 50 licenses,Electronic,MDR & NDR,Core MDR for Microsoft,https://partner.leadersystems.com.au/products.html?WYSZ0l7FkB8=W7qp5Rh2IgNTnyydM8UrNg==TgFFiyOgVjLBHwbv9UOx0SVbJ6XoVD4=
NWG-WGA230000,WatchGuard AP230W Appliance Only – License Not Included (Requires Separate WG License Purchase),Physical,Access Points,AP230W,https://partner.leadersystems.com.au/products.html?ipw8MCG73TQ=+grKhfYJ6xlbbqRD1CbjYg==BcP6HlPt/Ii1NyGtsdiEfJ0a6Bpc
NWG-WGTSFS30203,WatchGuard Orion - 3 Year - 51 to 100 licenses,Electronic,MDR & NDR,Orion,https://partner.leadersystems.com.au/products.html?5XA5RBL3v1Q=CMgFNOooqT5FMBEG7gHI6Q==AmPb2uJjoCD9iIOKUbKGH6RFOEE6xQQ=
NWG-WGT490211,Trade Up to WatchGuard Total Security Suite for Firebox T45-CW - 1-Year (License ONLY; HW SKU: WGT49000-AU),Electronic,T-Series,T45-CW,https://partner.leadersystems.com.au/products.html?gu//IpEyWPc=ULS2YdMrXk7FyQd5DmtQUA==C56fdLQobFMUJdEmRjUJcZtW+PVh
NWG-WGT490203,Trade Up to WatchGuard Basic Security Suite for Firebox T45-CW - 3-Year (License ONLY; HW SKU: WGT49000-AU),Electronic,T-Series,T45-CW,https://partner.leadersystems.com.au/products.html?LrwMFCpGZ8w=HvjhlLKaQOhDt12Ou8Q+pQ==ut8aKqfpm4zae0/+YpWn4YVFr9E6
NWG-WGT490083,WatchGuard Total Security Suite for Firebox T45-CW - 3-Year (License ONLY; HW SKU: WGT49000-AU),Electronic,T-Series,T45-CW,https://partner.leadersystems.com.au/products.html?SXFJ4iVKXCI=xWnEkCTis7ClfeVdZCh/xw==EaPyPp927LgRyEsNU2rJFW17CMqQ
NWG-WGA13022001,USP Wi-Fi Management for WatchGuard AP130 - 1-year (License ONLY; HW SKU: WGA130000),Electronic,Access Points,AP130,https://partner.leadersystems.com.au/products.html?5C64uvdEnWs=GcmytQ/RjtX7iV8AjW3aqA==chnsZThCUjWx8JJdbdGRIV2LPriedY0=
NWG-WGT480211,Trade Up to WatchGuard Total Security Suite for Firebox T45-W-PoE - 1-Year (License ONLY; HW SKU: WGT48000-AU),Electronic,T-Series,T45-W-PoE,https://partner.leadersystems.com.au/products.html?x3BfI2XD+3Q=zCMADKZs7VwRAsNXOq2hHA==5gARTWP+15XtoRAL+4yV2iJkfvED
NWG-WGT480203,Trade Up to WatchGuard Basic Security Suite for Firebox T45-W-PoE - 3-Year (License ONLY; HW SKU: WGT48000-AU),Electronic,T-Series,T45-W-PoE,https://partner.leadersystems.com.au/products.html?deMh7Ek99DI=BgqBhahDmFHEmkjo36xeuw==nkL0TZmutwKbYJsWhlRNmPo0BqAO
NWG-WGT480075,WatchGuard Basic Security Suite for Firebox T45-W-PoE - 5-Year (License ONLY; HW SKU: WGT48000-AU),Electronic,T-Series,T45-W-PoE,https://partner.leadersystems.com.au/products.html?9BiRtRR1nFc=wKaYTG4vGXAQIoY58vhXMQ==T2Fet/JnUaOVHyGQxFnVaIHHyex6
NWG-WGT470083,WatchGuard Total Security Suite for Firebox T45-PoE - 3-Year (License ONLY; HW SKU: WGT47000-AU),Electronic,T-Series,T45-PoE,https://partner.leadersystems.com.au/products.html?zfWBgmbAm+o=dQavY0GAylZBb65ZYAyg1Q==J/dsvR7m7zMRG9cR22C6giDUbyPQ
NWG-WGT470071,WatchGuard Basic Security Suite for Firebox T45-PoE - 1-Year (License ONLY; HW SKU: WGT47000-AU),Electronic,T-Series,T45-PoE,https://partner.leadersystems.com.au/products.html?h5RenKuGqOg=dHtXTfa5sWSOPIzjgk1QCA==DW9jvRJtvVJp3R2Y2JL24SYG45EF
NWG-WGT470063,WatchGuard Standard Support for Firebox T45-PoE - 3-Year (License ONLY; HW SKU: WGT47000-AU),Electronic,T-Series,T45-PoE,https://partner.leadersystems.com.au/products.html?U06Syg3smmg=Hr0reVTAK+mge5mnI5bjeA==3UDnDvYdH3kR/XQ846vheJ09cjwH
NWG-WGT260213,Trade Up to WatchGuard Total Security Suite for Firebox T25-W - 3-Year (License ONLY; HW SKU: WGT26000),Electronic,T-Series,T25-W,https://partner.leadersystems.com.au/products.html?BMHldOGe8g8=fZOLAIkvbzc5/op7/jBnSg==A4VqX81GjbaNGwx65eranT6FiBcB
NWG-WGSIEM30201,WatchGuard SIEMFeeder - 1 Year - 51 to 100 licenses,Electronic,Reporting & Visibility,SIEMFeeder,https://partner.leadersystems.com.au/products.html?G1p1eUbQhaE=HEWdYZpe0v9k5MD566Or7A==FLo240UZoxjYSDhyXBMtoySncYtd1Ww=
NWG-WGSIEM30503,WatchGuard SIEMFeeder - 3 Year - 501 to 1000 licenses,Electronic,Reporting & Visibility,SIEMFeeder,https://partner.leadersystems.com.au/products.html?RDzm4XZz/gQ=xyZInkr7f3ZqRWJ9tuyhkg==Y2OyfUaS8CEH8CNyFaC+8+MolvisFx4=
NWG-WGT250081,WatchGuard Total Security Suite for Firebox T25 - 1-Year (License ONLY; HW SKU: WGT25000),Electronic,T-Series,T25,https://partner.leadersystems.com.au/products.html?eLEKp2QDID0=LHxPIS71q4difZKDEXs7fA==soeXslSe7WHlRYQvsLCjV/heNnMu
NWG-WGT250073,WatchGuard Basic Security Suite for Firebox T25 - 3-Year (License ONLY; HW SKU: WGT25000),Electronic,T-Series,T25,https://partner.leadersystems.com.au/products.html?gIhSIKHKNRI=Gc5texBoBHmf4nA/8fEZow==qWOzu1su/g1hvZQsV3hchKNq1i5/
NWG-WGNV50025,WatchGuard NFR for Firebox NV5 - 5 Year (License ONLY; HW SKU: WGNV5000),Electronic,Firebox NV-Series,NV5,https://partner.leadersystems.com.au/products.html?lXhmJ/JdhF0=4qEk54QDaPUMcNr1bpgn5A==gldn1Wb0212AImzT7/w+Kyxg0ceY
NWG-WGM5900203,Trade Up to WatchGuard Basic Security Suite for Firebox M590 - 3-Year (License ONLY; HW SKU: WGM590000),Electronic,M-Series,M590,https://partner.leadersystems.com.au/products.html?cOvhyOwrNLg=25NFAE6dwaYPV20aGpHDaw==G1zuAoLcaSnR3TMzmCTgrmT5qTjHQg==
NWG-WGM5900081,WatchGuard Total Security Suite for Firebox M590 - 1-Year (License ONLY; HW SKU: WGM590000),Electronic,M-Series,M590,https://partner.leadersystems.com.au/products.html?Z1tKJPRel3U=GI5XDXSSw1FjffPTD7qzCA==+3kBbLL3T0cJDGvtgR7OwpAFyISGcg==
NWG-WGM2901603,WatchGuard High Availability for M290 - 3-Year (License ONLY; HW SKU: WGM290000),Electronic,M-Series,M290,https://partner.leadersystems.com.au/products.html?E9D1PuSnXA8=hpWYS0k2FHGuY0xKUJMEKg==BlENtK3N3Ik4Bdu5nGI5rDhiZJyUNQ==
NWG-WGVMC201,WatchGuard Standard Support Renewal 1-yr for FireboxV Micro,Electronic,Virtual,FireboxV Micro,https://partner.leadersystems.com.au/products.html?871varkZfIc=doGuGMooQmL71r7zuQyBew==eSGj3STmzh0l4dBdXbJMv1xuwlk=
NWG-WGVMC351,WatchGuard Total Security Suite Renewal/Upgrade 1-yr for FireboxV Micro,Electronic,Virtual,FireboxV Micro,https://partner.leadersystems.com.au/products.html?TjWxjACqOxo=r1Gqa3nON0IZx8dfrtlWGQ==FV+U3Oj0dzzOrsY5av+hCl2AQ7c=
NWG-WGM2901601,WatchGuard High Availability for M290 - 1-Year (License ONLY; HW SKU: WGM290000),Electronic,M-Series,M290,https://partner.leadersystems.com.au/products.html?xb2D2X8CTQ0=xAE/0nIzQum+0Qso6O5qAg==WBISR5KjG3OZ6kPEsaK4RBLF7C1Xtg==
NWG-WGA43200503,USP Wi-Fi Management for WatchGuard AP432 NFR - 3-year (License ONLY; HW SKU: WGA432000),Electronic,Access Points,AP432,https://partner.leadersystems.com.au/products.html?obJm58/Hl9I=DwlmJKAYVovlaQN6hDzcbw==bi2zDjHsM3PqbN7D0ifuWEhraXBULSo=
NWG-WGA43022005,USP Wi-Fi Management for WatchGuard AP430CR - 5-year (License ONLY; HW SKU: WGA430000),Electronic,Access Points,AP430CR,https://partner.leadersystems.com.au/products.html?RDVBMxiRHd4=CqF04lwO4knbu3rrwYzzcQ==q3PUjHyzphTY1LFutmDageatj/pwsJA=
NWG-WGA43022001,USP Wi-Fi Management for WatchGuard AP430CR - 1-year (License ONLY; HW SKU: WGA430000),Electronic,Access Points,AP430CR,https://partner.leadersystems.com.au/products.html?SHnCvEcZwB4=7LRllRDNfjRvg8YUFWomww==bPXZmobfbpz/uIldnFi9KMvlvWHtbhM=
NWG-WGA23022103,Standard Wi-Fi Management for WatchGuard AP230W - 3-year (License ONLY; HW SKU: WGA230000),Electronic,Access Points,AP230W,https://partner.leadersystems.com.au/products.html?ooA902GWGYg=1zGOSIsSPHPPADWG91u5wQ==qKVlndDquLESyiI/ouSHYwSc/VJy6Pk=
NWG-WGA23022005,USP Wi-Fi Management for WatchGuard AP230W - 5-year (License ONLY; HW SKU: WGA230000),Electronic,Access Points,AP230W,https://partner.leadersystems.com.au/products.html?DEZ+qOdqqFU=T2pm8ozQQ5jpXYeIJ3mB0Q==5jKqMcfWkXLXbCvx/Qm5Inp50HoZG0M=
NWG-WGM48000083,WatchGuard Total Security Suite for Firebox M4800 - 3-Year (License ONLY; HW SKU: WGM48000),Electronic,M-Series,M4800,https://partner.leadersystems.com.au/products.html?rOudFHf2JQI=veqDf/2k3ojb4yr8xnXPFA==feF7lkx//1sHEpSSWp25x1ya4cegJz0=
NWG-WGM480001603,WatchGuard High Availability for M4800 - 3-Year (License ONLY; HW SKU: WGM48000),Electronic,M-Series,M4800,https://partner.leadersystems.com.au/products.html?XXEwgHW1aPg=PzxUhF9vw8HQBA3fIjshMQ==oWgHACcLvsVub+BkgEpaGojakEPavzjG
NWG-WGFCI30203,WatchGuard FireCloud Internet Access - 3 Year - 51 to 100 licenses,Electronic,FireCloud,FireCloud Internet Access,https://partner.leadersystems.com.au/products.html?rt0iLPH2xaE=gTHq9ddU9wy8O6EO1CoSGg==IUGM0jJ57nKQUDroWcI+ZQI8QGZBmg==
NWG-WGMDRM30703,WatchGuard Core MDR for Microsoft - 3 Year - 5001+ licenses,Electronic,MDR & NDR,Core MDR for Microsoft,https://partner.leadersystems.com.au/products.html?S1PtTHnotFI=9hsBkG8SfNtDRBM5zs9Uuw==jSYG1nWpROAljRTqdn8KxSloSKb7eOc=
NWG-WGMDRM30503,WatchGuard Core MDR for Microsoft - 3 Year - 501 to 1000 licenses,Electronic,MDR & NDR,Core MDR for Microsoft,https://partner.leadersystems.com.au/products.html?S/uLIO9aCUg=XLHs8cIoW07XLMr8YX4TRg==YJztKSx9O6+CVMKGTF+UFl408KUpDU4=
NWG-WGMDRT30401,WatchGuard Total MDR - 1 Year - 251 to 500 licenses,Electronic,MDR & NDR,Total MDR,https://partner.leadersystems.com.au/products.html?jSjSJnonJvo=h8QMR2o1x8Q5er8BDyx+8w==ZqTAzTXm5QDS1n+CLAdJOgHwMcQc1q4=
NWG-WGMDRT30601,WatchGuard Total MDR - 1 Year - 1001 to 5000 licenses,Electronic,MDR & NDR,Total MDR,https://partner.leadersystems.com.au/products.html?AqQYwSK52mk=t+n79DU6GYFy1JPqjX1Azg==ZP5P3Anx6/nCgDQksvWHp8R+2u7hbug=
NWG-WGNV5000,WatchGuard Firebox NV5 Appliance Only – License Not Included (Requires Separate WG License Purchase),Physical,Firebox NV-Series,NV5,https://partner.leadersystems.com.au/products.html?plg9gQ42ROo=YeexRFztH5wNp4eq7PKLwg==YmSQ8GZC0y01KCcZaaU48xrPdK4=
NWG-WGT47000-AU,WatchGuard Firebox T45-PoE Appliance Only (AU) – License Not Included (Requires Separate WG License Purchase),Physical,T-Series,T45-PoE,https://partner.leadersystems.com.au/products.html?XrguWdy4k3Y=PmpoyVaT6zAVNz36IoKY/A==jkXPkhJn5AedB8F6gRr8eXS8NKqPiio=
NWG-WGT185000,WatchGuard Firebox T185 Appliance Only – License Not Included (Requires Separate WG License Purchase),Physical,T-Series,T185,https://partner.leadersystems.com.au/products.html?oWJVgzVON+Y=2OMCoSs0pOym+jBC3poEsA==NPXf6li4HhRakj943hqexCql4h8P
NWG-WGT1850083,WatchGuard Total Security Suite for Firebox T185 - 3-Year (License ONLY; HW SKU: WGT185000),Electronic,T-Series,T185,https://partner.leadersystems.com.au/products.html?cfrtaKEabRQ=6wLoax1ssibToXuazcf5Kw==VJ6mPgCL6bESerevZV2GpQkdjm4RBw==
NWG-WGT18501603,WatchGuard Standard Support for Firebox T185 High Availability - 3-Year (License ONLY; HW SKU: WGT185000),Electronic,T-Series,T185,https://partner.leadersystems.com.au/products.html?bfiuswY2igM=iWzC7uB7GWNfNJdtKpZymA==YmoX3Fj3U1pPJmCoKzU+LsYGA/J19TM=
NWG-WGT1850203,Trade Up to WatchGuard Basic Security Suite for Firebox T185 - 3-Year (License ONLY; HW SKU: WGT185000),Electronic,T-Series,T185,https://partner.leadersystems.com.au/products.html?v0e1m6EGS28=ROIwzWpXazoRQV8LI/6R5A==KSliLT1zyoeeD24pJGXGKaYXnhKzIA==
NWG-WGT490205,Trade Up to WatchGuard Basic Security Suite for Firebox T45-CW - 5-Year (License ONLY; HW SKU: WGT49000-AU),Electronic,T-Series,T45-CW,https://partner.leadersystems.com.au/products.html?/uAlmXTrA6s=ZAYqja7y74+XdSsRz030Ag==Ctv475W+XIi7alXuXPfU9R+jQwaO
NWG-WGT490075,WatchGuard Basic Security Suite for Firebox T45-CW - 5-Year (License ONLY; HW SKU: WGT49000-AU),Electronic,T-Series,T45-CW,https://partner.leadersystems.com.au/products.html?VwJvRNIsip8=CMLtGjSR/WrEU76l4afeEw==vNmYvwv2NQCVIdKcwl+DWCx+vhZL
NWG-WGA13022003,USP Wi-Fi Management for WatchGuard AP130 - 3-year (License ONLY; HW SKU: WGA130000),Electronic,Access Points,AP130,https://partner.leadersystems.com.au/products.html?5XfflSgdk/4=AJg22nzRIYJRbWaIjZriuQ==bi4e2Jc2+YrUvdJIBpUvmoYsKKrJoIg=
NWG-WGT490063,WatchGuard Standard Support for Firebox T45-CW - 3-Year (License ONLY; HW SKU: WGT49000-AU),Electronic,T-Series,T45-CW,https://partner.leadersystems.com.au/products.html?GDGjtdTlN8I=jv0HEHowSRjRuXIUARvLGg==ZxvMjnwgCF0a3AQlOcL82xOesrc6
NWG-WGT480201,Trade Up to WatchGuard Basic Security Suite for Firebox T45-W-PoE - 1-Year (License ONLY; HW SKU: WGT48000-AU),Electronic,T-Series,T45-W-PoE,https://partner.leadersystems.com.au/products.html?Z4xi/szL2B4=jIleaClaJqKgO0wRviMSnQ==uy2xxI85zqZFeMRm0d1J9saypfmx
NWG-WGT480073,WatchGuard Basic Security Suite for Firebox T45-W-PoE - 3-Year (License ONLY; HW SKU: WGT48000-AU),Electronic,T-Series,T45-W-PoE,https://partner.leadersystems.com.au/products.html?pvAOJxSkCw8=cjXRg/eeekASpraSJPnWGg==1HHl8484FEb93WZpyMBpanKl6Qip
NWG-WGT470203,Trade Up to WatchGuard Basic Security Suite for Firebox T45-PoE - 3-Year (License ONLY; HW SKU: WGT47000-AU),Electronic,T-Series,T45-PoE,https://partner.leadersystems.com.au/products.html?IdTzL11MiMs=C5UbdmyMJtc/6kGZ0SNEPA==iDvA2oVk+LWF9HRXUqXnyfzZ0hLa
NWG-WGT470073,WatchGuard Basic Security Suite for Firebox T45-PoE - 3-Year (License ONLY; HW SKU: WGT47000-AU),Electronic,T-Series,T45-PoE,https://partner.leadersystems.com.au/products.html?r5tOUh+aOz8=ZPWd0LugiHlj9zyKIBR+sw==8vwBX22KysFQF1nI6T9CokQi6tkr
NWG-WGT260205,Trade Up to WatchGuard Basic Security Suite for Firebox T25-W - 5-Year (License ONLY; HW SKU: WGT26000),Electronic,T-Series,T25-W,https://partner.leadersystems.com.au/products.html?QtI1ImCQrOo=z1WvJKZhmPKyvJaM5YEZyA==tmB49KjB3zIDJHCPK0tXJV0ZUkkj
NWG-WGT260073,WatchGuard Basic Security Suite for Firebox T25-W - 3-Year (License ONLY; HW SKU: WGT26000),Electronic,T-Series,T25-W,https://partner.leadersystems.com.au/products.html?o860iwpq9mA=NbRV6jEQMBFKyOwPvIkj/w==F/LyrwlhQu1cK3s35pZmMU+TZksh
NWG-WGT250071,WatchGuard Basic Security Suite for Firebox T25 - 1-Year (License ONLY; HW SKU: WGT25000),Electronic,T-Series,T25,https://partner.leadersystems.com.au/products.html?68SnJvHrFhg=p5RCvm/Im8bYeTVynvZ8kg==+jvZwY8Hrb6j+cttXFpcrsFEqhWU
NWG-WGNV50065,WatchGuard Standard Support for Firebox NV5 - 5-Year (License ONLY; HW SKU: WGNV5000),Electronic,Firebox NV-Series,NV5,https://partner.leadersystems.com.au/products.html?Cg5LOBo4NRU=hVNetBAimsYH0aURnSXUvA==+0kaJae9/adnMnHgC0g6xRi9JytE
NWG-WGM6900061,WatchGuard Standard Support for Firebox M690 - 1-Year (License ONLY; HW SKU: WGM690000),Electronic,M-Series,M690,https://partner.leadersystems.com.au/products.html?6Rjt3ip+jfU=yaMVd1fVHYQ7non/9Fsacw==XumHkWnN+glAlL7H1cvec6Pvov4ugQ==
NWG-WGM3900213,Trade Up to WatchGuard Total Security Suite for Firebox M390 - 3-Year (License ONLY; HW SKU: WGM390000),Electronic,M-Series,M390,https://partner.leadersystems.com.au/products.html?mrsirBXL0kI=zO6SQT+ffa+PW/fQz8LwxQ==I1Zx7VDoyQPZ3Cl8bh5KKkfxsJEymw==
NWG-WGM3900063,WatchGuard Standard Support for Firebox M390 - 3-Year (License ONLY; HW SKU: WGM390000),Electronic,M-Series,M390,https://partner.leadersystems.com.au/products.html?CdgGBBIKgG4=7jvpxIqnQbydRO6zttGlXA==ezM0f1d1PerwtHwYnZs4FMXqqVoIoA==
NWG-WGFCT30401,WatchGuard FireCloud Total Access - 1 Year - 251 to 500 licenses,Electronic,FireCloud,FireCloud Total Access,https://partner.leadersystems.com.au/products.html?oMJlMOqos2g=vC4NOQTTg14v5fcZXNLxaA==oQL1fTCzBhcS/r81Ka9r5bX6tRFJJg==
NWG-WGFCT30501,WatchGuard FireCloud Total Access - 1 Year - 501 to 1000 licenses,Electronic,FireCloud,FireCloud Total Access,https://partner.leadersystems.com.au/products.html?9FW/Y2k0O9Q=GNYWp11DIJTSLSeIpcKDIw==kTM8Wiok4n2koYRwMS/bURzeZaSPDA==
NWG-WGT1160213,Trade Up to WatchGuard Total Security Suite for Firebox T115-W - 3-Year (License ONLY; HW SKU: WGT116000),Electronic,T-Series,T115-W,https://partner.leadersystems.com.au/products.html?eOh+rIyvyhU=nZhOzx6ehteZwb4SocO8vg==/HpBVqtfhnNoyTQQsKpR5kYewobStA==
NWG-WGT1260061,WatchGuard Standard Support for Firebox T125-W - 1-Year (License ONLY; HW SKU: WGT126000),Electronic,T-Series,T125-W,https://partner.leadersystems.com.au/products.html?xzDLmUmUnb0=a2YU99R8ueY+iAFiqMITNw==nQf0mHyo+iMqecbUdCtGWJ4ULQPQVA==
NWG-WGT1260063,WatchGuard Standard Support for Firebox T125-W - 3-Year (License ONLY; HW SKU: WGT126000),Electronic,T-Series,T125-W,https://partner.leadersystems.com.au/products.html?Fx5DFtOFZms=4h5OqH4nvuW6T3SF9zCIsA==p7mEp32Oshg29QiGlgq1v6aPo3x9/Q==
NWG-WGT1250075,WatchGuard Basic Security Suite for Firebox T125 - 5-Year (License ONLY; HW SKU: WGT125000),Electronic,T-Series,T125,https://partner.leadersystems.com.au/products.html?PGyMtuStEh4=fA7fg74MExPUaRwNgTwB/g==2oi7gi1CRSDU+4v9TKiNzby2CtrOhw==
NWG-WGM2900083,WatchGuard Total Security Suite for Firebox M290 - 3-Year (License ONLY; HW SKU: WGM290000),Electronic,M-Series,M290,https://partner.leadersystems.com.au/products.html?QqwMgpuq0/8=x4f4KKmeu8r58wXQvdFgOQ==M5H3ICxWOJaEc3DFF4kVxAtKJER5ZA==
NWG-WGA43222105,Standard Wi-Fi Management for WatchGuard AP432 - 5-year (License ONLY; HW SKU: WGA432000),Electronic,Access Points,AP432,https://partner.leadersystems.com.au/products.html?VzqiOsIFXTI=8mtDvhcJgWK6cynpJQwFTw==wtfh1Xh7dRJtfCpQ9uPdjvFh3J2MO2w=
NWG-WGA43022003,USP Wi-Fi Management for WatchGuard AP430CR - 3-year (License ONLY; HW SKU: WGA430000),Electronic,Access Points,AP430CR,https://partner.leadersystems.com.au/products.html?5Qibg3Zso9I=gUWGfNY32u8czHxptAv25g==mzH85vBSAMP/HcwYcg8wLqbix0XCzxA=
NWG-WGA33022005,USP Wi-Fi Management for WatchGuard AP330 - 5-year (License ONLY; HW SKU: WGA330000),Electronic,Access Points,AP330,https://partner.leadersystems.com.au/products.html?firk0kyCgvI=sOBnlkeh/QTNhcwZOGU+SQ==7iXLAUnPQCnkEaPsI271/E6oQG6FVOk=
NWG-WGA23022101,Standard Wi-Fi Management for WatchGuard AP230W - 1-year (License ONLY; HW SKU: WGA230000),Electronic,Access Points,AP230W,https://partner.leadersystems.com.au/products.html?67CuTB1UYWw=Kqp6Ng63uJX/GdWUM4YRtQ==7+vKqikF3CftX6GG0EhMPn1cy9BhNQ4=
NWG-WGM48000081,WatchGuard Total Security Suite for Firebox M4800 - 1-Year (License ONLY; HW SKU: WGM48000),Electronic,M-Series,M4800,https://partner.leadersystems.com.au/products.html?YHCB+yKjtak=+f0BsFjWXbdi4AbMsOyrqA==kiBWQzXHIYFHUN38G9dNMB+kzBu92G0=
NWG-WGT1450063,WatchGuard Standard Support for Firebox T145 - 3-Year (License ONLY; HW SKU: WGT145000),Electronic,T-Series,T145,https://partner.leadersystems.com.au/products.html?XYMVLDrmUsQ=0vY+a3l5+76c+CYa7Tdxow==T3uicnvv49leCoZzQ4PQN7reRHsQmg==
NWG-WGT1450065,WatchGuard Standard Support for Firebox T145 - 5-Year (License ONLY; HW SKU: WGT145000),Electronic,T-Series,T145,https://partner.leadersystems.com.au/products.html?9YU+qk9KVGw=G2XrATuW1efp/80/a1jViA==RclFyb5B5zuW93joypAk3V0QXfaRpQ==
NWG-WGT125000,WatchGuard Firebox T125 Appliance Only – License Not Included (Requires Separate WG License Purchase),Physical,T-Series,T125,https://partner.leadersystems.com.au/products.html?cKhJtgcuh3g=VK0LK1jB0vK596qfhtEexw==sjMwfbhdIHdyTAeC8NUQrL9XwPjR
NWG-WGT146000,WatchGuard Firebox T145-W Appliance Only – License Not Included (Requires Separate WG License Purchase),Physical,T-Series,T145-W,https://partner.leadersystems.com.au/products.html?mGXg5tgboC8=GgoVqLVFIKlSqpXMuMsbxw==Bpn/qZgCquX0AsvZyRDtz80TlwvR
NWG-WGM58000083,WatchGuard Total Security Suite for Firebox M5800 - 3-Year (License ONLY; HW SKU: WGM58000),Electronic,M-Series,M5800,https://partner.leadersystems.com.au/products.html?s6BHX3wyBd0=kbpGyqOISiKt7iCsS3zTUQ==edB0PsHgRAvqSdf4x2hQLC2bccRBGKo=
NWG-WGM58000213,Trade Up to WatchGuard Total Security Suite for Firebox M5800 - 3-Year (License ONLY; HW SKU: WGM58000),Electronic,M-Series,M5800,https://partner.leadersystems.com.au/products.html?+iZI/ZRzoCc=6zMLtxGBta2JxkZc/v6dbg==mCBdBRgBBprS3i4buNEexCXGeAEhpjw=
NWG-WGTSST30101,WatchGuard Total NDR - 1 Year - 1 to 50 licenses,Electronic,MDR & NDR,Total NDR,https://partner.leadersystems.com.au/products.html?YIC3iS9p+nE=/C24p0Ka+LqPlStKvpwpJQ==ftfejryRiXKWujI0yS1KTquJUxpMawg=
NWG-WGTSST30303,WatchGuard Total NDR - 3 Year - 101 to 250 licenses,Electronic,MDR & NDR,Total NDR,https://partner.leadersystems.com.au/products.html?kUT2vBqjm7M=ovN/LrJWd+nUe8mWf0Io7A==G0B13kcqF3MKCIfu1ZrW62lfj/zJTwU=
NWG-WGTSST30401,WatchGuard Total NDR - 1 Year - 251+ licenses,Electronic,MDR & NDR,Total NDR,https://partner.leadersystems.com.au/products.html?FAB6KfvZzaQ=nQIzlG09qiNccmibJgB0pg==r5C5cItgDyAGL3cNtgSD1agu+QsJc00=
NWG-WGM395000,WatchGuard Firebox M395 Appliance Only – License Not Included (Requires Separate WG License Purchase),Physical,M-Series,M395,https://partner.leadersystems.com.au/products.html?4TnRPAfhlSk=8h/Vsn01ziUa8en1V9nU5A==b3pEA3wCy/5aCaRSGgnLgTnOiEeW
NWG-WGM595000,WatchGuard Firebox M595 Appliance Only – License Not Included (Requires Separate WG License Purchase),Physical,M-Series,M595,https://partner.leadersystems.com.au/products.html?XvI2EpfltDg=5WYCZoMLr2DIGoWZp4MysA==CpFGHtqITChWs2DGC92a7DzRl5Zr
NWG-WGM2950213,Trade Up to WatchGuard Total Security Suite for Firebox M295 - 3-Year (License ONLY; HW SKU: WGM295000),Electronic,M-Series,M295,https://partner.leadersystems.com.au/products.html?7BaYhuAGwz0=w2li6QpaSJnR7nbLgwMxlA==BrzwVS1HATIF7BvENy+35jd+xXo5ew==
NWG-WGM3950213,Trade Up to WatchGuard Total Security Suite for Firebox M395 - 3-Year (License ONLY; HW SKU: WGM395000),Electronic,M-Series,M395,https://partner.leadersystems.com.au/products.html?SBfQjIHd57I=AAg60KG018PnxU+jUa7+hw==6aIoiPyW2y2cSUGH0oEn9hC3qUKb1g==
NWG-WGM6951601,WatchGuard High Availability for M695 - 1-Year (License ONLY; HW SKU: WGM695000),Electronic,M-Series,M695,https://partner.leadersystems.com.au/products.html?H4bk/ckL8R0=Q9D30IW4G2IodrwQOGejyw==UYcTh+xE+vGdmU+BLfkqnSGzKs3Zkw==
NWG-WGM2950023,WatchGuard NFR for Firebox M295 - 3 Year (License ONLY; HW SKU: WGM295000),Electronic,M-Series,M295,https://partner.leadersystems.com.au/products.html?2YB1Z3lAvx0=55JJp9A0QdbqTTYRd8MYQg==XRpsYAbxH3bzWlcoa2yEtmXl/CvopA==
NWG-WGMZTC30605,WatchGuard Managed Zero-Trust - 5-Year - 1001 to 5000 Seats,Electronic,Endpoint & Mobile,Managed Zero-Trust,https://partner.leadersystems.com.au/products.html?P2jnQDKHM6A=zt6jUe5TM1IsnkvsjoLp5A==HuW3qrDLcIUGCBfeMuc8bxQBvpTaeUk=
NWG-WGMZTC30501,WatchGuard Managed Zero-Trust - 1-Year - 501 to 1000 Seats,Electronic,Endpoint & Mobile,Managed Zero-Trust,https://partner.leadersystems.com.au/products.html?IF2p0fzOREc=oior6CMg8BXWD0/0Dq9nVQ==QI6HIr+w4pwrvGcXKu6Gid+/ws74lo8=
NWG-WGMZTC30601,WatchGuard Managed Zero-Trust - 1-Year - 1001 to 5000 Seats,Electronic,Endpoint & Mobile,Managed Zero-Trust,https://partner.leadersystems.com.au/products.html?OUGVdHyJTTg=SC+3KPh4wuT7jYl7Zg+Edg==mVmELg1T0KrurdpGcucwMq+pg4Nc8UM=
NWG-WGMZTC30603,WatchGuard Managed Zero-Trust - 3-Year - 1001 to 5000 Seats,Electronic,Endpoint & Mobile,Managed Zero-Trust,https://partner.leadersystems.com.au/products.html?qx6W3JM5DwA=Z86u9tKWkXDzkvi7t2ymnw==oK0dV7MXfTOHNvOpN3ZWvgRJUeEW/6Q=
NWG-WGZTC30501,WatchGuard Zero-Trust - 1-Year - 501 to 1000 Seats,Electronic,Endpoint & Mobile,Zero-Trust,https://partner.leadersystems.com.au/products.html?G/pUkDkTEiQ=GBPphzAIoEavoMaU+kEqZQ==9ag/dPipgz6neDz1G3FsdE5f6NjnCg==
NWG-WGZTC30701,WatchGuard Zero-Trust - 1-Year - 5001+ Seats,Electronic,Endpoint & Mobile,Zero-Trust,https://partner.leadersystems.com.au/products.html?op5dMbNPcKQ=Za70xj2Q9mrNmTwQ9gzyPw==/9i4ERodsfDPGWldUotNAq+OEGyR6w==
NWG-WGMDRT30603,WatchGuard Total MDR - 3 Year - 1001 to 5000 licenses,Electronic,MDR & NDR,Total MDR,https://partner.leadersystems.com.au/products.html?qaEWbpTKCSg=Nu353MYGma9w3Sa2Ml8fXg==xB5JgX4wPOwDwFAYEcx6q+3+P1hQnd4=
NWG-WGMDRT30501,WatchGuard Total MDR - 1 Year - 501 to 1000 licenses,Electronic,MDR & NDR,Total MDR,https://partner.leadersystems.com.au/products.html?hfyIuvUG6d8=yM7gtxG72Q+hOfwO/kjGOA==cAoBs7RN7E5GIzhaEKIS8OGeNqLe/WM=
NWG-WGESA30701,WatchGuard Endpoint Security Basic - 1 Year - 5001+ licenses,Electronic,Endpoint & Mobile,Endpoint Security Basic,https://partner.leadersystems.com.au/products.html?fPamE/3akQk=Ux1rUU26NxNaEmPRPw0+MQ==MWovR5Hn43vCUOOwwozuAvThQf2WDg==
NWG-WGT1850023,WatchGuard NFR for Firebox T185 - 3 Year (License ONLY; HW SKU: WGT185000),Electronic,T-Series,T185,https://partner.leadersystems.com.au/products.html?4pDcyX7k/B8=2J/9nhTyYVKaatOt4AodFA==QG5N2JcIfijVnqFfCnM8yPy20u6jSA==
NWG-WGESB30001,WatchGuard Endpoint Security 360 NFR - 1 year - 1+ licenses,Electronic,Endpoint & Mobile,Endpoint Security 360,https://partner.leadersystems.com.au/products.html?JDlJdasH944=nReeZZuS3licU2LszJMWng==O7o9fQr8cUDKXM3p5MqiC9kViPgtag==
NWG-WGESB30301,WatchGuard Endpoint Security 360 - 1 Year - 101 to 250 licenses,Electronic,Endpoint & Mobile,Endpoint Security 360,https://partner.leadersystems.com.au/products.html?MpntPCMGAeY=ZL89WER9tdYV+HLRVgcYgA==Adwkc3MdBGwNb9Bdg2DVnBwS6fVv+Q==
NWG-WGESB30401,WatchGuard Endpoint Security 360 - 1 Year - 251 to 500 licenses,Electronic,Endpoint & Mobile,Endpoint Security 360,https://partner.leadersystems.com.au/products.html?k7txuAga1gs=+VagJmnLVnjPyhGao2KgZw==CkdujYsNwozVqKqLcJ8Az2Sdq+BYSg==
NWG-WGESC30501,WatchGuard Endpoint Security Elite - 1 Year - 501 to 1000 licenses,Electronic,Endpoint & Mobile,Endpoint Security Elite,https://partner.leadersystems.com.au/products.html?afo8K7ii6Ac=c6kPNIdXWx8xbDAkqefJpA==8TH1iTlNLtb9hWAZL0lgEqGsJLk/GQ==
NWG-WGESD321801,WatchGuard Endpoint Security 1yr Data Retention - 1 Year,Electronic,Endpoint & Mobile,Endpoint Security Data Retention,https://partner.leadersystems.com.au/products.html?jYQNJs2MkFU=xJ56AK7Zn6S6xrmc1yeNOg==3CWcvQxc3Seq2LangXmaHktl18Fayzo=
NWG-WGWEDP3001,WatchGuard Endpoint Security Prime NFR - 1 year - 1+ licenses,Electronic,Endpoint & Mobile,Endpoint Security Prime,https://partner.leadersystems.com.au/products.html?yQXDicHLBSo=BikuFWYN0OvRcQX1wghXSA==RYBbl/Xo9WQAYjBspCDOxHr8HQ88RA==
NWG-WGT1850081,WatchGuard Total Security Suite for Firebox T185 - 1-Year (License ONLY; HW SKU: WGT185000),Electronic,T-Series,T185,https://partner.leadersystems.com.au/products.html?/85Vhq52yQg=hhG5o+VHZviN18+oKapYEQ==C3h3+pMuHBKW3ryehU7/2gPhs5Vngw==
NWG-WGMDRO30101,WatchGuard Open MDR - 1 Year - 1 to 50 licenses,Electronic,MDR & NDR,Open MDR,https://partner.leadersystems.com.au/products.html?sk/CV1zMKQE=fsfpCw4QJ82JSnwXINZicg==9sogO16hR11D1Vnp5N/qkqW8MpXXQkI=
NWG-WGMDRO30501,WatchGuard Open MDR - 1 Year - 501 to 1000 licenses,Electronic,MDR & NDR,Open MDR,https://partner.leadersystems.com.au/products.html?cZNcNlNatlI=r24WF5icRuIZ+c+dZTOmEQ==ExqTnn9kozH9J8XvUY3F4Y8D37P6IUM=
NWG-WGMDRO30603,WatchGuard Open MDR - 3 Year - 1001 to 5000 licenses,Electronic,MDR & NDR,Open MDR,https://partner.leadersystems.com.au/products.html?NK7LqWcy+V4=0JsCml96OcIC/AYCRT7nfQ==uHAs7VGv1YrBEKE4AVrDdLFANMZC3vc=
NWG-WGTSO30001,WatchGuard ThreatSync Open NFR - 1 year - 1+ license,Electronic,MDR & NDR,ThreatSync Open,https://partner.leadersystems.com.au/products.html?caH5fZmVO8M=05/UGKU3+gbhGUNSKb1kEA==7tE2ZIXA7S277EL5L2ZaBppcdPowkg==
NWG-WGTSO30103,WatchGuard ThreatSync Open - 3 Year - 1 to 50 licenses,Electronic,MDR & NDR,ThreatSync Open,https://partner.leadersystems.com.au/products.html?aOnpVV8N4lU=/dVbq+YOL7tvdmb+SoxBQQ==CkkSOWWCyB4vccLHv/8dVy++hV3fmQ==
NWG-WGTSO30701,WatchGuard ThreatSync Open - 1 Year - 5001+ licenses,Electronic,MDR & NDR,ThreatSync Open,https://partner.leadersystems.com.au/products.html?h7k6zaTsctI=DZd8LetrjvAnnyeAyob2vg==FYkTzcVuLWkoZFs+Tvuw4+LFGKqnZw==
NWG-WGTSO30705,WatchGuard ThreatSync Open - 5 year - 5001+ licenses,Electronic,MDR & NDR,ThreatSync Open,https://partner.leadersystems.com.au/products.html?RdG1oDXfu0k=GBAoEKaasrSxTu+ayGeTeA==p4bwOKr83uUOVbBeVez80DBTiZLqvw==
NWG-WGCDR30401,WatchGuard CloudDR - 1 Year - 251 to 500 licenses,Electronic,CloudDR,CloudDR,https://partner.leadersystems.com.au/products.html?Xm85zxGhfY8=OZMsEo2FdHcb9DVrl8RlSg==ZPym4nIYotR7Hq7izgf/XUYlSZdGnQ==
NWG-WGCDR30601,WatchGuard CloudDR - 1 Year - 1001 to 5000 licenses,Electronic,CloudDR,CloudDR,https://partner.leadersystems.com.au/products.html?sy9FZYTm7RM=xrdLxJWPzcz5TsfnRL+FPQ==rzDK0oe/YaRKT8Ja7dL+IhamaGwkLQ==
NWG-WGCDR30403,WatchGuard CloudDR - 3 Year - 251 to 500 licenses,Electronic,CloudDR,CloudDR,https://partner.leadersystems.com.au/products.html?bt2ZU07KvgI=B1Hw4J60UubiJYNQqO3yjA==Ztoz7nd4mP827qPcSz324SORLe/ZvQ==
NWG-WGCDR30603,WatchGuard CloudDR - 3 Year - 1001 to 5000 licenses,Electronic,CloudDR,CloudDR,https://partner.leadersystems.com.au/products.html?e9HvhQ1F+kI=+2DEOru6uthb0Xl1ZI0M8g==QCE+gwaiMBBvipZiyn0uJ3l1H+BrXg==
NWG-WGCR20104,WatchGuard Compliance Reporting - 4 Year - 1 to 50 licenses,Electronic,Reporting & Visibility,Compliance Reporting,https://partner.leadersystems.com.au/products.html?ycMac+hLBVc=HZjF2o1b6P006hzIhlc1Pw==CvpS9utRF67+kn5/lXM5ws7oorus
NWG-WGCR20202,WatchGuard Compliance Reporting - 2 Year - 51 to 100 licenses,Electronic,Reporting & Visibility,Compliance Reporting,https://partner.leadersystems.com.au/products.html?D3wEcNLW9mE=GtRKnDLPxBf25BZ8DmlUIQ==imqn+v7hCnfxWxeibOObZoQLIoYX
NWG-WGATH30102,WatchGuard AuthPoint MFA - 2 Year - 1 to 50 Users,Electronic,Identity & Access,AuthPoint,https://partner.leadersystems.com.au/products.html?e/+N/5aadbE=2pkro2/IBUmU5fju+q+Fog==A9JgudTAkVtSUsnPlR2tDYI2df2IyA==
NWG-WGCR20502,WatchGuard Compliance Reporting - 2 Year - 501 to 1000 licenses,Electronic,Reporting & Visibility,Compliance Reporting,https://partner.leadersystems.com.au/products.html?QmrtWNO0I9M=580ZCFn+LC6ilW6514yzbg==Xbls/OTm3KT3G7m5LUsomU8Nbh3X
NWG-WGCR20505,WatchGuard Compliance Reporting - 5 Year - 501 to 1000 licenses,Electronic,Reporting & Visibility,Compliance Reporting,https://partner.leadersystems.com.au/products.html?k2DBX9jixcY=LDaLl6z2pdDAUPAD8Trudg==31DOx3Nov6tTKGLxqDukwyoqv6oP
NWG-WGCR20702,WatchGuard Compliance Reporting - 2 Year - 5001+ licenses,Electronic,Reporting & Visibility,Compliance Reporting,https://partner.leadersystems.com.au/products.html?nncl0Sg+1Jo=tEJy4Hk4+zh26IGHr/WJdg==OyLbcaNwF5PT1sWTPclEeP8I848V
NWG-WGCR20705,WatchGuard Compliance Reporting - 5 Year - 5001+ licenses,Electronic,Reporting & Visibility,Compliance Reporting,https://partner.leadersystems.com.au/products.html?Us1Bk7RQ7No=nYvRf8mDmGMf5tVeilxRCw==1gaUZlYtu3vZ8O90arRPhL3BISbH
NWG-WGMDRM30204,WatchGuard Core MDR for Microsoft - 4 Year - 51 to 100 licenses,Electronic,MDR & NDR,Core MDR for Microsoft,https://partner.leadersystems.com.au/products.html?IOImUTx6z9Y=jvZcLHIOiWm8i+VrTMsSaQ==AXrCg4E++Jzlc7yISDsh8fLhRHObrnc=
NWG-WGMDRM30304,WatchGuard Core MDR for Microsoft - 4 Year - 101 to 250 licenses,Electronic,MDR & NDR,Core MDR for Microsoft,https://partner.leadersystems.com.au/products.html?DejgdMGQ664=x9NEwIZyc8fqoh1HXOPirA==OHZJc4YXkdlNpqcTCYivhSdS7sKWPAA=
NWG-WGMDRM30402,WatchGuard Core MDR for Microsoft - 2 Year - 251 to 500 licenses,Electronic,MDR & NDR,Core MDR for Microsoft,https://partner.leadersystems.com.au/products.html?maLQExiwkgA=sEZRyWtJb+fOPSYlFx/3QA==Zt1zP/z/zVMxlCvuYmQ6KSWMXwGE0kI=
NWG-WGMDRO30402,Watchguard Open MDR- 2 Year - 251 to 500 licenses,Electronic,MDR & NDR,Open MDR,https://partner.leadersystems.com.au/products.html?1ajf7MbIS0Q=oVIUQiPbR47tk8VOXsOg8w==G2lp4qul1wXq9TyU4tK8dxzmgSgBzN4=
NWG-WGMDRO30405,Watchguard Open MDR- 5 Year - 251 to 500 licenses,Electronic,MDR & NDR,Open MDR,https://partner.leadersystems.com.au/products.html?GnoQ434pYEk=/EQErF3I3S5c3vkEQ95YWw==NKkiH1hoglczsP87Kg0Fvrv0nDzYk1Q=
NWG-WGMDRO30604,Watchguard Open MDR- 4 Year - 1001 to 5000 licenses,Electronic,MDR & NDR,Open MDR,https://partner.leadersystems.com.au/products.html?fwo4WvAP0yI=1dgBUEY8vSh1XrSS5oAs4g==QTxPa/SDLJqbR7SSjFukHIkjWtK8XTg=
NWG-WGMDRO30702,Watchguard Open MDR- 2 Year - 5001+ licenses,Electronic,MDR & NDR,Open MDR,https://partner.leadersystems.com.au/products.html?EyyBPwxds9E=80fOGxpjSh/74v97Rld1yw==7bIRKVnvs1Otxa46OZ0avtUGhOIY0Co=
NWG-WGAP13022001,USP Wi-Fi Management for WatchGuard AP130 - 1-year,Electronic,Access Points,AP130,https://partner.leadersystems.com.au/products.html?CaH+pQTqrPk=9GPp575ktJa95Vtzft+iHg==njWSHxIevj1KVMcNcjr9yGAS4Q6dgcn7
NWG-WGAP23000503,USP Wi-Fi Management for WatchGuard AP230W NFR - 3-year,Electronic,Access Points,AP230W,https://partner.leadersystems.com.au/products.html?L3/VCar21fw=DedQPc+/tFhf0oxkFH3+qg==5yz3V47PXK3jOo+daOyN5nrNPgRa/D82
NWG-WGAP23000621,WatchGuard Standard Wi-Fi Management Renewal/Upgrade 1-yr for AP230W,Electronic,Access Points,AP230W,https://partner.leadersystems.com.au/products.html?qcNoGMJew5g=bf5lmIdh2q5mUSDToMvTow==ZchesfLzVV+9wv85RzKz9EFL2zmnG2IF
NWG-WGAP23000622,WatchGuard Standard Wi-Fi Management Renewal/Upgrade 2-yr for AP230W,Electronic,Access Points,AP230W,https://partner.leadersystems.com.au/products.html?E7JIwo7Kceg=1qVmc3+MIAV3fjVCwDWAuQ==rXOL8lSHEyqckqWSIMUyogrEYLbqu4j5
NWG-WGTSNDR30301,WatchGuard ThreatSync+ NDR - 1 Year - 101 to 250 licenses,Electronic,MDR & NDR,ThreatSync+ NDR,https://partner.leadersystems.com.au/products.html?rg4sjwRy8o4=YXXJbu1kGA4TXi4KWoUkvA==yGJlaDLY0f/sbfxSkl1Ab9+JFtt58K1/
NWG-WGTSNDR30401,WatchGuard ThreatSync+ NDR - 1 Year - 251 to 500 licenses,Electronic,MDR & NDR,ThreatSync+ NDR,https://partner.leadersystems.com.au/products.html?Shp2jNBRSg8=h60zsDiIdqMYplbQu/MxpA==nhmi63bgGjSbVL9Pnxly8APouoxfNszF
NWG-WGFCT30201,WatchGuard FireCloud Total Access - 1 Year - 51 to 100 licenses,Electronic,FireCloud,FireCloud Total Access,https://partner.leadersystems.com.au/products.html?O0qj/NcSoPQ=Soaz8ARe2IWkAwv/Q81esQ==+6vOnFTGoYIEDDoj/NsxHRm2cV2ibw==
NWG-WGFCT30503,WatchGuard FireCloud Total Access - 3 Year - 501 to 1000 licenses,Electronic,FireCloud,FireCloud Total Access,https://partner.leadersystems.com.au/products.html?1DvruMToa0g=Tsub4XCdDlFVq57RpiYMsQ==jDWO6wmprKY3O/1v6JChwfy2+Tig0A==
NWG-WGT1260211,Trade Up to WatchGuard Total Security Suite for Firebox T125-W - 1-Year (License ONLY; HW SKU: WGT126000),Electronic,T-Series,T125-W,https://partner.leadersystems.com.au/products.html?/wV7jWOU1W0=WLV8DW+PoaKzf9RAR02sbQ==IpQysg0E2JCr6Or5MOHivFaSLGL7EQ==
NWG-WGT1260071,WatchGuard Basic Security Suite for Firebox T125-W - 1-Year (License ONLY; HW SKU: WGT126000),Electronic,T-Series,T125-W,https://partner.leadersystems.com.au/products.html?wUXi5qnxMsg=TFGDB2KqCNu/8sqUuTd6gg==Al8P2x/EPG0sZVu31bXEudmRuVJEXA==
NWG-WGT1160083,WatchGuard Total Security Suite for Firebox T115-W - 3-Year (License ONLY; HW SKU: WGT116000),Electronic,T-Series,T115-W,https://partner.leadersystems.com.au/products.html?FoaAP7yD+EI=2UebHwqliKubtOA99j41Qg==QC4u5psmVwY+IKDQhKBHpdRga9DoHg==
NWG-WGT1250205,Trade Up to WatchGuard Basic Security Suite for Firebox T125 - 5-Year (License ONLY; HW SKU: WGT125000),Electronic,T-Series,T125,https://partner.leadersystems.com.au/products.html?v+bLUbRz0qQ=DI8ktTs6ngdCJRNsXZkzUg==687SxBRwX1jVE3vV66iwspITdAN0Nw==
NWG-WGT1450213,Trade Up to WatchGuard Total Security Suite for Firebox T145 - 3-Year (License ONLY; HW SKU: WGT145000),Electronic,T-Series,T145,https://partner.leadersystems.com.au/products.html?S+kxrsGWWAY=VvZDJms1Vxpf28ek5IWU6Q==P3JBmZM9ychVrQ88i22jtf2cYrBWMQ==
NWG-WGT1450023,WatchGuard NFR for Firebox T145 - 3 Year (License ONLY; HW SKU: WGT145000),Electronic,T-Series,T145,https://partner.leadersystems.com.au/products.html?Q3PPH/oNCFw=X6uRR3WRh5eVXMqE6NN3Jg==rHZF5/jaeKJpG2K7/RlOTp+T9p6KVQ==
NWG-WGT1250061,WatchGuard Standard Support for Firebox T125 - 1-Year (License ONLY; HW SKU: WGT125000),Electronic,T-Series,T125,https://partner.leadersystems.com.au/products.html?zIvtaCGCh0M=LAhlYQsTYmyeJ9JO0e201Q==zejk2NB1Yj+al1Uh7vIJ+IwHWDpKYQ==
NWG-WGT1250081,WatchGuard Total Security Suite for Firebox T125 - 1-Year (License ONLY; HW SKU: WGT125000),Electronic,T-Series,T125,https://partner.leadersystems.com.au/products.html?gjVjhoJBqa0=WwisAasjCpnkqaCWXOaMvQ==aYO5GHSQoL2cEdyKmhkaq7PWYZNAhw==
NWG-WGT1460215,Trade Up to WatchGuard Total Security Suite for Firebox T145-W - 5-Year (License ONLY; HW SKU: WGT146000),Electronic,T-Series,T145-W,https://partner.leadersystems.com.au/products.html?ItilLnHQQ4s=jQj/PFFMN4r3R3QQR9Yd2A==j3axsLsoCQKZ4YwQCBHz5EgREAyeEw==
NWG-WGT1460023,WatchGuard NFR for Firebox T145-W - 3 Year (License ONLY; HW SKU: WGT146000),Electronic,T-Series,T145-W,https://partner.leadersystems.com.au/products.html?zjXxpJf8BaU=YpVcmY9EsO/leHQEe/49YA==eyjHuI9ppL9zhDr8FehtIcPW1FyKgw==
NWG-WGTSST30103,WatchGuard Total NDR - 3 Year - 1 to 50 licenses,Electronic,MDR & NDR,Total NDR,https://partner.leadersystems.com.au/products.html?eU8cetEFzno=d7yqSCT2Evr+TCMokkiOLA==wvxmdxzhsu1Hb4kR/0kx9N4NIWEHROw=
NWG-WGM695000,WatchGuard Firebox M695 Appliance Only – License Not Included (Requires Separate WG License Purchase),Physical,M-Series,M695,https://partner.leadersystems.com.au/products.html?DfxtJiV5Mzo=fVYFmZgQDFV28hiI9/3q+Q==e5+hvyKM6ijsIs+F0L/gL3PmDi1x
NWG-WGM3950211,Trade Up to WatchGuard Total Security Suite for Firebox M395 - 1-Year (License ONLY; HW SKU: WGM395000),Electronic,M-Series,M395,https://partner.leadersystems.com.au/products.html?j0DfW2DJCgo=hYZv6gKWiWaFPpBKHM86YQ==xy4GfuQZRnvpTwmaZjfxd41PbbSO7g==
NWG-WGM6950213,Trade Up to WatchGuard Total Security Suite for Firebox M695 - 3-Year (License ONLY; HW SKU: WGM695000),Electronic,M-Series,M695,https://partner.leadersystems.com.au/products.html?JVK/iwEQWp0=Kf9CKxnx/1UWDHy5QIwzCQ==vMbQKTAD5lbSNm4/zMJAKlBlA6nbMQ==
NWG-WGM5950071,WatchGuard Basic Security Suite for Firebox M595 - 1-Year (License ONLY; HW SKU: WGM595000),Electronic,M-Series,M595,https://partner.leadersystems.com.au/products.html?Mq/ChC8jJpo=xh1hzLAFXX9zvymPDicuig==PWYXgMwKViXmaPTqd9xgraZodsmxHQ==
NWG-WGM6951603,WatchGuard High Availability for M695 - 3-Year (License ONLY; HW SKU: WGM695000),Electronic,M-Series,M695,https://partner.leadersystems.com.au/products.html?txvcN7+5pd8=NbeRHBdhP5qEAwWx/MHx3g==sKEu1ZBsgIk/E45keVaCyR2pF6hD5Q==
NWG-WGM3950061,WatchGuard Standard Support for Firebox M395 - 1-Year (License ONLY; HW SKU: WGM395000),Electronic,M-Series,M395,https://partner.leadersystems.com.au/products.html?9H/WVeVSiHY=Zbdj0eAUS2rkVRp9+XX1Sg==K2u9KjKo3MkjQoAA92mGfPFoPDpc6A==
NWG-WGM6950061,WatchGuard Standard Support for Firebox M695 - 1-Year (License ONLY; HW SKU: WGM695000),Electronic,M-Series,M695,https://partner.leadersystems.com.au/products.html?+8zsSQpQkTA=zYGQMDaIm/z7kgAJNCCy6Q==88eAUfvgSM20mxW9n0yP9+VDXZ6QDg==
NWG-WGM6950083,WatchGuard Total Security Suite for Firebox M695 - 3-Year (License ONLY; HW SKU: WGM695000),Electronic,M-Series,M695,https://partner.leadersystems.com.au/products.html?FIaScYhsWqU=TE/a0V63rvH0qt0pbcnmqw==33+z+WZwInGlaqUb0E4enZUWU3VlqQ==
NWG-WGWESS30501,WatchGuard Endpoint Security for Servers - 1 Year - 501 to 1000 licenses,Electronic,Endpoint & Mobile,Endpoint Security for Servers,https://partner.leadersystems.com.au/products.html?rDFjoa78kU0=Zw4+71PyjBr5HNt7EuGQSw==m/W4JpDv2feZGQ+0pMI+xBtVt+6IpPM=
NWG-WGWESS30103,WatchGuard Endpoint Security for Servers - 3 Year - 1 to 50 licenses,Electronic,Endpoint & Mobile,Endpoint Security for Servers,https://partner.leadersystems.com.au/products.html?iLsDvcchAzM=Pkhnz70KZD/H5ZdGMucwdw==W/RZGFnA7oz1mT8vMSLPV6q0CeJdELc=
NWG-WGMZTC30705,WatchGuard Managed Zero-Trust - 5-Year - 5001+ Seats,Electronic,Endpoint & Mobile,Managed Zero-Trust,https://partner.leadersystems.com.au/products.html?jAXzl9fRn/E=MeW4/RcOB0/WMPvd/8qddg==m2rjhGq2bgzEJoaVqQG0X33SrDh28DE=
NWG-WGMZTC30701,WatchGuard Managed Zero-Trust - 1-Year - 5001+ Seats,Electronic,Endpoint & Mobile,Managed Zero-Trust,https://partner.leadersystems.com.au/products.html?LKVE518CLWQ=et4/IFZcAjAyizQ8JkX26A==oW9FiPMhKdWq0Z9Wu4nJQ5/cmE8/KuU=
NWG-WGMZTC30703,WatchGuard Managed Zero-Trust - 3-Year - 5001+ Seats,Electronic,Endpoint & Mobile,Managed Zero-Trust,https://partner.leadersystems.com.au/products.html?twjsbbtYXwI=6Qli6Nm5UzzSfgoKauWNfw==Jkg/dbS+GmxVNM2nvUFAqj2atRaii1o=
NWG-WGZTC30401,WatchGuard Zero-Trust - 1-Year - 251 to 500 Seats,Electronic,Endpoint & Mobile,Zero-Trust,https://partner.leadersystems.com.au/products.html?o0IyJvVIEWk=jIvhBF3uf5r8c5beo5OsdQ==uGU7LcHSeO5O9Hqg95Dom1rMub/rSQ==
NWG-WGESA30203,WatchGuard Endpoint Security Basic - 3 Year - 51 to 100 licenses,Electronic,Endpoint & Mobile,Endpoint Security Basic,https://partner.leadersystems.com.au/products.html?TKla8tmz2BU=cNILtdDB76OFWcFwvPmwxQ==go9O+dYxwuintIuD1FVx8YDywoP8Gg==
NWG-WGESA30501,WatchGuard Endpoint Security Basic - 1 Year - 501 to 1000 licenses,Electronic,Endpoint & Mobile,Endpoint Security Basic,https://partner.leadersystems.com.au/products.html?BpBzJOiAMIk=hJJARADn9n42E6Crek6LuQ==NvoPEbVW/G/5A6w485hIpiJc4y6XDw==
NWG-WGESA30703,WatchGuard Endpoint Security Basic - 3 Year - 5001+ licenses,Electronic,Endpoint & Mobile,Endpoint Security Basic,https://partner.leadersystems.com.au/products.html?YOwzFgjtL9g=98CtfEN9y1pCatACYkzoxw==Saz6MxmMJ3Q/zGCN14mIgMCoT4tRPg==
NWG-WGESB30403,WatchGuard Endpoint Security 360 - 3 Year - 251 to 500 licenses,Electronic,Endpoint & Mobile,Endpoint Security 360,https://partner.leadersystems.com.au/products.html?3HcU+mU0rvA=BzPQfmg5u5waPG6ZGg3p3g==jZe6V9IPGOnliur2dbdKyAdOCMwGwg==
NWG-WGESC30103,WatchGuard Endpoint Security Elite - 3 Year - 1 to 50 licenses,Electronic,Endpoint & Mobile,Endpoint Security Elite,https://partner.leadersystems.com.au/products.html?r2FgXm5bUPA=KnUioYhm3qqClTBvvZI1LQ==/KjomJjOUyXHa1FKCWSvicNGn0BycA==
NWG-WGESC30601,WatchGuard Endpoint Security Elite - 1 Year - 1001 to 5000 licenses,Electronic,Endpoint & Mobile,Endpoint Security Elite,https://partner.leadersystems.com.au/products.html?asvyuDcRX28=wZrF0MxellYtPWNAFVbhcg==gxJ3mDrnQGVc4IFa3prnljm7AW/DiA==
NWG-WGESD321803,WatchGuard Endpoint Security 1yr Data Retention - 3 Year,Electronic,Endpoint & Mobile,Endpoint Security Data Retention,https://partner.leadersystems.com.au/products.html?I3hxFEnANpo=7WtWMWyNVnnGkSh2NHHzlg==wYxXFvWjCQoDZbjQXj1VOQzBTy9kVtg=
NWG-WGWEDP30303,WatchGuard Endpoint Security Prime - 3 Year - 101 to 250 licenses,Electronic,Endpoint & Mobile,Endpoint Security Prime,https://partner.leadersystems.com.au/products.html?OfGv8e7U09g=jW0i8aIJtvQPkj3hdsQAfA==HErfarUzBsfpIv2HQ79tO1eY6fRjVMo=
NWG-WGWEDP30703,WatchGuard Endpoint Security Prime - 3 Year - 5001+ licenses,Electronic,Endpoint & Mobile,Endpoint Security Prime,https://partner.leadersystems.com.au/products.html?pnjaJoQYENY=+jBch/QH1h7uX9lkdzZU/w==iwWZBjPF3lL/LmTQ9mQQKOobuOpO0Hw=
NWG-WGMDRO30503,WatchGuard Open MDR - 3 Year - 501 to 1000 licenses,Electronic,MDR & NDR,Open MDR,https://partner.leadersystems.com.au/products.html?SDfRtr08IBg=YiYOcqK7bYZvmenQYwRgJA==oWcYTEXUzqo2HBsauDuC0KQRg4ejx2U=
NWG-WGTSO30105,WatchGuard ThreatSync Open - 5 year - 1 to 50 licenses,Electronic,MDR & NDR,ThreatSync Open,https://partner.leadersystems.com.au/products.html?2haF1QQiwTw=ZlZTv0QUFU9mNsA2nvagSw==R4NxkrfNNIEm9UjiPEyOYbInqp4Ivw==
NWG-WGTSO30303,WatchGuard ThreatSync Open - 3 Year - 101 to 250 licenses,Electronic,MDR & NDR,ThreatSync Open,https://partner.leadersystems.com.au/products.html?Uat4V/o4lWQ=G/26D//93Wd1yrSWoVEgxQ==TqlDLHD4ydP3FgNQ+zQdUg0k4vm1Pw==
NWG-WGTSO30501,WatchGuard ThreatSync Open - 1 Year - 501 to 1000 licenses,Electronic,MDR & NDR,ThreatSync Open,https://partner.leadersystems.com.au/products.html?dVYZztAzUKk=SR7UIA6zIHoDQ418DXRi+w==5h0dOC1KEoP3+A4gxH0wCSINJjX4Rw==
NWG-WGTSO30720,WatchGuard ThreatSync Open - Monthly Subscription - 5001+ licenses,Electronic,MDR & NDR,ThreatSync Open,https://partner.leadersystems.com.au/products.html?k8jACVlc1v4=MoxTYQynML7LqE/ffOzxyg==YfFoK7Mjq2ODgwF9cwc1zZCxHbrctQ==
NWG-WGCDR30501,WatchGuard CloudDR - 1 Year - 501 to 1000 licenses,Electronic,CloudDR,CloudDR,https://partner.leadersystems.com.au/products.html?E69/iJZNGHQ=uKl/rofYSoHjQm6NMFTVXg==GR6160WPkB+++J0wpXsAIMaR57B8UA==
NWG-WGCDR30303,WatchGuard CloudDR - 3 Year - 101 to 250 licenses,Electronic,CloudDR,CloudDR,https://partner.leadersystems.com.au/products.html?AuCEASJ7Sro=Ao1I29OplZ56WCMcl/QAtw==pZw03bFKnl5A6fTnWCF4WX4gRePkDw==
NWG-WGCDR30620,WatchGuard CloudDR - Monthly Subscription - 1001 to 5000 licenses,Electronic,CloudDR,CloudDR,https://partner.leadersystems.com.au/products.html?SKsc5SfL128=ladpwqGJouBcmPJ8sR/w8w==V6u+1Ob76lBKDPdZsPN8fRBiYhhCTA==
NWG-WGCR20102,WatchGuard Compliance Reporting - 2 Year - 1 to 50 licenses,Electronic,Reporting & Visibility,Compliance Reporting,https://partner.leadersystems.com.au/products.html?ztVNC7dikPs=TEOD/DlPLaU/ytPcNaAiKw==1g0b91xMWz4TkHjfvg60279FDIJG
NWG-WGCR20304,WatchGuard Compliance Reporting - 4 Year - 101 to 250 licenses,Electronic,Reporting & Visibility,Compliance Reporting,https://partner.leadersystems.com.au/products.html?uYqElRpXPEc=hM9iBl6Y/VHM5n9zbWDFuA==IAsJSBoA+FfLozzqzfeo+6AEiDif
NWG-WGATH30304,WatchGuard AuthPoint MFA - 4 Year - 101 to 250 Users,Electronic,Identity & Access,AuthPoint,https://partner.leadersystems.com.au/products.html?irrPpQPrpPU=q5Pg4xpQTMXIys+ZiA3lHA==tJ4NN4WXwmyHHqfX05B35yjE2YFXbg==
NWG-WGATH30602,WatchGuard AuthPoint MFA - 2 Year - 1001 to 5000 Users,Electronic,Identity & Access,AuthPoint,https://partner.leadersystems.com.au/products.html?dIdUcMKDW0I=ChDHA1yhXvcQpU7PqCr8uA==4DjsNDA7+6Or7XaS6rJCiYo3rv4buQ==
NWG-WGCLG002,WatchGuard Firebox Cloud Large with 2-yr Standard Support,Electronic,Cloud,Firebox Cloud Large,https://partner.leadersystems.com.au/products.html?PxTf58nMFpU=7O4OgBlNq7MqSyoDea3DEQ==XdfuNk07QissYVkOTkGm4+BICFA=
NWG-WGCR20704,WatchGuard Compliance Reporting - 4 Year - 5001+ licenses,Electronic,Reporting & Visibility,Compliance Reporting,https://partner.leadersystems.com.au/products.html?6MnrH8lnlm8=2Xl3ZgNDPDaok1o2qtXxtA==zu0q3yhnkWsubVzrlwKvsm1DdcZD
NWG-WGMDR30304,WatchGuard Core MDR - 4 Year - 101 to 250 licenses,Electronic,MDR & NDR,Core MDR,https://partner.leadersystems.com.au/products.html?MnwlHSA/Nk0=CNkEKxABlPdhZmrj9HjokA==YTmJczlXt03MoZpgZief259KQpwx5A==
NWG-WGCLG034,WatchGuard Firebox Cloud Large with 4-yr Basic Security Suite,Electronic,Cloud,Firebox Cloud Large,https://partner.leadersystems.com.au/products.html?dTZXN3s1h4w=ueKfP+Xg3iLbP78wvFP2fg==thQas3BZADjoRh2ud5jsT7h+U2E=
NWG-WGMDRM30202,WatchGuard Core MDR for Microsoft - 2 Year - 51 to 100 licenses,Electronic,MDR & NDR,Core MDR for Microsoft,https://partner.leadersystems.com.au/products.html?LPsybSWgn+Q=l8Jyo90jmMc0svj5AU2Nzg==W7eh0KkGPWcVUp4K0QBf2bVw/tj+3mQ=
NWG-WGMDRM30302,WatchGuard Core MDR for Microsoft - 2 Year - 101 to 250 licenses,Electronic,MDR & NDR,Core MDR for Microsoft,https://partner.leadersystems.com.au/products.html?S3jf3eSdlps=QFgkHIykKVDGAeB2gfHnDA==2uuK0uv2sM6jVQgcrBg3/NqGolmI1Zg=
NWG-WGMDRM30602,WatchGuard Core MDR for Microsoft - 2 Year - 1001 to 5000 licenses,Electronic,MDR & NDR,Core MDR for Microsoft,https://partner.leadersystems.com.au/products.html?CvOy+uzyIBE=1f3a+b19rqi0gq+CB56e+Q==Ca/YEAmEbqbfhH9aBvdNELnpIWB51zk=
NWG-WGMDRO30104,Watchguard Open MDR- 4 Year - 1 to 50 licenses,Electronic,MDR & NDR,Open MDR,https://partner.leadersystems.com.au/products.html?kYiMGYut7KI=xXr0Q/CX7ZxHpl9xqQnNrg==ZJZeoWvG1feY0MDGap3tWaKjmAnaG68=
NWG-WGMDRO30305,Watchguard Open MDR- 5 Year - 101 to 250 licenses,Electronic,MDR & NDR,Open MDR,https://partner.leadersystems.com.au/products.html?BZ2xkJU26HM=LoDsgwyrIkEVbObXUw0n0Q==UZ8VwMB0kxTYCYXjm7mEky+MGXK+fto=
NWG-WGMDRO30704,Watchguard Open MDR- 4 Year - 5001+ licenses,Electronic,MDR & NDR,Open MDR,https://partner.leadersystems.com.au/products.html?+tvTjaGlRyE=OgWn72fMnrh1jOTGRH+OSg==J5EVhzjPmunhwyeDcheltYxnGMdtedU=
NWG-WGAP13000201,WatchGuard NFR Renewal 1-yr for AP130,Electronic,Access Points,AP130,https://partner.leadersystems.com.au/products.html?Gn9jBTCpsxU=oUYTrcvbVYiCy39RwtY7fQ==SjOq4JNHvcdNC6I957S4ii5P1v7b31GY
NWG-WGAP13022003,USP Wi-Fi Management for WatchGuard AP130 - 3-year,Electronic,Access Points,AP130,https://partner.leadersystems.com.au/products.html?cu8QgZMwTLQ=BU+lpP5l9+YErXmaIDKUEw==nom4mb7QQrZDmgQOOUPxPMbJ2NiAz/ib
NWG-WGCLG525,WatchGuard Cloud 1-month data retention for Firebox Cloud Large - 5-yr,Electronic,Cloud,Firebox Cloud Large,https://partner.leadersystems.com.au/products.html?gQ3eutgrEHM=WltBldHYidXE5ejGs38osA==g59wz6mgMGP9T6SRpq037AVd/mE=
NWG-WGAP23000201,WatchGuard NFR Renewal 1-yr for AP230W,Electronic,Access Points,AP230W,https://partner.leadersystems.com.au/products.html?RmjYCLNgc4E=mvHgq35FxtdLRdJ4M2HDrQ==lgqQaE12f/LQ2/jIJCAp5QWCzz9WvFSl
NWG-WGCME005,WatchGuard Firebox Cloud Medium with 5-yr Standard Support,Electronic,Cloud,Firebox Cloud Medium,https://partner.leadersystems.com.au/products.html?+BBMTYGYMzg=CLF8eH4DipCQsCXntDRNSQ==B9OJXYDNVasY19kY916ZaVhiu68=
NWG-WGAP23022104,Standard Wi-Fi Management for WatchGuard AP230W - 4-year,Electronic,Access Points,AP230W,https://partner.leadersystems.com.au/products.html?oKCP1qy3kso=GYp5DFqE5HY988JzMfWNPQ==qDA92bHIE+uxRFbf9aSgD9j29mdtgOo4
NWG-WGTSFS30403,WatchGuard Orion - 3 Year - 251 to 500 licenses,Electronic,MDR & NDR,Orion,https://partner.leadersystems.com.au/products.html?fH2WI7Z5iGA=w+4LCQ0MnDDBAJbQgLx0Tw==FLNWoNmvzoU6FMrsbizqWjbEezx+w0c=
NWG-WGTSFS30703,WatchGuard Orion - 3 Year - 5001+ licenses,Electronic,MDR & NDR,Orion,https://partner.leadersystems.com.au/products.html?Wgg1dP+DP9I=5V22J2C/0YJQr7lkwpAJWw==4NrFktNnq1uuYzyq+Kw6qOlBjAj9UHw=
NWG-WGSIEM30403,WatchGuard SIEMFeeder - 3 Year - 251 to 500 licenses,Electronic,Reporting & Visibility,SIEMFeeder,https://partner.leadersystems.com.au/products.html?g6DkDSlDkQo=JtCnng4/vGhJLw7v2u+yoA==ygGhGVuJdpDnxJaNl4Whlw29JkNEHQw=
NWG-WGSIEM30501,WatchGuard SIEMFeeder - 1 Year - 501 to 1000 licenses,Electronic,Reporting & Visibility,SIEMFeeder,https://partner.leadersystems.com.au/products.html?8sV4tXuIjIU=6AqI0l/6JFEZTN8alT2iXA==LJ9D3hwbzhbI+H/ekmPT2WYDi/oBUXI=
NWG-WGVMC171,WatchGuard APT Blocker 1-yr for FireboxV Micro,Electronic,Virtual,FireboxV Micro,https://partner.leadersystems.com.au/products.html?nO12dPipwrM=CLl9DZbvUuuc2X2BYQo+Aw==66HRCrOScbKLVuSZOLidgYocY3I=
NWG-WGFCI30303,WatchGuard FireCloud Internet Access - 3 Year - 101 to 250 licenses,Electronic,FireCloud,FireCloud Internet Access,https://partner.leadersystems.com.au/products.html?oZIa1oRfOTo=bNEWAqRmU4rtvGF20XAO7w==pQ+ZPOrc+XlCUVNx6cK0lGHPWC9sbw==
NWG-WGFCI30403,WatchGuard FireCloud Internet Access - 3 Year - 251 to 500 licenses,Electronic,FireCloud,FireCloud Internet Access,https://partner.leadersystems.com.au/products.html?fnIsMHBn/MY=0Ijt1qiqfkaog18OaoL9Qw==xIONmmYfGElKcwmrJmmKklSOFu5mMQ==
NWG-WGMDRM30501,WatchGuard Core MDR for Microsoft - 1 Year - 501 to 1000 licenses,Electronic,MDR & NDR,Core MDR for Microsoft,https://partner.leadersystems.com.au/products.html?fazBl3OZOsM=DKNURcYxTGhDH6wJpjK9Qw==dTQUWgGnaPOVwZJ9yp5SZYQovakXbuY=
NWG-WGMDRM30601,WatchGuard Core MDR for Microsoft - 1 Year - 1001 to 5000 licenses,Electronic,MDR & NDR,Core MDR for Microsoft,https://partner.leadersystems.com.au/products.html?UQvoNU9UO1Q=jPB8eOwcatdCOP5dSQR+7Q==qQ6nFIqFzorBfaiUp/iXoODHwbJG6R8=
NWG-WGM590000,WatchGuard Firebox M590 Appliance Only – License Not Included (Requires Separate WG License Purchase),Physical,M-Series,M590,https://partner.leadersystems.com.au/products.html?10dExMgMIH4=Z1SLGqcVSGAUbTyPxL/s1g==pQPNp0TnRl3wTGlAUVAjcG93lUf1
NWG-WGM690000,WatchGuard Firebox M690 Appliance Only – License Not Included (Requires Separate WG License Purchase),Physical,M-Series,M690,https://partner.leadersystems.com.au/products.html?pev3c177rxQ=dnqzFyBcXzby4QafDw+y9Q==syNvwK3ra3BVljbJIJmVhN05Im2+
NWG-WGT490201,Trade Up to WatchGuard Basic Security Suite for Firebox T45-CW - 1-Year (License ONLY; HW SKU: WGT49000-AU),Electronic,T-Series,T45-CW,https://partner.leadersystems.com.au/products.html?fgYoM0eZLfw=PC3xAa+w1e0zlx8v2mK0UQ==5H4aNBYEpau/0b8qG555iabKHBWd
NWG-WGA13022005,USP Wi-Fi Management for WatchGuard AP130 - 5-year (License ONLY; HW SKU: WGA130000),Electronic,Access Points,AP130,https://partner.leadersystems.com.au/products.html?MHV5U0I18WQ=hpSPHWH8dW4EgRgpY6nxeQ==YeAkNMpY5QtlsxeViJ2fB653Lb2MoDQ=
NWG-WGA13022105,Standard Wi-Fi Management for WatchGuard AP130 - 5-year (License ONLY; HW SKU: WGA130000),Electronic,Access Points,AP130,https://partner.leadersystems.com.au/products.html?TrEae8xGDyY=yOACbSael1oFTYsPv9Adtw==WAjhiox7JL02FG/Ag+/Ud6d7zcR7oMA=
NWG-WGT490065,WatchGuard Standard Support for Firebox T45-CW - 5-Year (License ONLY; HW SKU: WGT49000-AU),Electronic,T-Series,T45-CW,https://partner.leadersystems.com.au/products.html?i/IBp+Lx9TI=4AxMi+Lh0kTiWdNzW1zG+w==PvsySIW+htNeh3CJTaZUjJjsAmh+
NWG-WGT470211,Trade Up to WatchGuard Total Security Suite for Firebox T45-PoE - 1-Year (License ONLY; HW SKU: WGT47000-AU),Electronic,T-Series,T45-PoE,https://partner.leadersystems.com.au/products.html?QQNgG35yYEs=TH8VYRYZj2W7Kd60TjP+qw==1OEmaqaUbwtOZPssQqiTwCLS9qjA
NWG-WGT470205,Trade Up to WatchGuard Basic Security Suite for Firebox T45-PoE - 5-Year (License ONLY; HW SKU: WGT47000-AU),Electronic,T-Series,T45-PoE,https://partner.leadersystems.com.au/products.html?6951ijVTIcs=6nyrF0bGkcpLmAoQbyqFEA==a4Mat0/vw0K4dL8o8TKgY/BBG/dh
NWG-WGT260023,WatchGuard NFR for Firebox T25-W - 3 Year (License ONLY; HW SKU: WGT26000),Electronic,T-Series,T25-W,https://partner.leadersystems.com.au/products.html?b7F6Mc6+Zmc=35eggvqPTVodBmx4hadVcg==3JvhlOHOCFMVYRZAf+WDEJF2ciuQ
NWG-WGT250065,WatchGuard Standard Support for Firebox T25 - 5-Year (License ONLY; HW SKU: WGT25000),Electronic,T-Series,T25,https://partner.leadersystems.com.au/products.html?hAmIqsgbMIo=MYGEyP76wycvknJXkQ9CkA==1vWTXRrScuvbB9W28vJbd7L1NaLg
NWG-WGT250063,WatchGuard Standard Support for Firebox T25 - 3-Year (License ONLY; HW SKU: WGT25000),Electronic,T-Series,T25,https://partner.leadersystems.com.au/products.html?sgMqWgMlfM0=T/HYEnK7RtXed/7ByugOvg==R1YIacvsCiwUgXoWmmNGYNlsu/Ko
NWG-WGM6900081,WatchGuard Total Security Suite for Firebox M690 - 1-Year (License ONLY; HW SKU: WGM690000),Electronic,M-Series,M690,https://partner.leadersystems.com.au/products.html?sN/UHHw3woo=hIczM0J8Hk4TzErbZcd8OQ==kg2teW5R0eQ15SRSOTkIbCCfGBrILg==
NWG-WGM5900213,Trade Up to WatchGuard Total Security Suite for Firebox M590 - 3-Year (License ONLY; HW SKU: WGM590000),Electronic,M-Series,M590,https://partner.leadersystems.com.au/products.html?MGWAx4xP/tc=L/kEu2WVfvbQtcmfmBGyiA==FJfcyz9TEBIOFON3LSXWF4E2ZYNfjQ==
NWG-WGM5900211,Trade Up to WatchGuard Total Security Suite for Firebox M590 - 1-Year (License ONLY; HW SKU: WGM590000),Electronic,M-Series,M590,https://partner.leadersystems.com.au/products.html?2iDPbrNIMbQ=UfYCB6lK+ssAzqpPAewwQQ==XM2wfWkAgJS4oSfKjqc6nahZrmNhwQ==
NWG-WGM3900211,Trade Up to WatchGuard Total Security Suite for Firebox M390 - 1-Year (License ONLY; HW SKU: WGM390000),Electronic,M-Series,M390,https://partner.leadersystems.com.au/products.html?OO+ml7SlLUg=NPhdIzLoXdjRjkFO7N+mjA==YafMUg2JEfXRHuHgOXxZS/RtRkJBTw==
NWG-WGM3900203,Trade Up to WatchGuard Basic Security Suite for Firebox M390 - 3-Year (License ONLY; HW SKU: WGM390000),Electronic,M-Series,M390,https://partner.leadersystems.com.au/products.html?jOGg9eD5rHg=eg7ZdhLlNJO5l0mdJBPLZQ==2SxQ7aHE/g4iRWHV8n6AbvocShvg3g==
NWG-WGM3900073,WatchGuard Basic Security Suite for Firebox M390 - 3-Year (License ONLY; HW SKU: WGM390000),Electronic,M-Series,M390,https://partner.leadersystems.com.au/products.html?Fr9NBt3OWgU=NrolJ5QezxSO9QZRVcNwXQ==2DM5jAI15sxXlMg236r4Np7AXEXm/w==
NWG-WGM2900061,WatchGuard Standard Support for Firebox M290 - 1-Year (License ONLY; HW SKU: WGM290000),Electronic,M-Series,M290,https://partner.leadersystems.com.au/products.html?9V52z0ikvi0=dcai/OQCeHEOvrJiVwcLJw==2SdUaAxG/44/0nOB918ByBliVMsLdQ==
NWG-WGA43022105,Standard Wi-Fi Management for WatchGuard AP430CR - 5-year (License ONLY; HW SKU: WGA430000),Electronic,Access Points,AP430CR,https://partner.leadersystems.com.au/products.html?q5apwiu+ZME=TcmAika+nGB31+xybHUQWw==XqWqWXwXAkn9W8sgSxTTFS/NUpdRBww=
NWG-WGA33222001,USP Wi-Fi Management for WatchGuard AP332CR - 1-year (License ONLY; HW SKU: WGA332000),Electronic,Access Points,AP332CR,https://partner.leadersystems.com.au/products.html?jZu/gJWNhDI=A/lcMNbJnGCfn3cCDCzrIA==qle/4T20t+qZsNa0C7yzF6WzfjtFEuU=
NWG-WGM48000071,WatchGuard Basic Security Suite for Firebox M4800 - 1-Year (License ONLY; HW SKU: WGM48000),Electronic,M-Series,M4800,https://partner.leadersystems.com.au/products.html?Ampc/CkKpqA=zlbAfhD30y76NhkqvhGaTg==K6o2AQgFfzcFY5ZZnC1vzRok+k7KXXo=
NWG-WGM48000073,WatchGuard Basic Security Suite for Firebox M4800 - 3-Year (License ONLY; HW SKU: WGM48000),Electronic,M-Series,M4800,https://partner.leadersystems.com.au/products.html?LdEKb6dDebY=MYM3oakscU8U7RtwfCJCow==ohXiQovW1UXnS2yXKAhS8ntyJPb5dGQ=
NWG-WGM580001601,WatchGuard High Availability for M5800 - 1-Year (License ONLY; HW SKU: WGM58000),Electronic,M-Series,M5800,https://partner.leadersystems.com.au/products.html?P3SZxe0OCRg=+GA+Wl7z/t/0yeNDhU69zQ==tmNy3nh4mOHUQqcdymE+nbM7A5Ls4Axp
NWG-WGM58000203,Trade Up to WatchGuard Basic Security Suite for Firebox M5800 - 3-Year (License ONLY; HW SKU: WGM58000),Electronic,M-Series,M5800,https://partner.leadersystems.com.au/products.html?ken5vsd5uOE=WO5GK//X4ACYoz4xqKWvGg==yt8l4nWOgQG2TIhV46Iw/CUc10wz4cs=
NWG-WGMDRT30103,WatchGuard Total MDR - 3 Year - 1 to 50 licenses,Electronic,MDR & NDR,Total MDR,https://partner.leadersystems.com.au/products.html?QH+NukpJou8=lKB9yTQPejxFix9lfl9vng==coiKvXE1ueFFWGTApyH1UEQu678lLe8=
NWG-WGMDRT30203,WatchGuard Total MDR - 3 Year - 51 to 100 licenses,Electronic,MDR & NDR,Total MDR,https://partner.leadersystems.com.au/products.html?Vn2kru8zvKg=qK8WoxDATv0A32AKfS349g==jHvMTKzMnAYSEDLIlD+qpY+lvYjhf9k=
NWG-WGMDRT30701,WatchGuard Total MDR - 1 Year - 5001+ licenses,Electronic,MDR & NDR,Total MDR,https://partner.leadersystems.com.au/products.html?3+Jp18SW3Ws=VZVkuevo6YOwMmvM2236DQ==YfsXayxoaIWR35WvLI3hnW8aabcnW+M=
NWG-WGT1850073,WatchGuard Basic Security Suite for Firebox T185 - 3-Year (License ONLY; HW SKU: WGT185000),Electronic,T-Series,T185,https://partner.leadersystems.com.au/products.html?opBfrB8VkzE=1S8ov7yogFskVKO7xM/GCg==ZTrV0tK+iejwHjk5OnwQs8+1y3zoVg==
NWG-WGT1850075,WatchGuard Basic Security Suite for Firebox T185 - 5 -Year (License ONLY; HW SKU: WGT185000),Electronic,T-Series,T185,https://partner.leadersystems.com.au/products.html?Pf22gp1KTW0=PMH5h807G74ChFVBdfJsSQ==3nPXx+QjFs+2tKed7ZIBWnxhCJ/7CA==
NWG-WGT18501601,WatchGuard Standard Support for Firebox T185 High Availability - 1-Year (License ONLY; HW SKU: WGT185000),Electronic,T-Series,T185,https://partner.leadersystems.com.au/products.html?4JMUpSLfJT4=6VanRPZskoQIGr+6D+pU3Q==mkkB2ndTAwURXarWI2OR8HBVVGGeVW8=
NWG-WGFCT30101,WatchGuard FireCloud Total Access - 1 Year - 1 to 50 licenses,Electronic,FireCloud,FireCloud Total Access,https://partner.leadersystems.com.au/products.html?sk+ON2L2CTo=2rtXxEiUwG54rVFQgThvtw==yHSBiHldYM9abOLzpBfbWvaVMFqomw==
NWG-WGFCT30601,WatchGuard FireCloud Total Access - 1 Year - 1001 to 5000 licenses,Electronic,FireCloud,FireCloud Total Access,https://partner.leadersystems.com.au/products.html?jKOPzzyzAs8=vtWALSJGBwBkyFIBirNHsw==CqlbBi3yMgs6vZKCR/lH8pXclTEDPA==
NWG-WGT1160071,WatchGuard Basic Security Suite for Firebox T115-W - 1-Year (License ONLY; HW SKU: WGT116000),Electronic,T-Series,T115-W,https://partner.leadersystems.com.au/products.html?K+72itg7YEY=WGa+2M9VWpm9qz16gqUX3g==mHOv3/NXRd7rzSv4IWBj5/m+lL97eg==
NWG-WGT1260075,WatchGuard Basic Security Suite for Firebox T125-W - 5-Year (License ONLY; HW SKU: WGT126000),Electronic,T-Series,T125-W,https://partner.leadersystems.com.au/products.html?PdhqNwQLAmY=xKg76al5Xp4Ohpd/69kgdg==LYKs9kcGVDic5W6RIZFy/N5ALRPOVQ==
NWG-WGT1260085,WatchGuard Total Security Suite for Firebox T125-W - 5-Year (License ONLY; HW SKU: WGT126000),Electronic,T-Series,T125-W,https://partner.leadersystems.com.au/products.html?h1GeszHY4SQ=MidvwqQjguA5i9UZGE+GRA==39RpWNbOwAC6uJxrJFMq/W6DXqyR1Q==
NWG-WGT1450061,WatchGuard Standard Support for Firebox T145 - 1-Year (License ONLY; HW SKU: WGT145000),Electronic,T-Series,T145,https://partner.leadersystems.com.au/products.html?pnf2hgeziWs=JsH8Zx3zl178Mck6gOToBQ==fKXRqE+qD55rue5pVSzC8Gz0cNvQOA==
NWG-WGT1250083,WatchGuard Total Security Suite for Firebox T125 - 3-Year (License ONLY; HW SKU: WGT125000),Electronic,T-Series,T125,https://partner.leadersystems.com.au/products.html?NDSsIAxRt1k=8Lj5FVx3+a26HKzHFE5ZMw==MfuD8hiIeP0ZC8fl4ZSAJFdhnEaBrQ==
NWG-WGT1460071,WatchGuard Basic Security Suite for Firebox T145-W - 1-Year (License ONLY; HW SKU: WGT146000),Electronic,T-Series,T145-W,https://partner.leadersystems.com.au/products.html?Cg6H4zMrJjc=uS3kM6XE5cCsK6g1/EbGMA==3yi5Y7JaA+QcdL0kz8b4/qkMdRsJ2g==
NWG-WGT1460073,WatchGuard Basic Security Suite for Firebox T145-W - 3-Year (License ONLY; HW SKU: WGT146000),Electronic,T-Series,T145-W,https://partner.leadersystems.com.au/products.html?1RiEJQ/CamY=TIvgXADqx2lK8FhROiwbHg==8VtBzzmMRW3mhPVwoimUdcBVTaKeiA==
NWG-WGT1460063,WatchGuard Standard Support for Firebox T145-W - 3-Year (License ONLY; HW SKU: WGT146000),Electronic,T-Series,T145-W,https://partner.leadersystems.com.au/products.html?fXQoeNpJ6O4=ncyX9VsLBYh0M0itxg1pXw==/DZu853/833bm8gMFqn7RSHVj1Pedg==
NWG-WGT1460065,WatchGuard Standard Support for Firebox T145-W - 5-Year (License ONLY; HW SKU: WGT146000),Electronic,T-Series,T145-W,https://partner.leadersystems.com.au/products.html?q1mpdzcOWY0=XRWXEPyOcFhq6fYErLVlXw==wpOYakcSaNkSipYo+O9VckGSqiAJog==
NWG-WGTSST30201,WatchGuard Total NDR - 1 Year - 51 to 100 licenses,Electronic,MDR & NDR,Total NDR,https://partner.leadersystems.com.au/products.html?NOHOL4aM7jI=KcDL/SR72NikWBJyhNYGjg==40JCXJx7bGz84Hjh3HO+oeJGPrZ2K6Y=
NWG-WGTSST30301,WatchGuard Total NDR - 1 Year - 101 to 250 licenses,Electronic,MDR & NDR,Total NDR,https://partner.leadersystems.com.au/products.html?+eNq6RtUS+c=Fv15ZKmiyF5SLvPgsnVaXA==kTNHmJggMVjPSVMWpMGBDI7zzZDIUyI=
NWG-WGM5950203,Trade Up to WatchGuard Basic Security Suite for Firebox M595 - 3-Year (License ONLY; HW SKU: WGM595000),Electronic,M-Series,M595,https://partner.leadersystems.com.au/products.html?xYqpOPh9ROk=SE6UC5y6im0WTcXqxeL3tg==cviTFEp3MyCYz0l8cnboM8M3t9l+jg==
NWG-WGM6950203,Trade Up to WatchGuard Basic Security Suite for Firebox M695 - 3-Year (License ONLY; HW SKU: WGM695000),Electronic,M-Series,M695,https://partner.leadersystems.com.au/products.html?+WQKVc93xCI=Ex42Ydn9YfNseFpktlowGA==wiT8p4Xmg/U5JHBQWTUgrmRN1JuHpA==
NWG-WGM4950071,WatchGuard Basic Security Suite for Firebox M495 - 1-Year (License ONLY; HW SKU: WGM495000),Electronic,M-Series,M495,https://partner.leadersystems.com.au/products.html?eSjITnxaveE=QO6N5mN/fdZdwC2ogohxCw==1pZWG8/XaY9RFd888UseO0XhfJQlpA==
NWG-WGM4950073,WatchGuard Basic Security Suite for Firebox M495 - 3-Year (License ONLY; HW SKU: WGM495000),Electronic,M-Series,M495,https://partner.leadersystems.com.au/products.html?DFhQywRVx8k=gkW9ZfKPE1IYUExxe3cj3g==X27/Q0DvVNmEG2x6ERH8dtg9vjPkjw==
NWG-WGM2950061,WatchGuard Standard Support for Firebox M295 - 1-Year (License ONLY; HW SKU: WGM295000),Electronic,M-Series,M295,https://partner.leadersystems.com.au/products.html?bHKhqTNNHqE=TdbIGcARgshTpLQlMzF++w==1F63nRuNR8AFJHRGHxse7/9yoQHRYw==
NWG-WGM2951603,WatchGuard Standard Support for Firebox M295 High Availability - 3-Year (License ONLY; HW SKU: WGM295000),Electronic,M-Series,M295,https://partner.leadersystems.com.au/products.html?/pD0JZOoSac=rc2cFkD2yBYosEgWyhwkZg==xYz2qORwSUP/jKSySMiwrvEBink5Fw==
NWG-WGM3950083,WatchGuard Total Security Suite for Firebox M395 - 3-Year (License ONLY; HW SKU: WGM395000),Electronic,M-Series,M395,https://partner.leadersystems.com.au/products.html?mVs3zVO3Ch8=0pPMFkJGLnCLI8dkzpVjqQ==Cjko+UqIbjrWbOsZnzYe8TzphD5Kow==
NWG-WGM4950081,WatchGuard Total Security Suite for Firebox M495 - 1-Year (License ONLY; HW SKU: WGM495000),Electronic,M-Series,M495,https://partner.leadersystems.com.au/products.html?Mlz4Hayrwbk=s6cUHKHKaLkdcze2/7WWzA==qAIUGrqnjMClVrnQF/tmgICgoZe/aA==
NWG-WGWESS30603,WatchGuard Endpoint Security for Servers - 3 Year - 1001 to 5000 licenses,Electronic,Endpoint & Mobile,Endpoint Security for Servers,https://partner.leadersystems.com.au/products.html?01lfkO96mzc=ZBWt7blK0NUfugTPAowT2w==rzdYLLEDJ0Etoa6OPG3Q+iyF9tonwmw=
NWG-WGWESS30303,WatchGuard Endpoint Security for Servers - 3 Year - 101 to 250 licenses,Electronic,Endpoint & Mobile,Endpoint Security for Servers,https://partner.leadersystems.com.au/products.html?7gMDprL/+Qo=T7DtCT3pD7klQryYFV3Dzg==UX5Jw2SsqaS8R4sWi6GPyubFg2kiLkY=
NWG-WGMZTC30503,WatchGuard Managed Zero-Trust - 3-Year - 501 to 1000 Seats,Electronic,Endpoint & Mobile,Managed Zero-Trust,https://partner.leadersystems.com.au/products.html?40eY+0DWpsc=QDiGRw5BmJDOs41WiOrH4w==y8wU/7pqTsjBo+TVOnbUDbdN+odjRqQ=
NWG-WGZTC30505,WatchGuard Zero-Trust - 5-Year - 501 to 1000 Seats,Electronic,Endpoint & Mobile,Zero-Trust,https://partner.leadersystems.com.au/products.html?7fLrNmePD08=ypUSdVHOyXjZCaBAVpLvJQ==cc6NmSD3Fu1r4WcJD5+JUWIHVv7XrA==
NWG-WGZTC30605,WatchGuard Zero-Trust - 5-Year - 1001 to 5000 Seats,Electronic,Endpoint & Mobile,Zero-Trust,https://partner.leadersystems.com.au/products.html?xmCHBjYOqsc=YIO5GoiKuDtR0tzuhUrX4A==5bDyW7Ji+MwMvlbpVm/4czK/37tzhA==
NWG-WGZTC30201,WatchGuard Zero-Trust - 1-Year - 51 to 100 Seats,Electronic,Endpoint & Mobile,Zero-Trust,https://partner.leadersystems.com.au/products.html?LuGl4JMjZ+M=Px1uPLy6V0GHhKpWu/BmeQ==NPkSG0PMe5ZKLaJYjEBRqnVBarDx8w==
NWG-WGZTC30301,WatchGuard Zero-Trust - 1-Year - 101 to 250 Seats,Electronic,Endpoint & Mobile,Zero-Trust,https://partner.leadersystems.com.au/products.html?6YypQExZbfs=xGiOrbcAYVDr63abXrjyBA==bgxq3uhJSfWrXzRdl2+ssOh53RoCoA==
NWG-WGESA30301,WatchGuard Endpoint Security Basic - 1 Year - 101 to 250 licenses,Electronic,Endpoint & Mobile,Endpoint Security Basic,https://partner.leadersystems.com.au/products.html?VZvxaHiz3xs=koee7R30cEgVaVfQtNYJBg==EMCha3Z3oUnUcP5EyieWf4JOnaA9fA==
NWG-WGESB30103,WatchGuard Endpoint Security 360 - 3 Year - 1 to 50 licenses,Electronic,Endpoint & Mobile,Endpoint Security 360,https://partner.leadersystems.com.au/products.html?1PenMD6od3U=+lESc4OIaxdHFhOgInZUNA==zMtbFzLaMO+465R8CXJnVpI/mFLuww==
NWG-WGESB30201,WatchGuard Endpoint Security 360 - 1 Year - 51 to 100 licenses,Electronic,Endpoint & Mobile,Endpoint Security 360,https://partner.leadersystems.com.au/products.html?MwQn1XWaqOU=x/QXgLY12PXNX1RuGCPsmw==jYk7/sQr7nReJK+CEsjEbW3GNQqADA==
NWG-WGESB30703,WatchGuard Endpoint Security 360 - 3 Year - 5001+ licenses,Electronic,Endpoint & Mobile,Endpoint Security 360,https://partner.leadersystems.com.au/products.html?9dMiBKUefY0=8bW0eOihOlkh7yuW9BkCYg==ugJv3MezZnxU4NzYGKfk6a88aETGcw==
NWG-WGESC30101,WatchGuard Endpoint Security Elite - 1 Year - 1 to 50 licenses,Electronic,Endpoint & Mobile,Endpoint Security Elite,https://partner.leadersystems.com.au/products.html?eGQPid5IEfQ=VmcRfkGAL5WXmifmTjHvlQ==Cf8wL6PApSbxaPbwBwbjlZlbCmNHRQ==
NWG-WGESC30603,WatchGuard Endpoint Security Elite - 3 Year - 1001 to 5000 licenses,Electronic,Endpoint & Mobile,Endpoint Security Elite,https://partner.leadersystems.com.au/products.html?cvefEHOr3yA=ipMJ1W7/ddSyoQt4odnGBQ==pcecsq8mG/7oRQLTnuW++qFH+Jwhxw==
NWG-WGWEDP30503,WatchGuard Endpoint Security Prime - 3 Year - 501 to 1000 licenses,Electronic,Endpoint & Mobile,Endpoint Security Prime,https://partner.leadersystems.com.au/products.html?KXBUnMVhZvk=6VPu5hs2ew+6D43fMKns8Q==OCD9oQQAbixP2i/5pgq/Rr8ykAG7NV8=
NWG-WGMDRO30001,WatchGuard Open MDR NFR - 1 year - 1+ licenses,Electronic,MDR & NDR,Open MDR,https://partner.leadersystems.com.au/products.html?vUZh6js79RY=EaW4z/zIiUFj4IRHIU70VQ==3b4Koc7dT4jBq9A4uwIcJ2lXg9QuGek=
NWG-WGMDRO30401,WatchGuard Open MDR - 1 Year - 251 to 500 licenses,Electronic,MDR & NDR,Open MDR,https://partner.leadersystems.com.au/products.html?shG02IlnAag=bvSfXqHYrinK+Wp7SSxShQ==U5CSou5Qo73Kt6Y06AeM3pMEDGRvHss=
NWG-WGMDRO30701,WatchGuard Open MDR - 1 Year - 5001+ licenses,Electronic,MDR & NDR,Open MDR,https://partner.leadersystems.com.au/products.html?mXpOpCoqrcI=2+rnNqsGZyMH8z5XlhTcag==EGKubX7cH2mW9i4E6EVEJF+f6M+kYoU=
NWG-WGMDRO30703,WatchGuard Open MDR - 3 Year - 5001+ licenses,Electronic,MDR & NDR,Open MDR,https://partner.leadersystems.com.au/products.html?XC4/OILQjwY=crOYXtADEDbWhXT82y6RjQ==+ted0Hl8YbxUu8As3YhFJoYJpeTnKW0=
NWG-WGTSO30320,WatchGuard ThreatSync Open - Monthly Subscription - 101 to 250 licenses,Electronic,MDR & NDR,ThreatSync Open,https://partner.leadersystems.com.au/products.html?2Cc5zC99Wb4=sQBhmDQ6yCWuyLCl7pnB5w==h6MKCJ8GkF09K/I1oSmER5cDuWcHlA==
NWG-WGTSO30405,WatchGuard ThreatSync Open - 5 year - 251 to 500 licenses,Electronic,MDR & NDR,ThreatSync Open,https://partner.leadersystems.com.au/products.html?f2IWG3dYgrM=0eY09djTSOluhLkIwgOVOg==3WbkqPti070qxu99vJ5MrktOrpI3VA==
NWG-WGCDR30705,WatchGuard CloudDR - 5 Year - 5001+ licenses,Electronic,CloudDR,CloudDR,https://partner.leadersystems.com.au/products.html?OlXlaNWZCs8=S6XiQQn7zeEu4aECpiOi8A==tyZfJCB5yXyZAUCwF958xrZyShEC7Q==
NWG-WGCDR30120,WatchGuard CloudDR - Monthly Subscription - 1 to 50 licenses,Electronic,CloudDR,CloudDR,https://partner.leadersystems.com.au/products.html?No70ErAGtRI=fqhQdsCmI3YX3L/5g7X3Ww==PKYwTBU7EXZZ5U7TqWeZaMQcD7TbkA==
NWG-WGCDR30420,WatchGuard CloudDR - Monthly Subscription - 251 to 500 licenses,Electronic,CloudDR,CloudDR,https://partner.leadersystems.com.au/products.html?H5kXTXvBOPQ=wib5UTno6225PMnX36rm8Q==4OFbQE0oHr40iRbycNNKHyhwIuaaZw==
NWG-WGATH30404,WatchGuard AuthPoint MFA - 4 Year - 251 to 500 Users,Electronic,Identity & Access,AuthPoint,https://partner.leadersystems.com.au/products.html?OlGgEQe5vPw=Wbci58VwjiUbYiDWHcfMiA==ZSFdg8MGwuNUAnvzvA5wKXE/BVJ2rA==
NWG-WGATH30502,WatchGuard AuthPoint MFA - 2 Year - 501 to 1000 Users,Electronic,Identity & Access,AuthPoint,https://partner.leadersystems.com.au/products.html?hGS5JQNZGbs=EDN1CAmkywo6fjfYaCEiiQ==v/VgbJ/t+aWvt/mtz5JCLSPFzgL5qA==
NWG-WGATH30504,WatchGuard AuthPoint MFA - 4 Year - 501 to 1000 Users,Electronic,Identity & Access,AuthPoint,https://partner.leadersystems.com.au/products.html?VnElDOkLhjE=eEE52+Ijk6bLMTf6TfHNNA==11yXtmHJWWEblNnCxOtqTrd1g8vS8A==
NWG-WGCLG004,WatchGuard Firebox Cloud Large with 4-yr Standard Support,Electronic,Cloud,Firebox Cloud Large,https://partner.leadersystems.com.au/products.html?2/Wyf1/1cKY=2TKUrOigbInTp7hasrjDZw==Na8jPLL1UvEq4XVzJjElr26keS8=
NWG-WGCR20602,WatchGuard Compliance Reporting - 2 Year - 1001 to 5000 licenses,Electronic,Reporting & Visibility,Compliance Reporting,https://partner.leadersystems.com.au/products.html?6vpfYADoPpc=4ws8rkXn497vRoH5TTUS7Q==qlGK6e4u2zhJqO/a9Kje3PWgHyVW
NWG-WGMDR30602,WatchGuard Core MDR - 2 Year - 1001 to 5000 licenses,Electronic,MDR & NDR,Core MDR,https://partner.leadersystems.com.au/products.html?FhXWFs8fUTk=sGILEkwKKf2bwjnmm/k73A==ad3Rm/4Fjj+2CfkMRSZTHlJI5M+SAQ==
NWG-WGMDRM30604,WatchGuard Core MDR for Microsoft - 4 Year - 1001 to 5000 licenses,Electronic,MDR & NDR,Core MDR for Microsoft,https://partner.leadersystems.com.au/products.html?OoOnBXzo5lU=cl+7lxHUk4l96jCMKjJ66w==a5XCww6Fwfar7AuYYYKOlHp1PVTzfV8=
NWG-WGMDRM30605,WatchGuard Core MDR for Microsoft - 5 Year - 1001 to 5000 licenses,Electronic,MDR & NDR,Core MDR for Microsoft,https://partner.leadersystems.com.au/products.html?0D7izKqreRg=xvYDryUuAfsZhSD/XyD+2Q==fP5NSLZwj8E0S3xOg7Ud0Ha7zxqM23Y=
NWG-WGMDRO30504,Watchguard Open MDR- 4 Year - 501 to 1000 licenses,Electronic,MDR & NDR,Open MDR,https://partner.leadersystems.com.au/products.html?EWElV5Mecbo=TFUmgcTks4qRAqJ/5dIXrw==TOr85W0UHhbL1oT/+WHqfus81+Cd92Y=
NWG-WGMDRO30505,Watchguard Open MDR- 5 Year - 501 to 1000 licenses,Electronic,MDR & NDR,Open MDR,https://partner.leadersystems.com.au/products.html?LPef3f+CELc=yepfOObLwKeOP5hPGPjEDw==BgSxmHq2Ub18CiicQnzupN+i9YpQ5pU=
NWG-WGAP13022004,USP Wi-Fi Management for WatchGuard AP130 - 4-year,Electronic,Access Points,AP130,https://partner.leadersystems.com.au/products.html?i4aXCjkj63w=CKovK7Vk6OeCBtRbllEKbg==Z+O/Bs2q4elj/cqS6l8mWecCtQq2y4kX
NWG-WGCLG175,WatchGuard APT Blocker 5-yr for Firebox Cloud Large,Electronic,Cloud,Firebox Cloud Large,https://partner.leadersystems.com.au/products.html?T2Evg6Uyw3Q=osP0aronvuPG9vYhaM4Usg==mrxhXMAz0RjvLU9jjdakxLdotKQ=
NWG-WGCME002,WatchGuard Firebox Cloud Medium with 2-yr Standard Support,Electronic,Cloud,Firebox Cloud Medium,https://partner.leadersystems.com.au/products.html?P0ePxioPTus=38lMVK7NYned5oC2dc2s7w==tvEB3tk/6JoX/BA+HoDI53Yvl+c=
NWG-WGCME004,WatchGuard Firebox Cloud Medium with 4-yr Standard Support,Electronic,Cloud,Firebox Cloud Medium,https://partner.leadersystems.com.au/products.html?t9B18ZA8G+8=7q9A0hqhB2HFbWDE4FBRlw==OCQRLmaxkvtZlbW1rTvWU8wGBL8=
NWG-WGAP23022102,Standard Wi-Fi Management for WatchGuard AP230W - 2-year,Electronic,Access Points,AP230W,https://partner.leadersystems.com.au/products.html?pmbNdgtwHMY=hMiQm8BYN41lUNyrQ9jyaA==qhurPEcJFzyom+nGpdXp1eCh1GdQlMv1
NWG-WG460301,WatchGuard NGFW Suite Renewal/Upgrade 1-yr for Firebox M4600,Electronic,Renewals,M4600,https://partner.leadersystems.com.au/products.html?dRZvKcNaK40=unoygkV/X79W3aiXkw5gvQ==1pgt0wiF2XoRhEd+3MK3kGgnQmU=
NWG-WG460351,WatchGuard Total Security Suite Renewal/Upgrade 1-yr for Firebox M4600,Electronic,Renewals,M4600,https://partner.leadersystems.com.au/products.html?wGJEnr4QY+0=+cyNDe9CWlQZ3oTAvcmanA==q6wDt7JUMW2eJLzyh1+UQbO9ak4=
NWG-WGM57331,WatchGuard Basic Security Suite Renewal/Upgrade 1-yr for Firebox M570,Electronic,Renewals,M570,https://partner.leadersystems.com.au/products.html?bfDVrbUAmh0=pCGILVwv7H5vyt1uFft+Dg==1DnQoHSPgcprSiOThQT+W4oSXqM=
NWG-WGM57261,WatchGuard Gold Support Renewal/Upgrade 1-yr for Firebox M570,Electronic,Renewals,M570,https://partner.leadersystems.com.au/products.html?yopXfmrqFdQ=yJ3IlocR8gr4S2YWXHyWDA==5TDL3/YIqTuMgywAns4M5dl4+W8=
NWG-WGM67331,WatchGuard Basic Security Suite Renewal/Upgrade 1-yr for Firebox M670,Electronic,Renewals,M670,https://partner.leadersystems.com.au/products.html?0GjQbQ3Vk6I=ZdO/fW2q0zEa8jJCGcAKMg==4yXjFiatbvmkbFD7Ki/G0zCbRKc=
NWG-WGT16181,WatchGuard Network Discovery 1-yr for Firebox T15-W,Electronic,Renewals,T15-W,https://partner.leadersystems.com.au/products.html?6DBIrGs+kA0=DP6rzWgokPiGoFp3zOZKyA==j1FDDSmgeZbPRxc1O8NC0NCUDe8=
NWG-WG460111,WatchGuard spamBlocker 1-yr for Firebox M4600,Electronic,Renewals,M4600,https://partner.leadersystems.com.au/products.html?ptH2YNgSp04=osyGLcKbmkf2tOiATURZaw==Yrv5dGdGo7WIQ7NMxaqESWBGOxU=
NWG-WG460131,WatchGuard Intrusion Prevention Service 1-yr for Firebox M4600,Electronic,Renewals,M4600,https://partner.leadersystems.com.au/products.html?jQ/ZzLZYhaY=Bv58w6CehPHoOVJFrM63MQ==JtKo53ULDwj5mAc1Pv4AZrdNpPA=
NWG-WG561101,WatchGuard WebBlocker 1-yr for Firebox M5600,Electronic,Renewals,M5600,https://partner.leadersystems.com.au/products.html?yhkpgWxKSz0=DwM1LpFzbAvBUKbzH8L3YA==Aeb1SWOWXqmNIiwoIjXKlQ3CdPA=
NWG-WG561121,WatchGuard Gateway AntiVirus 1-yr for Firebox M5600,Electronic,Renewals,M5600,https://partner.leadersystems.com.au/products.html?4YiugVkylCo=MJYxezhOByN9xtRxswCrDQ==iFk6YrczC05bthlJXAYP5hasA2w=
NWG-WGM44181,WatchGuard Network Discovery 1-yr for Firebox M440,Electronic,Renewals,M440,https://partner.leadersystems.com.au/products.html?hjMj+xwH26Y=u5i9UcsJH5LkQ8hpUZS4mA==mcjDxk8MH9Lm4IfZLbHh8xhmUHw=
NWG-WG460101,WatchGuard WebBlocker 1-yr for Firebox M4600,Electronic,Renewals,M4600,https://partner.leadersystems.com.au/products.html?ffhBY4gNYU8=/ptr6k+HEFN4Q8IfgEwiLw==oRiePhlSdpoD/chDJbywuYoxP8w=
NWG-WG460121,WatchGuard Gateway AntiVirus 1-yr for Firebox M4600,Electronic,Renewals,M4600,https://partner.leadersystems.com.au/products.html?ndHeAL4QZSI=E741UizNVevThIOzrbrKug==Q2vrvS/6ufLlkd4zPXxdsNpx9tM=
NWG-WG561261,WatchGuard Gold Support Renewal/Upgrade 1-yr for Firebox M5600,Electronic,Renewals,M5600,https://partner.leadersystems.com.au/products.html?kIrmNvvdFfg=sl13MfV9JR+KxQCJEz4l1g==F8bdxvTiAPUil5rzYqKWZRPBTcQ=
NWG-WG561111,WatchGuard spamBlocker 1-yr for Firebox M5600,Electronic,Renewals,M5600,https://partner.leadersystems.com.au/products.html?IgfRy8yXlf8=KjosITwwp9D4ZdAe2mI6Ww==AEP+fr7BeCdfvXqK1ggyEJSGVx0=
NWG-WG460141,WatchGuard Reputation Enabled Defense 1-yr for Firebox M4600,Electronic,Renewals,M4600,https://partner.leadersystems.com.au/products.html?tMx5HQRshlo=PrTdzFTSA+FZVhl2BN2dxw==n56oYRklo3VaIriel+TP3CR2dCE=
NWG-WGM57521,WatchGuard Cloud 1-month data retention for M570 - 1-yr,Electronic,Renewals,M570,https://partner.leadersystems.com.au/products.html?N5r39Xk80as=fij7sDlGhPogkmPs9I3snw==b3Mpdsq+rMmiWKW3xySx81N+gic=
NWG-WG460331,WatchGuard Basic Security Suite Renewal/Upgrade 1-yr for Firebox M4600,Electronic,Renewals,M4600,https://partner.leadersystems.com.au/products.html?OnpwPobGGJU=gUutQMHoyvMP/DiDsE61sw==VYEJbASD+dzedfQG9pOcqS8vAHQ=
NWG-WG561201,WatchGuard Standard Support Renewal 1-yr for Firebox M5600,Electronic,Renewals,M5600,https://partner.leadersystems.com.au/products.html?70C6jsBi4yE=XhSBALRcWx9jNBpYP4LE4Q==kKqpV8vhQfbHEfxbMLSM3nOeDoU=
NWG-WGM37351,WatchGuard Total Security Suite Renewal/Upgrade 1-yr for Firebox M370,Electronic,Renewals,M370,https://partner.leadersystems.com.au/products.html?C4RoJUFWU30=bMV1XloVsnsAyuAVGZE2qA==XCplGYV1O6wqh9H2UKk74OfB/n8=
NWG-WGM37331,WatchGuard Basic Security Suite Renewal/Upgrade 1-yr for Firebox M370,Electronic,Renewals,M370,https://partner.leadersystems.com.au/products.html?9ZtH1OWzySw=2UXPc6s9k887uuI1cijM+Q==teSMwA8FRagSDaoDie+/hsjRKI0=
NWG-WGM37141,WatchGuard Reputation Enabled Defense 1-yr for Firebox M370,Electronic,Renewals,M370,https://partner.leadersystems.com.au/products.html?Vfpt5Wn7G/o=yrnPdwbHaTw2POKNzkjNwg==NVW9EFNutpuSW+BHpGjYA0CHHk4=
NWG-WGM37181,WatchGuard Network Discovery 1-yr for Firebox M370,Electronic,Renewals,M370,https://partner.leadersystems.com.au/products.html?r1MjV0VX6ow=YcP1/ExWRu9YBNxSXJCgJw==viw5iwBqQpHEylfz3HoRScUyMoM=
NWG-WGM47351,WatchGuard Total Security Suite Renewal/Upgrade 1-yr for M470,Electronic,Renewals,M470,https://partner.leadersystems.com.au/products.html?MOfj9vfmp9U=zhq+nVpfE0XuDaa72YWFlg==/WRa7+jh9IuBIL0D8orip42jmuQ=
NWG-WGM47111,WatchGuard spamBlocker 1-yr for M470,Electronic,Renewals,M470,https://partner.leadersystems.com.au/products.html?hErgMEfc5pQ=u1zQxb5ImSGCLhfTAagFgQ==wXOo5td1ATa9lkQ6uUA/uoa7N48=
NWG-WGM37151,WatchGuard Application Control 1-yr for Firebox M370,Electronic,Renewals,M370,https://partner.leadersystems.com.au/products.html?5CLPfBLqyqQ=vNIn5srE2c9YseI30LniGg==tC54jz/vgdye1PCqXDgn91ZpHhw=
NWG-WGM47131,WatchGuard Intrusion Prevention Service 1-yr for M470,Electronic,Renewals,M470,https://partner.leadersystems.com.au/products.html?X74qN89EdZQ=hZWwQqI511ePZy2o+u/FXQ==Xp93O6Enbig1ReApb2MGKIJFeAU=
NWG-WGM47141,WatchGuard Reputation Enabled Defense 1-yr for M470,Electronic,Renewals,M470,https://partner.leadersystems.com.au/products.html?PAvjaU8soVY=8uIhvRxogjJF7geO44Jp9w==d21ena3QfTn76KYzGiDNeVZd0R0=
NWG-WGM57101,WatchGuard WebBlocker 1-yr for Firebox M570,Electronic,Renewals,M570,https://partner.leadersystems.com.au/products.html?6Bt4dCkmnnQ=zEHGcJoy/jYMPytVUCN1og==K44XUvCUktlkyGnPVkovm3OzMjY=
NWG-WGM47151,WatchGuard Application Control 1-yr for M470,Electronic,Renewals,M470,https://partner.leadersystems.com.au/products.html?XnKfCR+R2AQ=twPsMhvynFydAVCwjrSIzw==TUreEtlxo6DXG0f79u40Uyk20h4=
NWG-WGM57121,WatchGuard Gateway AntiVirus 1-yr for Firebox M570,Electronic,Renewals,M570,https://partner.leadersystems.com.au/products.html?UI2HRigReBo=1QxRxylB8ZNKbzB8bYx7Gw==zI7wJGsM3IG/RezseTONdYy1iRE=
NWG-WG460151,WatchGuard Application Control 1-yr for Firebox M4600,Electronic,Renewals,M4600,https://partner.leadersystems.com.au/products.html?w6u4c0X2kiA=pbCd5OEiN9TWiTMvHIuAvw==z6OpJj+l8/QmeKNqgmCFTIIKlYQ=
NWG-WGM57111,WatchGuard spamBlocker 1-yr for Firebox M570,Electronic,Renewals,M570,https://partner.leadersystems.com.au/products.html?XZOJJFALdLw=SW+mDVAAHNyyuqWO8fSk1g==fZ9nJmKu6IhthgXR8qr90LzGK2s=
NWG-WGM67101,WatchGuard WebBlocker 1-yr for Firebox M670,Electronic,Renewals,M670,https://partner.leadersystems.com.au/products.html?znrgOnMbPzM=ewSP2QdXUjIGefGwRJo+tg==oYeNj124Qh6T2U/PoGifl4nHEyM=
NWG-WGM57131,WatchGuard Intrusion Prevention Service 1-yr for Firebox M570,Electronic,Renewals,M570,https://partner.leadersystems.com.au/products.html?WFlUVGBkQKk=c5SEKTM3zlA9gIsPGJKjpQ==Yu23Hr9vD2reH2eldNmoasszknw=
NWG-WGM67121,WatchGuard Gateway AntiVirus 1-yr for Firebox M670,Electronic,Renewals,M670,https://partner.leadersystems.com.au/products.html?iP8wHv89vV0=wueBez/EozkRke3qsLnUqg==wMMMrbgSbDRQfNDgkGd1aGQ+/Bw=
NWG-WG561151,WatchGuard Application Control 1-yr for Firebox M5600,Electronic,Renewals,M5600,https://partner.leadersystems.com.au/products.html?ym4lGK034DI=cod0q3zZT/T7J3AUNeHStw==C4ofnvH9loBtwAWl0lGHlQQ9ErM=
NWG-WG560181,WatchGuard Network Discovery 1-yr for Firebox M5600,Electronic,Renewals,M5600,https://partner.leadersystems.com.au/products.html?Dx/IMd/HE4A=+NFklKpxFpmF6PyJhHhwVA==tNVPR8KbDM0Ieqru1UYF1O1+Jvk=
NWG-WG35R351,WatchGuard Total Security Suite Renewal/Upgrade 1-yr for Firebox T35-Rugged,Electronic,Renewals,T35,https://partner.leadersystems.com.au/products.html?bJqUIx/XkVs=Uv5UoY9LMEOwPHji2nUdIQ==cSthb5sm1bkEbnLidWTGK/GMIwI=
NWG-WGT15111,WatchGuard spamBlocker 1-yr for Firebox T15,Electronic,Renewals,T15,https://partner.leadersystems.com.au/products.html?xukPZpGC1ZU=n7Vg+u+P2XCejBJ1x8F4hw==hidUtUxRYfMMADRSb1szR9V4/Y0=
NWG-WGT15131,WatchGuard Intrusion Prevention Service 1-yr for Firebox T15,Electronic,Renewals,T15,https://partner.leadersystems.com.au/products.html?GJi4ZWSUCZM=VEUltu1Mtdxe2w2XzmzC5g==CYgPirMC8qVkZrmeI2OHZKWdsQs=
NWG-WGT15121,WatchGuard Gateway AntiVirus 1-yr for Firebox T15,Electronic,Renewals,T15,https://partner.leadersystems.com.au/products.html?0fXMk6pkRrw=A0WruhjhEOcnt3iVRTpmSA==Nl+gYCIPChP0FPMMse/pr4P1aUw=
NWG-WGT15141,WatchGuard Reputation Enabled Defense 1-yr for Firebox T15,Electronic,Renewals,T15,https://partner.leadersystems.com.au/products.html?EpD1nn+R0Ts=Z2aQQDZvZ/u0OiqMIomvMg==/BfcXOWK15bK7oxNLHtq7u+68tU=
NWG-WG460201,WatchGuard Standard Support Renewal 1-yr for Firebox M4600,Electronic,Renewals,M4600,https://partner.leadersystems.com.au/products.html?Wyx42H8SlMo=tGHgVQLZhkDLGAKKUoL40g==7rJBX9TUulennbxb+ropPcl+NHc=
NWG-WGT16111,WatchGuard spamBlocker 1-yr for Firebox T15-W,Electronic,Renewals,T15-W,https://partner.leadersystems.com.au/products.html?sXzU3PeqLr4=DAn9X67+BIRxX0Nb9AxIiA==J41z9+GP9k+uL6SQVTpcXjanfFE=
NWG-WGM27351,WatchGuard Total Security Suite Renewal/Upgrade 1-yr for Firebox M270,Electronic,Renewals,M270,https://partner.leadersystems.com.au/products.html?W24Wy3tpwa8=77BJBu9myeYUs0OBVC+aCQ==fkz4tMFkPAANANjpFDji/vRGYn4=
NWG-WGT16101,WatchGuard WebBlocker 1-yr for Firebox T15-W,Electronic,Renewals,T15-W,https://partner.leadersystems.com.au/products.html?1Kpy5LtOcrs=jsS+1738xyGLqY87CKeCQw==1nv+c0Hnu7HY6N7paWRLSFdblKU=
NWG-WGT16121,WatchGuard Gateway AntiVirus 1-yr for Firebox T15-W,Electronic,Renewals,T15-W,https://partner.leadersystems.com.au/products.html?evHzP35jObM=pRv3xgED1uBdHZnvc6L6BA==0kGfbiWG6uT2yMroxvmHw0jnHUo=
NWG-WG460261,WatchGuard Gold Support Renewal/Upgrade 1-yr for Firebox M4600,Electronic,Renewals,M4600,https://partner.leadersystems.com.au/products.html?MdjYLefJvWk=eZQkpWvJ2a7yYZJEIeKnPA==YQwtwzBFCkY4ujBkTcgGJmOjezQ=
NWG-WG561141,WatchGuard Reputation Enabled Defense 1-yr for Firebox M5600,Electronic,Renewals,M5600,https://partner.leadersystems.com.au/products.html?e1FPJ8SD4ZI=CfLjg4xzhPo+WuthFk1P8w==yoDos/V0oMYtddT0S42hx9FyGE8=
NWG-WGM27141,WatchGuard Reputation Enabled Defense 1-yr for Firebox M270,Electronic,Renewals,M270,https://partner.leadersystems.com.au/products.html?Cx4dLM3ukIg=Od8fSDHIyZ1BBwoEVUqc/Q==JeHk73t8glZqCbxoooYe3/rFoys=
NWG-WGM27181,WatchGuard Network Discovery 1-yr for Firebox M270,Electronic,Renewals,M270,https://partner.leadersystems.com.au/products.html?NlKdSyYHQaM=vmYuluwgN31yAx6XJFP14g==twWQ7UST/2lB/idV6kpRmTaT5Mk=
NWG-WGM27331,WatchGuard Basic Security Suite Renewal/Upgrade 1-yr for Firebox M270,Electronic,Renewals,M270,https://partner.leadersystems.com.au/products.html?9p913UYUOLs=zV1vCNBYrbdyvgXGunTzVA==AzGzzwRyFT96tEn8raiI4sxJqt4=
NWG-WG561301,WatchGuard NGFW Suite Renewal/Upgrade 1-yr for Firebox M5600,Electronic,Renewals,M5600,https://partner.leadersystems.com.au/products.html?h32StJPOoUs=WJX1aotabeBgh7M5cF+iyQ==Ew2HcPKhBPJagIoEc/CRlLcT9II=
NWG-WG561331,WatchGuard Basic Security Suite Renewal/Upgrade 1-yr for Firebox M5600,Electronic,Renewals,M5600,https://partner.leadersystems.com.au/products.html?DRuRQ+ArsLM=YCn1m+poKYUCl9QHGKvtuA==StRvZ/ZTn7aX1YsmhWnn1VkQPsU=
NWG-WGT21201,WatchGuard Standard Support Renewal 1-yr for Firebox T20-W,Electronic,Renewals,T20-W,https://partner.leadersystems.com.au/products.html?gnHEkW8XV5I=oF1Xx/4+gf+qFTSHX4IDnw==UGB7Q1KTcRtfHf1fKmpV1zngG60=
NWG-WGM47121,WatchGuard Gateway AntiVirus 1-yr for M470,Electronic,Renewals,M470,https://partner.leadersystems.com.au/products.html?ZJIpBZ0UqX8=j8ZRmIkUdRpGCw8Zjq9fyw==bvXoRwK5mYt9asU9OZRiiD8wlnk=
NWG-WG460181,WatchGuard Network Discovery 1-yr for Firebox M4600,Electronic,Renewals,M4600,https://partner.leadersystems.com.au/products.html?jHNyky1hC9k=NdEApKyMqBFiS9pp0Xtr9Q==vwgpDal9vzi6atRQYm19xZYten0=
NWG-WG561351,WatchGuard Total Security Suite Renewal/Upgrade 1-yr for Firebox M5600,Electronic,Renewals,M5600,https://partner.leadersystems.com.au/products.html?cNKWommSY5I=TxGbQHN0pox5AAJPEiDMrA==0CeNuzR1aOZb+jz8oeERAv7644Q=
NWG-WGT20201,WatchGuard Standard Support Renewal 1-yr for Firebox T20,Electronic,Renewals,T20,https://partner.leadersystems.com.au/products.html?jnupDsOmcoQ=eBFN6cGiNr3gy6n+3kWepQ==jWQVj7ESobiVQ9RVxfulDoaq/aU=
NWG-WGM57151,WatchGuard Application Control 1-yr for Firebox M570,Electronic,Renewals,M570,https://partner.leadersystems.com.au/products.html?PBX9wE1GUBM=scN//whYcq0FwmPzuf/iJA==kAqSTgPT+ZgUfX6wbYwXD8EqRH8=
NWG-WGM67201,WatchGuard Standard Support Renewal 1-yr for Firebox M670,Electronic,Renewals,M670,https://partner.leadersystems.com.au/products.html?ZKhzw95GZEA=+1ye8Zx50hvCVKn3N29IAQ==g5O4JgWUJmlcl0Y4Kylvb3pc1Ic=
NWG-WGM67261,WatchGuard Gold Support Renewal/Upgrade 1-yr for Firebox M670,Electronic,Renewals,M670,https://partner.leadersystems.com.au/products.html?OPqK39b6TRQ=WNtfuRORwMfbZPb6TKPRLg==E+MdwhCO+eHV41L0gt8oFGazsG4=
NWG-WGT15261,WatchGuard Gold Support Renewal/Upgrade 1-yr for Firebox T15,Electronic,Renewals,T15,https://partner.leadersystems.com.au/products.html?G7XsMhMLXTc=YmmR3gavZBBTSVwOxKZyOw==mPFTFJVgOQBQAYW6QKsu8T3PKOg=
NWG-WGT15101,WatchGuard WebBlocker 1-yr for Firebox T15,Electronic,Renewals,T15,https://partner.leadersystems.com.au/products.html?BZPw34vY90w=7t7pGj1f4/tGd9b3n0oLxg==yS37IL3mj05o1uhwGwQCOH+IwYc=
NWG-WGT16141,WatchGuard Reputation Enabled Defense 1-yr for Firebox T15-W,Electronic,Renewals,T15-W,https://partner.leadersystems.com.au/products.html?eWdd+eOzIoo=pgQz8xvHE5OuLY66V2KJ7g==eO7Wc3/COKY29EkUToNZNuSE6jQ=
NWG-WGT16351,WatchGuard Total Security Suite Renewal/Upgrade 1-yr for Firebox T15-W,Electronic,Renewals,T15-W,https://partner.leadersystems.com.au/products.html?p1m45DPreQ4=ZdQAYdbhnExfitQsrr6SxQ==Rki6mFnh2Mvj6BZ5Jd5g3S9sYQM=
NWG-WGT16331,WatchGuard Basic Security Suite Renewal/Upgrade 1-yr for Firebox T15-W,Electronic,Renewals,T15-W,https://partner.leadersystems.com.au/products.html?Z03WmvUyYcg=lZP3bKUXpGPImbYjNIIOKQ==eze3WEIiJpwLQzAUTUH6KsmKxy4=
NWG-WGM37131,WatchGuard Intrusion Prevention Service 1-yr for Firebox M370,Electronic,Renewals,M370,https://partner.leadersystems.com.au/products.html?DJkmmV3NAeA=7ApyFqN0FXvPyckPyEyTpg==XZJ7PT6RhR80ZaldEWxmaykz/NY=
NWG-WGM47331,WatchGuard Basic Security Suite Renewal/Upgrade 1-yr for M470,Electronic,Renewals,M470,https://partner.leadersystems.com.au/products.html?XTwZN4JV1lA=2hgigoilA23FFVUWhlx0aw==6hzwuQ/3VAQMXXMXtMqU/ZANBxI=
NWG-WGM57141,WatchGuard Reputation Enabled Defense 1-yr for Firebox M570,Electronic,Renewals,M570,https://partner.leadersystems.com.au/products.html?84/TWUMsJCA=MHqSvmRElt82mMg2EGxudw==W4VuKwbIWdPOJZE794LRwUCob90=
NWG-WGM67131,WatchGuard Intrusion Prevention Service 1-yr for Firebox M670,Electronic,Renewals,M670,https://partner.leadersystems.com.au/products.html?2mD9IuElgM0=kr+/jcQnTKxhYdbNnHAvBQ==uKm6eHh2l2vPl8/X1KZnR1mjM8c=
NWG-WGT15171,WatchGuard APT Blocker 1-yr for Firebox T15,Electronic,Renewals,T15,https://partner.leadersystems.com.au/products.html?Z9fcPmR7AiA=+J+neo1FSMgR89lgoQhLYQ==wItx1puxdsMcatUa7dgQ3h8RDks=
NWG-WGM37201,WatchGuard Standard Support Renewal 1-yr for Firebox M370,Electronic,Renewals,M370,https://partner.leadersystems.com.au/products.html?45hFOp+8PLQ=BhErlcQ9cmq4ZqMwcOiC1g==VNCMfYeL6vmvpLnjjmxqT49kGss=
NWG-WGT15331,WatchGuard Basic Security Suite Renewal/Upgrade 1-yr for Firebox T15,Electronic,Renewals,T15,https://partner.leadersystems.com.au/products.html?5lFwEICuKgY=3HFAMjgkvOpFVPAEhcMCGQ==9HlbYKjuX10ns6fGFEmKymsj2QM=
NWG-WGT16201,WatchGuard Standard Support Renewal 1-yr for Firebox T15-W,Electronic,Renewals,T15-W,https://partner.leadersystems.com.au/products.html?pzPaiBUJUms=W87nprsRyMobeujWs36cuA==kLfkZxHaJEvpH5HTFS1BItlDYZ4=
NWG-WGM37261,WatchGuard Gold Support Renewal/Upgrade 1-yr for Firebox M370,Electronic,Renewals,M370,https://partner.leadersystems.com.au/products.html?dMrsPRN6zoc=1d0AjxxV7KkSqZLzVpe2JQ==oKZyuRzntc5bzhGkmg9BCF4bioI=
NWG-WGM37101,WatchGuard WebBlocker 1-yr for Firebox M370,Electronic,Renewals,M370,https://partner.leadersystems.com.au/products.html?b1JVBYeS2G0=GY8asDC3PJoz0S2kasOscQ==JcVJxiiECLJ2QzhzFBHzYgcBMmI=
NWG-WGT16151,WatchGuard Application Control 1-yr for Firebox T15-W,Electronic,Renewals,T15-W,https://partner.leadersystems.com.au/products.html?iuEFWYO4FNY=bEnLk6usVJibmz5g8lCweg==3YChQMtXCf8SdqYbVRUrfBoFSgw=
NWG-WGM27111,WatchGuard spamBlocker 1-yr for Firebox M270,Electronic,Renewals,M270,https://partner.leadersystems.com.au/products.html?mQxuV7aY9mI=WD269ti0pNO7E+XP1J4O3g==lr2lmc67N6EA4OwETuxnRyHj/ko=
NWG-WGM37111,WatchGuard spamBlocker 1-yr for Firebox M370,Electronic,Renewals,M370,https://partner.leadersystems.com.au/products.html?egQ03j9kcfw=hyuUu5n7rZnOZy+55UW5YA==aZobiOs1DareF/BXcvlcKrwZwHQ=
NWG-WGM47181,WatchGuard Network Discovery 1-yr for M470,Electronic,Renewals,M470,https://partner.leadersystems.com.au/products.html?7vi/wQwSsGo=LEDaPXzHi095YuiTBfxAFQ==ixT/QhUWDZE7aEUMtYfq5caMSnE=
NWG-WGT80341,WatchGuard Basic Security Suite Renewal/Upgrade 1-yr for Firebox T80,Electronic,Renewals,T80,https://partner.leadersystems.com.au/products.html?E18yhG9EwyY=sQ7KVbp56D+Q1LTEAmV6jg==L+NUSNy4KmmbDUjGTs3KfnEIWoQ=
NWG-WGT80261,WatchGuard Gold Support Renewal/Upgrade 1-yr for Firebox T80,Electronic,Renewals,T80,https://partner.leadersystems.com.au/products.html?fKiwn4i+onQ=otkSPM3ivvkfFHcpvBxzSg==flJmTyqQeAnvq3JVmwGz+dWmmtE=
NWG-WGM57351,WatchGuard Total Security Suite Renewal/Upgrade 1-yr for Firebox M570,Electronic,Renewals,M570,https://partner.leadersystems.com.au/products.html?rAnXhsIiJFs=k955t+bJSxISS/lVu381gQ==tqv9TutQfq6a1h3dQjvR530VBvk=
NWG-WGM67111,WatchGuard spamBlocker 1-yr for Firebox M670,Electronic,Renewals,M670,https://partner.leadersystems.com.au/products.html?M52XbzfEcv0=ZOwGuQhpPP11wLWdFECeyA==cg1kDISZ49shz1uFL/YHW1W5ygU=
NWG-WGT40351,WatchGuard Total Security Suite Renewal/Upgrade 1-yr for Firebox T40,Electronic,Renewals,T40,https://partner.leadersystems.com.au/products.html?JwvGnJhVIV8=rFpUWos+jPz1yKyySb378w==GrJOFyo8lEpNTjXneeApE3Kszkg=
NWG-WGT40341,WatchGuard Basic Security Suite Renewal/Upgrade 1-yr for Firebox T40,Electronic,Renewals,T40,https://partner.leadersystems.com.au/products.html?S+DumFbqNtw=Pszq8CVFToNnEoYlxR0zMw==ipaLjyZFnDf6a9sSGcJ8OokIv68=
NWG-WGT20351,WatchGuard Total Security Suite Renewal/Upgrade 1-yr for Firebox T20,Electronic,Renewals,T20,https://partner.leadersystems.com.au/products.html?nMbzebx0zJM=De9GERbou1bkCtzOrC1onw==qWLM5mtOQT3DOevkcam2y8ta6u8=
NWG-WGM67141,WatchGuard Reputation Enabled Defense 1-yr for Firebox M670,Electronic,Renewals,M670,https://partner.leadersystems.com.au/products.html?JkkUOhiScl0=HL0OpMYKBLDPvonlM4kaxA==3YY6w/NLPm53BF2cLbOBAdTb+hc=
NWG-WGT15151,WatchGuard Application Control 1-yr for Firebox T15,Electronic,Renewals,T15,https://partner.leadersystems.com.au/products.html?pmHBYySF9ho=QN9zxex38Ut1rIIFS9ha5w==I9fgXMeObrNNkxULbNAxLEyrCDw=
NWG-WGM27201,WatchGuard Standard Support Renewal 1-yr for Firebox M270,Electronic,Renewals,M270,https://partner.leadersystems.com.au/products.html?OxpZu3khSas=5HAy9stnoX7HcivPlL8YvA==G1mKuMP3us+t52c1o7gq/ruPHsU=
NWG-WGM27261,WatchGuard Gold Support Renewal/Upgrade 1-yr for Firebox M270,Electronic,Renewals,M270,https://partner.leadersystems.com.au/products.html?kBowLHJWEpM=xgJVW+Hd9gcOv1MmeWWq2A==We7gYrmbc0OLK3yq+AcrDYsWfFY=
NWG-WGM27121,WatchGuard Gateway AntiVirus 1-yr for Firebox M270,Electronic,Renewals,M270,https://partner.leadersystems.com.au/products.html?GT47u+GAvDw=0cUp0UhedvnBcaLAWV16Mg==D5zW8CE06Ja2zY9RilyZhsltsv0=
NWG-WGM27131,WatchGuard Intrusion Prevention Service 1-yr for Firebox M270,Electronic,Renewals,M270,https://partner.leadersystems.com.au/products.html?peUt8uvOsLA=tfClWEbu74ujiIZdSiZIlw==Z/vATdtDbjOFcV/H85UDZLXLmX0=
NWG-WGM47521,WatchGuard Cloud 1-month data retention for M470 - 1-yr,Electronic,Renewals,M470,https://partner.leadersystems.com.au/products.html?UojdrYO2Zv8=La5y6XRtjEsoHIXeotciFw==wy/FQ8qiI3A/C/V/Js8erLDIEH4=
NWG-WGT41341,WatchGuard Basic Security Suite Renewal/Upgrade 1-yr for Firebox T40-W,Electronic,Renewals,T40-W,https://partner.leadersystems.com.au/products.html?PQU2yXhrv5A=05JjXMaKpgyeEejYyA4zrg==Xd+qxwEznOrmS92dJkCc0UqhmsU=
NWG-WGT41261,WatchGuard Gold Support Renewal/Upgrade 1-yr for Firebox T40-W,Electronic,Renewals,T40-W,https://partner.leadersystems.com.au/products.html?vKSjT3hKl+c=2r82tqXdr3LOGn0N8UCaww==9a2bmkzk+PG4warXrowBWaGwKJ0=
NWG-WGT21351,WatchGuard Total Security Suite Renewal/Upgrade 1-yr for Firebox T20-W,Electronic,Renewals,T20-W,https://partner.leadersystems.com.au/products.html?9Zv26el+PSM=/QzYbAxB27gQZGlbNDVk1A==hPDtEFh8CknAVEpbh+SybL1c0Kc=
NWG-WGM48173,WatchGuard APT Blocker 3-yr for Firebox M4800,Electronic,Renewals,M4800,https://partner.leadersystems.com.au/products.html?0QgCZR0wkbc=y2gpHRfK85h0uG4sPzupsA==3OGrrM1ziDQVwzwDvL8Py9ejkJk=
NWG-WG561521,WatchGuard Cloud 1-month data retention for M5600 - 1-yr,Electronic,Renewals,M5600,https://partner.leadersystems.com.au/products.html?nYpPaMu+trU=wzIC7BA6C7TI+eoMGUjlGw==hy5B4RBg5OQBezQyWnQPDa851v8=
NWG-WG460171,WatchGuard APT Blocker 1-yr for Firebox M4600,Electronic,Renewals,M4600,https://partner.leadersystems.com.au/products.html?kYMulADxBcw=SPcxzB+p8X7xZbJErg2bMA==/I6ISv177kW5ScYL49pqCdCIeZk=
NWG-WGM48201,WatchGuard Standard Support Renewal 1-yr for Firebox M4800,Electronic,Renewals,M4800,https://partner.leadersystems.com.au/products.html?f7Q6/SeHL9g=axurQH8Out3YB/aAYL5XXA==p2LGERyNGe13rWop/aD9qUGMbOc=
NWG-WG35R201,WatchGuard Standard Support Renewal 1-yr for Firebox T35-Rugged,Electronic,Renewals,T35,https://partner.leadersystems.com.au/products.html?DU7HVNVP8Tk=RlppHJhP8rz+mJIJvSNdYw==RDVlr0JY1ZtQfTo8i/NMf0MvW8Y=
NWG-WG35R261,WatchGuard Gold Support Renewal/Upgrade 1-yr for Firebox T35-Rugged,Electronic,Renewals,T35,https://partner.leadersystems.com.au/products.html?iuHFWaqetYo=s61KOGgkYFY3iBvsXoq+hw==Rd7sUAJzX/KG8s4+/WEoWLCoR3w=
NWG-WG561171,WatchGuard APT Blocker 1-yr for Firebox M5600,Electronic,Renewals,M5600,https://partner.leadersystems.com.au/products.html?PAm41ghdWEA=Z6PmSby6QYbt+NVpb/W4pQ==Jnqulra6xhPIJkVwMqffNizt4eo=
NWG-WGM59020803,WatchGuard APT Blocker 3-yr for Firebox M590,Electronic,Renewals,M590,https://partner.leadersystems.com.au/products.html?Ksv4kskmrWc=avHr85dqRxDH4mDw9jj/0w==IKD+tJUGOhYVyAMC+kUmkyy+5yDxXrE=
NWG-WGM59040203,WatchGuard Basic Security Suite Renewal/Upgrade 3-yr for Firebox M590,Electronic,Renewals,M590,https://partner.leadersystems.com.au/products.html?sN3EXzB8jTg=7uudqEaKwyE+EZ29V3/ntQ==fCANMsCUM+iN4MbBcRj8uwB5Esd/lQY=
NWG-WGT41201,WatchGuard Standard Support Renewal 1-yr for Firebox T40-W,Electronic,Renewals,T40-W,https://partner.leadersystems.com.au/products.html?YNik6czxTAE=oOGPMG3m/PFyPxvk6INEGw==X6zNJlQzY63RZxGIrS5vYw90gKo=
NWG-WGM69040301,WatchGuard Total Security Suite Renewal/Upgrade 1-yr for Firebox M690,Electronic,Renewals,M690,https://partner.leadersystems.com.au/products.html?EY0x7g1QjIk=ySohg1NpZZNQXgRs1Zxuhg==2ER4gS0NMHdbGVRLaVfhILWhhDTQ7/A=
NWG-WGM69040203,WatchGuard Basic Security Suite Renewal/Upgrade 3-yr for Firebox M690,Electronic,Renewals,M690,https://partner.leadersystems.com.au/products.html?pkmxey2Tn/w=wPiX8iXV8GbCA8r/QP+mdg==zF9alJ35shV40gA4B+3uXjp349Ekmbs=
NWG-WGT41171,WatchGuard APT Blocker 1-yr for Firebox T40-W,Electronic,Renewals,T40-W,https://partner.leadersystems.com.au/products.html?6b7g0RNRvgw=f95PKZjvG3XA5CGIZWjIZg==/Ctt+vngmq9/+dvsmSH8fh9i9HM=
NWG-WGT21341,WatchGuard Basic Security Suite Renewal/Upgrade 1-yr for Firebox T20-W,Electronic,Renewals,T20-W,https://partner.leadersystems.com.au/products.html?5zsLYTI7oF4=5K4trrbo7na4dLBTYvMmPQ==A0UE8OHn2LjfXzGZy8Vm67/4ZsA=
NWG-WGM37521,WatchGuard Cloud 1-month data retention for M370 - 1-yr,Electronic,Renewals,M370,https://partner.leadersystems.com.au/products.html?8tz8UQ6Xidc=3nlz8lM+rlhnxmeWeXjKXA==+HIk7STXTjfcgDUNI+48ASmNHuY=
NWG-WGM29040703,WatchGuard Gold Support Renewal/Upgrade 3-yr for Firebox M290,Electronic,Renewals,M290,https://partner.leadersystems.com.au/products.html?53GeyTcg2Jo=5t0WGvFM1SY1KEXwdpwyMQ==+M93z119zm81sJTyAe0mIznvsZCWW1w=
NWG-WGM29040303,WatchGuard Total Security Suite Renewal/Upgrade 3-yr for Firebox M290,Electronic,Renewals,M290,https://partner.leadersystems.com.au/products.html?kmdUzNzyt9c=G16WcC8gvNvsjxY4JIM9Fg==J8t8IXUYtAcq6EogQX0k9+mj+I25hrY=
NWG-WGT21261,WatchGuard Gold Support Renewal/Upgrade 1-yr for Firebox T20-W,Electronic,Renewals,T20-W,https://partner.leadersystems.com.au/products.html?1tfyVGkmYmI=U3+IOfKYla97bkxM3splQQ==2RO8BAE7axQfUH/FMFGw25Q7OXw=
NWG-WGM29040301,WatchGuard Total Security Suite Renewal/Upgrade 1-yr for Firebox M290,Electronic,Renewals,M290,https://partner.leadersystems.com.au/products.html?Cbfc1/D/DYs=XAxTNKYcCDywgIhjreSQ8g==1Qch3790R+a2bHmYb/L5jc2Vc5N2dBo=
NWG-WGM39040303,WatchGuard Total Security Suite Renewal/Upgrade 3-yr for Firebox M390,Electronic,Renewals,M390,https://partner.leadersystems.com.au/products.html?NOzeOExGiMQ=zNPx/NHyR3LRAJ2odUuNvQ==QuD0IFGpD36foETFbYBZolwn56j9zGE=
NWG-WGM48351,WatchGuard Total Security Suite Renewal/Upgrade 1-yr for Firebox M4800,Electronic,Renewals,M4800,https://partner.leadersystems.com.au/products.html?YzMMN0P5jwQ=rrIGd+STI2OFvrAGmK5trQ==6VPDuWnoqEWePjtiYYjoOXK/CtY=
NWG-WGM39040703,WatchGuard Gold Support Renewal/Upgrade 3-yr for Firebox M390,Electronic,Renewals,M390,https://partner.leadersystems.com.au/products.html?dMEsID2WiA8=PUoOJ47sbZSUPMk71yg/6Q==kYriSOKEzmBrfVysNSTVVx4PF5xmi/k=
NWG-WGM39040701,WatchGuard Gold Support Renewal/Upgrade 1-yr for Firebox M390,Electronic,Renewals,M390,https://partner.leadersystems.com.au/products.html?UxAifhOYEik=IogtZTiPUA1+Z8zbvM0YFw==5qHZIkS6OONxHqLSQKe7ZyU8DcVQhU8=
NWG-WGM58201,WatchGuard Standard Support Renewal 1-yr for Firebox M5800,Electronic,Renewals,M5800,https://partner.leadersystems.com.au/products.html?zurJCcDFCNI=D+kdxbIDwxCdibWce2kqow==p7UrffxHf9VNXI6R1FiGX9smTG8=
NWG-WGM58221,WatchGuard Gold Support Renewal/Upgrade 1-yr for Firebox M5800,Electronic,Renewals,M5800,https://partner.leadersystems.com.au/products.html?JdehXvDwKC0=ilFgGkI/9uffXTt75j9KTA==M5lWK0uu0sX9PKhXI1Qx/I3lA0g=
NWG-WGM69020801,WatchGuard APT Blocker 1-yr for Firebox M690,Electronic,Renewals,M690,https://partner.leadersystems.com.au/products.html?hDxfxABGbH4=WOIAfNRrdFeV1FtWld/9RQ==7jtKbCVZflKSVMtZFkjZLL5/dGJFnUs=
NWG-WG35R331,WatchGuard Basic Security Suite Renewal/Upgrade 1-yr for Firebox T35-Rugged,Electronic,Renewals,T35,https://partner.leadersystems.com.au/products.html?NrUzQGeRZ7g=ARFxSdAhYxSCNbjTa6oX6A==+AVqYk5oOq5jcb868f/O89QlRWc=
NWG-WGM48353,WatchGuard Total Security Suite Renewal/Upgrade 3-yr for Firebox M4800,Electronic,Renewals,M4800,https://partner.leadersystems.com.au/products.html?7p7wVzXTwLQ=jKioh3XFCi0DvuO5K6Lz4Q==di1//guzNNkZYllPNo9K5/oUFf0=
NWG-WGM59040301,WatchGuard Total Security Suite Renewal/Upgrade 1-yr for Firebox M590,Electronic,Renewals,M590,https://partner.leadersystems.com.au/products.html?8ELjcGmkKBU=rF32g+2abLioj6eERHzOLg==JhOvxF10n3Ik6Lr7d7j3QmLEvCJxy8s=
NWG-WGM69040101,WatchGuard Standard Support Renewal 1-yr for Firebox M690,Electronic,Renewals,M690,https://partner.leadersystems.com.au/products.html?VXFTwDzDxHM=E/vGgPaTwvn0qi7RZ1kb3A==NuP5pMGIrCJVc9Kb9pnskXI1xkeaww8=
NWG-WGM29020803,WatchGuard APT Blocker 3-yr for Firebox M290,Electronic,Renewals,M290,https://partner.leadersystems.com.au/products.html?jGvNpqDXzRs=vmL76NPPZHFJa2gJBR0Orw==GIg1LSRg7fWpjb+Q0uLOOyJVGF+abl8=
NWG-WGM58203,WatchGuard Standard Support Renewal 3-yr for Firebox M5800,Electronic,Renewals,M5800,https://partner.leadersystems.com.au/products.html?kp5F1aicVoI=RJHJhWG5u/8KVXxznK30ig==rF0wXJbimaMEeECG2ptKF3Z7nDg=
NWG-WGM58223,WatchGuard Gold Support Renewal/Upgrade 3-yr for Firebox M5800,Electronic,Renewals,M5800,https://partner.leadersystems.com.au/products.html?LvZGSXyZSSc=9l2im68dsqL1i8lPIT2XEA==UoOisvQLcI7V+iRL+65S7PrDB64=
NWG-WGM39040203,WatchGuard Basic Security Suite Renewal/Upgrade 3-yr for Firebox M390,Electronic,Renewals,M390,https://partner.leadersystems.com.au/products.html?H+jg5hC6oOU=w+P94S6Sc+EofUx789kesg==QTvEXSmfgv6izyA6sTudwJuUFblVLR8=
NWG-WGM39020803,WatchGuard APT Blocker 3-yr for Firebox M390,Electronic,Renewals,M390,https://partner.leadersystems.com.au/products.html?tDpNlFbmxJ8=HTNFP+q1NDf7NnDrw2oL8A==rHy6+4EZxraSFBSrWQCxfNV/HXYWLT8=
NWG-WGT80201,WatchGuard Standard Support Renewal 1-yr for Firebox T80,Electronic,Renewals,T80,https://partner.leadersystems.com.au/products.html?kmu9rqG813s=7EDwDlfZieoDCKcQ/OJPwg==OTAIW0CZWQ32p0WqOd8CMY1XxZ0=
NWG-WGT80171,WatchGuard APT Blocker 1-yr for Firebox T80,Electronic,Renewals,T80,https://partner.leadersystems.com.au/products.html?5Dd47upcHJ4=ZXTShoKNprZDRHDi2d05qQ==cSppMd7ZYwszRrp2bIkKOqgQk3Q=
NWG-WGT40261,WatchGuard Gold Support Renewal/Upgrade 1-yr for Firebox T40,Electronic,Renewals,T40,https://partner.leadersystems.com.au/products.html?UnPhSSGmjpY=1LVLrj9JcN/95baf01naSQ==UEXkwOFdkTnVl0epZjKbkCyeAuI=
NWG-WGT40201,WatchGuard Standard Support Renewal 1-yr for Firebox T40,Electronic,Renewals,T40,https://partner.leadersystems.com.au/products.html?ilKyHcvzEug=40++ytiZDxZmqkOeOx5uDg==lJybsjzRKVbf9dWjgXvy84X12cw=
NWG-WGT20171,WatchGuard APT Blocker 1-yr for Firebox T20,Electronic,Renewals,T20,https://partner.leadersystems.com.au/products.html?R5y/LGAP9ZM=JTFU6Fa+xIW7ymOWwS7HnA==1oclJ3mZyze61liWkXOEyxb/yeA=
NWG-WG561131,WatchGuard Intrusion Prevention Service 1-yr for Firebox M5600,Electronic,Renewals,M5600,https://partner.leadersystems.com.au/products.html?2rCHu/AgB8k=E1uFlaQKx+IftiCCbfxNpQ==JzFCsfdxyr71SakO1JzWF6vd9iU=
NWG-WGM69020803,WatchGuard APT Blocker 3-yr for Firebox M690,Electronic,Renewals,M690,https://partner.leadersystems.com.au/products.html?aYW7Gh2hdiY=8WXRcbcxExX634lX1d38CQ==XFytuJc5ZvBUiYzCgQjf0JW4+6PgecU=
NWG-WGM59040303,WatchGuard Total Security Suite Renewal/Upgrade 3-yr for Firebox M590,Electronic,Renewals,M590,https://partner.leadersystems.com.au/products.html?fy95qGd4bHg=ZdNOeffdWaJp0RXFq46lCg==wS6Ng6iOnOfLlX3aFxiPoYJgG2RTxbw=
NWG-WGM47261,WatchGuard Gold Support Renewal/Upgrade 1-yr for Firebox M470,Electronic,Renewals,M470,https://partner.leadersystems.com.au/products.html?f4GqBGv/o8o=vqNLXKMwyC26cqk14K725g==hmuYi+flJctV5HiTRT9suiEVDVg=
NWG-WGM69040103,WatchGuard Standard Support Renewal 3-yr for Firebox M690,Electronic,Renewals,M690,https://partner.leadersystems.com.au/products.html?u19yIXLrOl0=WpArazBKlk/IxcUzP2aw5w==fn4M32o+JqYGZi3Kl8Gx07LeZ0vXKZs=
NWG-WGM29040701,WatchGuard Gold Support Renewal/Upgrade 1-yr for Firebox M290,Electronic,Renewals,M290,https://partner.leadersystems.com.au/products.html?oc4UE4JgJIg=hUGqlw2dIhNZ47A7AVYZfA==f3hpxWP69g+gxh46csyoRvwWqqcChaQ=
NWG-WGM57201,WatchGuard Standard Support Renewal 1-yr for Firebox M570,Electronic,Renewals,M570,https://partner.leadersystems.com.au/products.html?olsGwhRY16w=1YrYXOj+06cWT73PnZlCLA==RPEU8IQonFjs1GYeEFfucaIXhGM=
NWG-WGM67351,WatchGuard Total Security Suite Renewal/Upgrade 1-yr for Firebox M670,Electronic,Renewals,M670,https://partner.leadersystems.com.au/products.html?S4mZ5neaJvg=rm9BX/Lts04stOqIjZCxCA==Ur3uJY+mlSsloPjKA/4QnVlZUoU=
NWG-WGM29020801,WatchGuard APT Blocker 1-yr for Firebox M290,Electronic,Renewals,M290,https://partner.leadersystems.com.au/products.html?sJJYONLHdLM=SFzImzxEaXjbSKvM3FaIfQ==Wnl1AhWVWgkQo7w44mBFUX416LnTw7o=
NWG-WGM39040201,WatchGuard Basic Security Suite Renewal/Upgrade 1-yr for Firebox M390,Electronic,Renewals,M390,https://partner.leadersystems.com.au/products.html?eZURZfOu3/c=CVa+Hd6hNr2ebxo1zu28FA==YRFt+G1yMHd005zbm+YJf55tnnnRsZo=
NWG-WGM39020801,WatchGuard APT Blocker 1-yr for Firebox M390,Electronic,Renewals,M390,https://partner.leadersystems.com.au/products.html?gyJyAQDHB3g=AtisDXxO6LRNq2HSAG6+Sw==RnMm0uQQkU7KRWl76xqa5G67XCiIa3c=
NWG-WGM67181,WatchGuard Network Discovery 1-yr for Firebox M670,Electronic,Renewals,M670,https://partner.leadersystems.com.au/products.html?ZgWdoXCtF5A=UPBXyY//ByQl358yfmRaVQ==Rk+vxi0r7TDhY5RMAd0e1XbzmCo=
NWG-WGT15201,WatchGuard Standard Support Renewal 1-yr for Firebox T15,Electronic,Renewals,T15,https://partner.leadersystems.com.au/products.html?G81nv0A42TE=yD9LqxcPIYqxCPe+snaorw==OHhgd6fJyud5gvZVpNdVh0EDjyg=
NWG-WGT15351,WatchGuard Total Security Suite Renewal/Upgrade 1-yr for Firebox T15,Electronic,Renewals,T15,https://partner.leadersystems.com.au/products.html?Dj38KZAgPxk=92VJCpeGGvQfoI+3mI6ZtA==mCwFoBb3iZMuaIvOH6khavjk0qQ=
NWG-WGT16171,WatchGuard APT Blocker 1-yr for Firebox T15-W,Electronic,Renewals,T15-W,https://partner.leadersystems.com.au/products.html?+9o5yvBcWhE=eHr/Ni4l7JW3xqWuSzw9Ng==P/VgcX8jNLf24TkTDZPF4MTfFDI=
NWG-WGT26171,WatchGuard APT Blocker 1-yr for Firebox T25-W,Electronic,Renewals,T25-W,https://partner.leadersystems.com.au/products.html?qO4+Vjzgkm4=OkbPDpiSGDHfhSJ9ejaesw==nCgIo9PtOuMOOcqLlHrcqHkmxMU=
NWG-WGT26173,WatchGuard APT Blocker 3-yr for Firebox T25-W,Electronic,Renewals,T25-W,https://partner.leadersystems.com.au/products.html?Z52XVUeGOTA=dRmrB3U96aomHeGtRZhnfg==jUQ4xyDIuXARMVFL22FVFrhV+cM=
NWG-WGT45343,WatchGuard Basic Security SuiteRenewal/Upgrade 3-yr for Firebox T45,Electronic,Renewals,T45,https://partner.leadersystems.com.au/products.html?fxY3f0DAEkE=nignO051ntWLyMjUSrWlpA==BKXItWow8E9+YUE/7s9+plvxOYs=
NWG-WGT45351,WatchGuard Total Security SuiteRenewal/Upgrade 1-yr for Firebox T45,Electronic,Renewals,T45,https://partner.leadersystems.com.au/products.html?whhqfXA2iTQ=lT0ABGo/X382z4ooI0uxqw==hbmOLd7BJQ/9CrraSIi9GX+qx4w=
NWG-WGT47343,WatchGuard Basic Security Suite Renewal/Upgrade 3-yr for Firebox T45-PoE,Electronic,Renewals,T45-PoE,https://partner.leadersystems.com.au/products.html?7PQonNDQniA=u8xU7WvKCtkyJqDmr5hnpg==3/G0sLmTbf8b0T6i7e6Jw6h3nS4=
NWG-WGM48333,WatchGuard Basic Security Suite Renewal/Upgrade 3-yr for Firebox M4800,Electronic,Renewals,M4800,https://partner.leadersystems.com.au/products.html?oNMcSehFj6k=Nbi1sO6z/s49IZCE3DdBDA==kPsgr8psactK1QCJwnSxoFdMWdg=
NWG-WGT47351,WatchGuard Total Security Suite Renewal/Upgrade 1-yr for Firebox T45-PoE,Electronic,Renewals,T45-PoE,https://partner.leadersystems.com.au/products.html?vWf/JeZwDV8=FFcDFrDiwQxLI8CHER7SSA==Kr74h0MXL7OcjMM9cFEaOXBZpMM=
NWG-WGT48173,WatchGuard APT Blocker 3-yr for Firebox T45-W-PoE,Electronic,Renewals,T45-W-PoE,https://partner.leadersystems.com.au/products.html?sIHwR0u5/U4=0dx2heiafcDZlGCd5InvEw==XS875IAlCwf+Il2wE7lCqJVlUUM=
NWG-WGT85201,WatchGuard Standard Support Renewal 1-yr for Firebox T85-PoE,Electronic,Renewals,T85-PoE,https://partner.leadersystems.com.au/products.html?EwmH1EmAM2Y=flCV/tNeKpPOoA4FIK1ltA==WCPcFXQ5WrUovA1u8kTJOKC4Xng=
NWG-WGT25201,WatchGuard Standard Support Renewal 1-yr for Firebox T25,Electronic,Renewals,T25,https://partner.leadersystems.com.au/products.html?zKLASulu3GY=C9QxHO44H5MJNhToiTprGw==E0OqHJWsxzvAXnapOdeA0EjGAjY=
NWG-WGM58353,WatchGuard Total Security Suite Renewal/Upgrade 3-yr for Firebox M5800,Electronic,Renewals,M5800,https://partner.leadersystems.com.au/products.html?mEZu0WsZ8yY=rxjOwllShyl9zpVhLATu7g==JNEBVQqdi+Xk7hqnPuBwANAVMaQ=
NWG-WGT85263,WatchGuard Gold Support Renewal/Upgrade 3-yr for Firebox T85-PoE,Electronic,Renewals,T85-PoE,https://partner.leadersystems.com.au/products.html?UKBMmlS4eCY=aCpcFeISyOxUpZaw3YQ2qA==jMNnXftz/naNl37+lwJUGAHV/tQ=
NWG-WGM37121,WatchGuard Gateway AntiVirus 1-yr for Firebox M370,Electronic,Renewals,M370,https://partner.leadersystems.com.au/products.html?mEOTCdnhRDI=GhRmd42eiVE0G6P/eFw7Cw==A6UUN1CwTkdzkLY/y4wlTHRHrv8=
NWG-WGT25261,WatchGuard Gold Support Renewal/Upgrade 1-yr for Firebox T25,Electronic,Renewals,T25,https://partner.leadersystems.com.au/products.html?0fjdpX9eg2Y=PEY+J92pUIHuh0AlmQa1SA==d/aL311VpQOWw/z51lQah2WRGHo=
NWG-WGT26351,WatchGuard Total Security Suite Renewal/Upgrade 1-yr for Firebox T25-W,Electronic,Renewals,T25-W,https://partner.leadersystems.com.au/products.html?kBuyHgZXXOY=FB+JRHf1myprN1Z5CQUmew==eW5C9G0BYhNuq1EOY7pCwM8E1BA=
NWG-WGT45173,WatchGuard APT Blocker 3-yr for Firebox T45,Electronic,Renewals,T45,https://partner.leadersystems.com.au/products.html?8QefRRn+9k0=P6uUEs+C2mgfVfaKbgYy7Q==PHcZo6R1TG/5VKGYXeU3PvLvE7Q=
NWG-WGT45201,WatchGuard Standard Support Renewal 1-yr for Firebox T45,Electronic,Renewals,T45,https://partner.leadersystems.com.au/products.html?id/SdFXpYkk=inSE/o2bLeoMkub3qrSThg==lsmoq2kggGcICIPh/3xdCJTU5js=
NWG-WGT47171,WatchGuard APT Blocker 1-yr for Firebox T45-PoE,Electronic,Renewals,T45-PoE,https://partner.leadersystems.com.au/products.html?Sp6YYvMJ6Sg=xeBPAfXNpqqtpGeXOaYU/Q==kZbDBYS1naZoqkTeO8k89uAlGCU=
NWG-WGT47175,WatchGuard APT Blocker 5-yr for Firebox T45-PoE,Electronic,Renewals,T45-PoE,https://partner.leadersystems.com.au/products.html?kLmwhQI1xOE=7uCwy/CZjQb0GGQjR1YMdg==JGyDGm/4Xi0HMqFe2j+encH9cDg=
NWG-WGM59021801,WatchGuard Cloud 1-month data retention for M590 - 1-yr,Electronic,Renewals,M590,https://partner.leadersystems.com.au/products.html?mhQGuXwQ48E=tQnbQcrli8gTye31SQ9MAw==0nVFES67BvTI6iQJnUTyT9HJ0Y7bdsk=
NWG-WGT48261,WatchGuard Gold Support Renewal/Upgrade 1-yr for Firebox T45-W-PoE,Electronic,Renewals,T45-W-PoE,https://partner.leadersystems.com.au/products.html?3xBzzZf9mGs=Kw2w7ZZBnbeoURbJeXX0LQ==trk8Jl5zy+IOJC24Ul2wS05tswg=
NWG-WGT48341,WatchGuard Basic Security Suite Renewal/Upgrade 1-yr for Firebox T45-W-PoE,Electronic,Renewals,T45-W-PoE,https://partner.leadersystems.com.au/products.html?xm1jFZz/ayM=fm3FsA5H/3RyJ5u06OFgmA==Unl+pmmx8MEsv16SqLb6ggawNBE=
NWG-WGM47201,WatchGuard Standard Support Renewal 1-yr for Firebox M470,Electronic,Renewals,M470,https://partner.leadersystems.com.au/products.html?MbAoE+JIUwE=V1NpLtc0tz2GDbpDDUtngA==ORaTy/boLW8dkqPNiAjFVejcTvc=
NWG-WGM47101,WatchGuard WebBlocker 1-yr for M470,Electronic,Renewals,M470,https://partner.leadersystems.com.au/products.html?OvTAuhB9HhI=ECqv4QrJnP6hGrDExm+brg==N6hsz7JIhuwbGztiHUFqU61HAYo=
NWG-WGM59040201,WatchGuard Basic Security Suite Renewal/Upgrade 1-yr for Firebox M590,Electronic,Renewals,M590,https://partner.leadersystems.com.au/products.html?FJibqspSkUQ=Dpn45Xh+NAWtX8HqE35EFQ==XnuIy+6Ys7JvalVFg6IrESC2+kQDDho=
NWG-WGM69040303,WatchGuard Total Security Suite Renewal/Upgrade 3-yr for Firebox M690,Electronic,Renewals,M690,https://partner.leadersystems.com.au/products.html?WemtAXpx0b8=XJuUMKAaen6H7ZA0kYXv+g==oQfuNW43bvbtVbjoDBO1FlxP8fmG4Pc=
NWG-WGM58173,WatchGuard APT Blocker 3-yr for Firebox M5800,Electronic,Renewals,M5800,https://partner.leadersystems.com.au/products.html?QUXMXwWhjG0=ZHnw8dqLW5S7QT+OK2zjEQ==EO7msah5q+w5o2vvG0MDFoP6eV4=
NWG-WGM29040101,WatchGuard Standard Support Renewal 1-yr for Firebox M290,Electronic,Renewals,M290,https://partner.leadersystems.com.au/products.html?xg/XNrxoo1c=OjYX7nSDimDIje9SKFlf0Q==MoqvWLe01JAe73VrjFRs28XQhIaL7BA=
NWG-WGM39021801,WatchGuard Cloud 1-month data retention for M390 - 1-yr,Electronic,Renewals,M390,https://partner.leadersystems.com.au/products.html?gK7y3Y88taU=DFIActMM2p/pQj7delEG2Q==wYfJR1ML4Iv/6v0zWEgLW4sXymgsv2I=
NWG-WGM57181,WatchGuard Network Discovery 1-yr for Firebox M570,Electronic,Renewals,M570,https://partner.leadersystems.com.au/products.html?f8GkevYmB/w=MthC7lCUP/Yo43fUtiT3Kw==yf1vQIpQC3m82LzMkJQSABuiKos=
NWG-WGM67151,WatchGuard Application Control 1-yr for Firebox M670,Electronic,Renewals,M670,https://partner.leadersystems.com.au/products.html?Rwup4bMu8xw=DSLZHut4mZPUNazAqeSGtQ==Xla9Fjt5VJybjMkzP1vos3ATeKQ=
NWG-WGM48221,WatchGuard Gold Support Renewal/Upgrade 1-yr for Firebox M4800,Electronic,Renewals,M4800,https://partner.leadersystems.com.au/products.html?bLjhOu+gAGw=nLEvBhisnh4XrS8goH2kFA==9EuiwNrdx1xbe9t1rWiTt7Jh7Ns=
NWG-WGT15181,WatchGuard Network Discovery 1-yr for Firebox T15,Electronic,Renewals,T15,https://partner.leadersystems.com.au/products.html?1Eb+lDyhfQQ=VJscV9E/Ti3DTkvBBxbTEg==GcNLuPolIRjb+LNJdKnS/Xe3yOE=
NWG-WGT16261,WatchGuard Gold Support Renewal/Upgrade 1-yr for Firebox T15-W,Electronic,Renewals,T15-W,https://partner.leadersystems.com.au/products.html?j3STNO/g4+A=Tr/KWn1oplxEPYjCg9NbjA==OURsm14RGOflik/6eu98FbkHCho=
NWG-WGM48331,WatchGuard Basic Security Suite Renewal/Upgrade 1-yr for Firebox M4800,Electronic,Renewals,M4800,https://partner.leadersystems.com.au/products.html?B5FVsuUwRBw=R8hPfedGy81sQJXl1JQh1g==2k2Oy6G9zO+3+BVZWFHpl2bVLE4=
NWG-WGM58331,WatchGuard Basic Security Suite Renewal/Upgrade 1-yr for Firebox M5800,Electronic,Renewals,M5800,https://partner.leadersystems.com.au/products.html?CD98R3uFvLQ=/WTLjrtzghakR9rbZV5oiQ==ZFlLq770uTvIGvg0ssANCvK33o4=
NWG-WGM58351,WatchGuard Total Security Suite Renewal/Upgrade 1-yr for Firebox M5800,Electronic,Renewals,M5800,https://partner.leadersystems.com.au/products.html?jB3d6TivNOY=7RGjk3xWh3uC74tr3Z0Rjw==wKS7wyb3Z4Ne3CnsVu7iWXJMMQs=
NWG-WGM69040703,WatchGuard Gold Support Renewal/Upgrade 3-yr for Firebox M690,Electronic,Renewals,M690,https://partner.leadersystems.com.au/products.html?kVOk2MEKa2E=MM/uWdnC1hnhGlYgb1wc3A==x+WQ8Win7i8Dva5OxEMf45SihTlZJ+k=
NWG-WGT16131,WatchGuard Intrusion Prevention Service 1-yr for Firebox T15-W,Electronic,Renewals,T15-W,https://partner.leadersystems.com.au/products.html?OuEGiWpZRcg=8Fgc1505wFNA3aiJaWisIQ==TLC1J32bDAgve5yKPbSmjYdCdCU=
NWG-WGM27101,WatchGuard WebBlocker 1-yr for Firebox M270,Electronic,Renewals,M270,https://partner.leadersystems.com.au/products.html?mwmsFAV6LUY=JtjJcC5y2dPvF9YggDYFyQ==xCrT5JMgs0GSzeXkHobQ4eWguoU=
NWG-WGM69021803,WatchGuard Cloud 1-month data retention for M690 - 3-yr,Electronic,Renewals,M690,https://partner.leadersystems.com.au/products.html?tqnxQ7PZMi8=AAZ4CLEPzN0FvBktlNh0RQ==vtEQpUfKs/29R+Q1tnb/TqZ3tZsv4e8=
NWG-WGM69040701,WatchGuard Gold Support Renewal/Upgrade 1-yr for Firebox M690,Electronic,Renewals,M690,https://partner.leadersystems.com.au/products.html?xqqA2NVfjug=iDBI5JRgz5NI8/FISfpvvg==wJHd7klFfpYTI6UafFVA/CV9fe90c+s=
NWG-WGM39021803,WatchGuard Cloud 1-month data retention for M390 - 3-yr,Electronic,Renewals,M390,https://partner.leadersystems.com.au/products.html?exDIelS7kFA=VneON/ZlSR//qywlbwxGYQ==ZT4ZkQfWzH7TCYKjZBqrq50CZ+Ygzfs=
NWG-WGM59021803,WatchGuard Cloud 1-month data retention for M590 - 3-yr,Electronic,Renewals,M590,https://partner.leadersystems.com.au/products.html?+hFS/LyWKNQ=IZ0GqTzyeWYD62YDEvGjeQ==8tqEAl4NlSTh4dTeSkrkCC9jfJu882I=
NWG-WGM59040103,WatchGuard Standard Support Renewal 3-yr for Firebox M590,Electronic,Renewals,M590,https://partner.leadersystems.com.au/products.html?g1t3i5Ij53s=THYTtezVwgJeYZ+esqgmxg==yimak3Ru/H5nDlRKyah7Y0XD9AYkBfE=
NWG-WGM29040203,WatchGuard Basic Security Suite Renewal/Upgrade 3-yr for Firebox M290,Electronic,Renewals,M290,https://partner.leadersystems.com.au/products.html?KtT1iMOJG5Q=/VZYhyX+LyQhYEecni8qIw==Qjh4xkr+POKia+Vzt49ds2u9ytTo93o=
NWG-WGM29040103,WatchGuard Standard Support Renewal 3-yr for Firebox M290,Electronic,Renewals,M290,https://partner.leadersystems.com.au/products.html?w2pw79D4LPE=qf9DTkicBK7l1ARMPCA/rg==A7M15pnp+D/IMJyy8ndRMScJ5D7XpsA=
NWG-WGT15521,WatchGuard Cloud 1-month data retention for T15/T15-W - 1-yr,Electronic,Renewals,T15,https://partner.leadersystems.com.au/products.html?311ucDt9UqM=3oBFGjciBCDA7K7hovkWuA==AHXajdWrG5VQ6bzTPKi9ha3F4lU=
NWG-WGT49175,WatchGuard APT Blocker 5-yr for Firebox T45-CW,Electronic,Renewals,T45-CW,https://partner.leadersystems.com.au/products.html?sb9cFmr1Hu8=tE0ggWNEHUNwuaSXzilBbg==kfLPM8oxmk8o7apP3gfyhtwyXMg=
NWG-WGT8021801,WatchGuard Cloud 1-month data retention for T80 - 1-yr,Electronic,Renewals,T80,https://partner.leadersystems.com.au/products.html?f175IMh8Ubw=p+n34pszk/Ou7PFe/pfsbw==BErnv2nkXceqhLRimPpSvPELkljKiA==
NWG-WGT49203,WatchGuard Standard Support Renewal 3-yr for Firebox T45-CW,Electronic,Renewals,T45-CW,https://partner.leadersystems.com.au/products.html?pB4KrEcj1jY=rTMRf4e4/CSV7pExPOMhxA==6alpOkAMYNacaYHB/q4WE/lkD+Y=
NWG-WGT25203,WatchGuard Standard Support Renewal 3-yr for Firebox T25,Electronic,Renewals,T25,https://partner.leadersystems.com.au/products.html?SUdp30shHgU=dSg0UIO6IQJ7kQuF0uC9ow==XpcNFCyw/orx5NHXLiO7i0DzV2M=
NWG-WGT25263,WatchGuard Gold Support Renewal/Upgrade 3-yr for Firebox T25,Electronic,Renewals,T25,https://partner.leadersystems.com.au/products.html?AnIwsrTUscE=xCYjjhQ4nvFNF3EMGQs/bg==uJzGlck4nYWVsIe0gMHgJxPVdJY=
NWG-WGT26353,WatchGuard Total Security Suite Renewal/Upgrade 3-yr for Firebox T25-W,Electronic,Renewals,T25-W,https://partner.leadersystems.com.au/products.html?rQOSbDGXZgI=bZLezUIxT81B9QnhOJwWBg==Sb69G5lAaqOe02rVQu0vcAcCu0E=
NWG-WGT45171,WatchGuard APT Blocker 1-yr for Firebox T45,Electronic,Renewals,T45,https://partner.leadersystems.com.au/products.html?8fItRFm9EpI=8Z5zcgbuTyyUehyIlihahw==iVytf4+CFbWyrbt5JdCP9WzpxaU=
NWG-WGT45175,WatchGuard APT Blocker 5-yr for Firebox T45,Electronic,Renewals,T45,https://partner.leadersystems.com.au/products.html?elwXxJQiGJo=BuxmAXI1anLPqW04w0NgkQ==Yi+rTOvHkNWH4zKZDwk7csIig3Q=
NWG-WGT47173,WatchGuard APT Blocker 3-yr for Firebox T45-PoE,Electronic,Renewals,T45-PoE,https://partner.leadersystems.com.au/products.html?bC4d9ZJb8bE=hv795A9l0jzHzuYyzjZS2A==JwznBQoPoTnb00iQbHn7e+koRGQ=
NWG-WGT47201,WatchGuard Standard Support Renewal 1-yr for Firebox T45-PoE,Electronic,Renewals,T45-PoE,https://partner.leadersystems.com.au/products.html?qyZ7DBFMgps=ESTH1XTAYzmsD66xWLQLlw==/tKn+T4rUP/34Jt6z19uu/3xshE=
NWG-WGT48263,WatchGuard Gold Support Renewal/Upgrade 3-yr for Firebox T45-W-PoE,Electronic,Renewals,T45-W-PoE,https://partner.leadersystems.com.au/products.html?9Sf1JeXCP7Y=1/XDqcud6Z7Svklgp8DlZw==11xszYYMN9npJeq2CFKt+H6TDc4=
NWG-WGT48343,WatchGuard Basic Security Suite Renewal/Upgrade 3-yr for Firebox T45-W-PoE,Electronic,Renewals,T45-W-PoE,https://partner.leadersystems.com.au/products.html?pZjD2SNv7+0=Et9NqBPhKq8qyKdoiQucVg==oLd5sb8HjCj+KhTMH3dxlepp4Bc=
NWG-WGM67521,WatchGuard Cloud 1-month data retention for M670 - 1-yr,Electronic,Renewals,M670,https://partner.leadersystems.com.au/products.html?ToU8j7RaMqg=dzvRxj9fr13TCP4qwvnacw==Iq9NkzGjWxR5pgim1L03TWU+QYM=
NWG-WGM27521,WatchGuard Cloud 1-month data retention for M270 - 1-yr,Electronic,Renewals,M270,https://partner.leadersystems.com.au/products.html?K4+vC91ra7Y=AAxwa/hj6lzY5rCCeBS4Tg==mERsbf47dSEydGppHKUgvUp6iq0=
NWG-WG460521,WatchGuard Cloud 1-month data retention for M4600 - 1-yr,Electronic,Renewals,M4600,https://partner.leadersystems.com.au/products.html?hvZuYi2XOXE=YJVvnop4TpmEWYFa3JGJew==KawtlaiyRbV3lsP4Nb/0C1T/xbM=
NWG-WGT25353,WatchGuard Total Security Suite Renewal/Upgrade 3-yr for Firebox T25,Electronic,Renewals,T25,https://partner.leadersystems.com.au/products.html?R25WlNTBaQI=ETL+alnHKiN433rwvNEjoA==qAvYNKp2xrTf6Th3ha26M9fPKcQ=
NWG-WGT45341,WatchGuard Basic Security SuiteRenewal/Upgrade 1-yr for Firebox T45,Electronic,Renewals,T45,https://partner.leadersystems.com.au/products.html?YzipkSzww/o=EpxzN+EV85dzKCrqezcyhQ==O06V3pxxUM7jX2+KriclyVYVcG8=
NWG-WGT47341,WatchGuard Basic Security Suite Renewal/Upgrade 1-yr for Firebox T45-PoE,Electronic,Renewals,T45-PoE,https://partner.leadersystems.com.au/products.html?1ZjhXKMLsUE=XXuszpjVWyNApM7lKkMD8A==3bxKK751rPsk39bMD2ChWCki6d0=
NWG-WGT48351,WatchGuard Total Security Suite Renewal/Upgrade 1-yr for Firebox T45-W-PoE,Electronic,Renewals,T45-W-PoE,https://partner.leadersystems.com.au/products.html?jxncFiQ9Vlk=EX2xXokN5pxnrQwjRqonWA==oovAwr37rgkkMheQr1pFaI4MUE0=
NWG-WGT85173,WatchGuard APT Blocker 3-yr for Firebox T85-PoE,Electronic,Renewals,T85-PoE,https://partner.leadersystems.com.au/products.html?+lgi7djSy+g=fH0o9bqo2K41fBdnSl9kiA==5vm+zmIcdrAGoi5kBFCKgGme6us=
NWG-WGT25171,WatchGuard APT Blocker 1-yr for Firebox T25,Electronic,Renewals,T25,https://partner.leadersystems.com.au/products.html?Ni/jO2KY1F8=hQEGpCy3ioD0Vyetg6D/ew==uRF5/T0oQW3X9sdTi0InUcM8rHI=
NWG-WGT25175,WatchGuard APT Blocker 5-yr for Firebox T25,Electronic,Renewals,T25,https://partner.leadersystems.com.au/products.html?IfSWl2w1xfw=1FHtTW5z2rufB2H2fDOupg==6fzYSoKDIA7EFcfD2VNIv6DBU2c=
NWG-WGT85343,WatchGuard Basic Security Suite Renewal/Upgrade 3-yr for Firebox T85-PoE,Electronic,Renewals,T85-PoE,https://partner.leadersystems.com.au/products.html?WKGHW7Uiabo=H6bxc4vweSUQ1oRP4hwTNg==YHKMhL/9D5v9AxfVq8P6iv5Aioo=
NWG-WGT45203,WatchGuard Standard Support Renewal 3-yr for Firebox T45,Electronic,Renewals,T45,https://partner.leadersystems.com.au/products.html?5CI6xYV5pGo=JLSn0molQaEsD+2hss2fWw==o+52Ur1iyu9PDK31l8pEenHhDD8=
NWG-WGT45263,WatchGuard Gold Support Renewal/Upgrade 3-yr for Firebox T45,Electronic,Renewals,T45,https://partner.leadersystems.com.au/products.html?L0SREOOaSCE=My7UVeDOSkdcyDNagQIjfA==SF08YB+T/py3lVoQkuJUOvtHmr0=
NWG-WGT48353,WatchGuard Total Security Suite Renewal/Upgrade 3-yr for Firebox T45-W-PoE,Electronic,Renewals,T45-W-PoE,https://partner.leadersystems.com.au/products.html?vgWP8OhHZLM=mI1JDiU9wLs+fQbHSxRINA==j/phwdLFPg+9jhKIgEmKGV7xdFo=
NWG-WGT85171,WatchGuard APT Blocker 1-yr for Firebox T85-PoE,Electronic,Renewals,T85-PoE,https://partner.leadersystems.com.au/products.html?iqbR7naJH4U=OIpzC/92PpxxI8OiXF4UyQ==D7U64HPjZuHdsuZHEWpi/7rpDAo=
NWG-WGT85175,WatchGuard APT Blocker 5-yr for Firebox T85-PoE,Electronic,Renewals,T85-PoE,https://partner.leadersystems.com.au/products.html?0/hlOOal85Y=reJXvuksT79w2dSns8IFsg==ATKqPSlFvOD1pV8JLcguKe8o/p4=
NWG-WGT85341,WatchGuard Basic Security Suite Renewal/Upgrade 1-yr for Firebox T85-PoE,Electronic,Renewals,T85-PoE,https://partner.leadersystems.com.au/products.html?lSgmnZq/P20=ln6RxdF8spUA/8orfpQBHg==uXP7qe+fca9LuNWMZNc8sFeF2o4=
NWG-WGT85351,WatchGuard Total Security Suite Renewal/Upgrade 1-yr for Firebox T85-PoE,Electronic,Renewals,T85-PoE,https://partner.leadersystems.com.au/products.html?beWCrpXY3Mo=wuRtWocoJALq0YslkknNPQ==cCpJpaKGluZ5z+pfCvnf3N3p1E8=
NWG-WGT49201,WatchGuard Standard Support Renewal 1-yr for Firebox T45-CW,Electronic,Renewals,T45-CW,https://partner.leadersystems.com.au/products.html?2I1QJwEH00U=ZhacOTIiP7CZJZN77ERxlg==PnasiDWxOg21/ic8oYmrIJWERWE=
NWG-WGT49261,WatchGuard Gold Support Renewal/Upgrade 1-yr for Firebox T45-CW,Electronic,Renewals,T45-CW,https://partner.leadersystems.com.au/products.html?oVskP/7XSY0=K/tA81psL3tEMY5gjyk9SA==pU4NKklq4u8p02lvRjCuYGPazv8=
NWG-WGT49171,WatchGuard APT Blocker 1-yr for Firebox T45-CW,Electronic,Renewals,T45-CW,https://partner.leadersystems.com.au/products.html?wXpgM2DMLOY=4MI/R3gNnahVCDuL5G1VnQ==4EZd/htniOZzV85QEUBMrXWnItI=
NWG-WGT49341,WatchGuard Basic Security Suite Renewal/Upgrade 1-yr for Firebox T45-CW,Electronic,Renewals,T45-CW,https://partner.leadersystems.com.au/products.html?gSLtraIfuKQ=hjYOVaCfyg0o/fwPLn0cPw==1AxBN/rCXl78K4FHU40m9LIJhO0=
NWG-WGT80351,WatchGuard Total Security Suite Renewal/Upgrade 1-yr for Firebox T80,Electronic,Renewals,T80,https://partner.leadersystems.com.au/products.html?oyBCayeFHuw=gDxGSLbIrHPga28qVB/RxA==mDV4qftBTmYGwv7khH6+kPkmwEQ=
NWG-WGT41351,WatchGuard Total Security Suite Renewal/Upgrade 1-yr for Firebox T40-W,Electronic,Renewals,T40-W,https://partner.leadersystems.com.au/products.html?Le7hd1bYgjg=cAt5Sn2vDXsy54cdBsLBWQ==1n9gfSGT3RI8oPmJHkg0gJOmdjs=
NWG-WGT20341,WatchGuard Basic Security Suite Renewal/Upgrade 1-yr for Firebox T20,Electronic,Renewals,T20,https://partner.leadersystems.com.au/products.html?KxaMXTY1wIE=9/uOA7yjky5kj9yiTdK++w==/5U3eGQn/4lCTa141/QdCaFwOk4=
NWG-WGT40171,WatchGuard APT Blocker 1-yr for Firebox T40,Electronic,Renewals,T40,https://partner.leadersystems.com.au/products.html?bq7+OJG573Q=+AxchSW02SwEbOzO2Iku2A==MAmnd0SPxwQXGzo53Kqr20CapLk=
NWG-WGT21171,WatchGuard APT Blocker 1-yr for Firebox T20-W,Electronic,Renewals,T20-W,https://partner.leadersystems.com.au/products.html?J+ukPvm9H9g=Ik9zYyrI1os8YEAwDvwNpg==gWN5HZSQ9GBdA01z58eD9//rbzQ=
NWG-WGT20261,WatchGuard Gold Support Renewal/Upgrade 1-yr for Firebox T20,Electronic,Renewals,T20,https://partner.leadersystems.com.au/products.html?TRXxJLMfazE=QD+2F5JRgLZ2EN8Bt7LN2Q==y9Aobi/kFQS1s4xZZz1fyQdkKXA=
NWG-WGT49173,WatchGuard APT Blocker 3-yr for Firebox T45-CW,Electronic,Renewals,T45-CW,https://partner.leadersystems.com.au/products.html?dN1RMfHNf0Q=+gwAZqrL2XegaisGH3K8/g==VRFsBsqTr0xvZsYwgW/S02D8Coo=
NWG-WGT25341,WatchGuard Basic Security Suite Renewal/Upgrade 1-yr for Firebox T25,Electronic,Renewals,T25,https://partner.leadersystems.com.au/products.html?qzp2Cgxw4JM=Rkgq8COp3W8EuJd+g4WEHQ==XNQ1cEybYZAtYbX/N86CyeRbp0A=
NWG-WGT25351,WatchGuard Total Security Suite Renewal/Upgrade 1-yr for Firebox T25,Electronic,Renewals,T25,https://partner.leadersystems.com.au/products.html?N4SLHbANUg0=6LRnHkYKydIsQXzQBkHIyw==5xzUAlyf42e/Gn10YJcNiATfETc=
NWG-WGT26261,WatchGuard Gold Support Renewal/Upgrade 1-yr for Firebox T25-W,Electronic,Renewals,T25-W,https://partner.leadersystems.com.au/products.html?4MWCP0Rd9zs=s7pMBiiuaVTRrNYK7W0A4w==ClpNSq1yluNzx9zO/EvFDOivhCM=
NWG-WGT26341,WatchGuard Basic Security Suite Renewal/Upgrade 1-yr for Firebox T25-W,Electronic,Renewals,T25-W,https://partner.leadersystems.com.au/products.html?lV3+p6iilPc=mKtoRXFg3TNbVrFhkumjoQ==5zE7gbfr0Lio5AhSyQdq7fZ/chI=
NWG-WGT47203,WatchGuard Standard Support Renewal 3-yr for Firebox T45-PoE,Electronic,Renewals,T45-PoE,https://partner.leadersystems.com.au/products.html?Td5ILN7BCds=OPmr50V6WLmTOT3EhC+KIw==OhMnrepxA4VxmSNUciHugV6JOJc=
NWG-WGT47263,WatchGuard Gold Support Renewal/Upgrade 3-yr for Firebox T45-PoE,Electronic,Renewals,T45-PoE,https://partner.leadersystems.com.au/products.html?Hhq68weRBtU=vjHlqcVh+/enNj7rW4BbCw==X4lpv45jpOgUYIlAGb8LPXbIViA=
NWG-WGT48175,WatchGuard APT Blocker 5-yr for Firebox T45-W-PoE,Electronic,Renewals,T45-W-PoE,https://partner.leadersystems.com.au/products.html?/Wbny5pg0oI=W2AzuRTPZjfHpFVcDgDF4w==85cR6nXbF/pHBjTyZlKa0OT4UuQ=
NWG-WGT48201,WatchGuard Standard Support Renewal 1-yr for Firebox T45-W-PoE,Electronic,Renewals,T45-W-PoE,https://partner.leadersystems.com.au/products.html?/yLywTVQLbs=3E6OcxPF63Vd6ODSzCI44g==8+oc5rPMZwRfpz/WsIRZkQDT/0Q=
NWG-WGM48223,WatchGuard Gold Support Renewal/Upgrade 3-yr for Firebox M4800,Electronic,Renewals,M4800,https://partner.leadersystems.com.au/products.html?ES2gBILTXYA=Kj9QzPIox3YFrYzgaSKn6g==BGwYiWKs4Wy8HzBQ5Cs6vVX0iY8=
NWG-WGM58171,WatchGuard APT Blocker 1-yr for Firebox M5800,Electronic,Renewals,M5800,https://partner.leadersystems.com.au/products.html?/G2RZ1p//a8=95ugZneasb7sNf4xmHy/IA==65kSI5kyBcp+gEJ867eD6hTSOrw=
NWG-WGM58333,WatchGuard Basic Security Suite Renewal/Upgrade 3-yr for Firebox M5800,Electronic,Renewals,M5800,https://partner.leadersystems.com.au/products.html?ZfmR4tnSzTA=TeuM75got7VHqUSnoWG0mg==gbgiBksHu4UncA9iO+5o9IpSUwI=
NWG-WGT49263,WatchGuard Gold Support Renewal/Upgrade 3-yr for Firebox T45-CW,Electronic,Renewals,T45-CW,https://partner.leadersystems.com.au/products.html?agiZgPZ4aiM=Rv4ue0PctklYC6C/9h6cTA==KNnm+gtylZ1DrQkO+OSvN9zu+cQ=
NWG-WGT49343,WatchGuard Basic Security Suite Renewal/Upgrade 3-yr for Firebox T45-CW,Electronic,Renewals,T45-CW,https://partner.leadersystems.com.au/products.html?QH6UnE/uQ9U=L2vniPN2IR1mocgzDtbdIg==8yUskvXjEoVO5OfkQ4GWZZkO9Xw=
NWG-WGM48171,WatchGuard APT Blocker 1-yr for Firebox M4800,Electronic,Renewals,M4800,https://partner.leadersystems.com.au/products.html?svIMgc8AZfg=uALZ3PYAncCtyiCAlUOZDQ==bnUhsi4jqI467DH9h6xCVSS65ck=
NWG-WGM48203,WatchGuard Standard Support Renewal 3-yr for Firebox M4800,Electronic,Renewals,M4800,https://partner.leadersystems.com.au/products.html?4zaaRllnzMk=AdsrwNkGCTIPg/aqPgRtxg==ZXiAtqPxfAe6C8kYB+ZnYOfR0Rs=
NWG-WGM69021801,WatchGuard Cloud 1-month data retention for M690 - 1-yr,Electronic,Renewals,M690,https://partner.leadersystems.com.au/products.html?a0k4uAfRMMg=D93NRJlPNAqiHdnTIXX6cg==+QkVSO8hTZebywAZdvPfV37CgrDNFoc=
NWG-WGM59040703,WatchGuard Gold Support Renewal/Upgrade 3-yr for Firebox M590,Electronic,Renewals,M590,https://partner.leadersystems.com.au/products.html?YunRwm+XhTg=SKl03sQJCIV0FEt23/xvHQ==+gjPWem6hOwVOaXxsuv3GK3ogNpVrRs=
NWG-WGM59040101,WatchGuard Standard Support Renewal 1-yr for Firebox M590,Electronic,Renewals,M590,https://partner.leadersystems.com.au/products.html?E6vDfl5OPrc=S3EdPjZX/uY+9T4BbV+Z5g==Eg5po8DkuURDopMPVIRneAH1eH+zDTw=
NWG-WGM29040201,WatchGuard Basic Security Suite Renewal/Upgrade 1-yr for Firebox M290,Electronic,Renewals,M290,https://partner.leadersystems.com.au/products.html?pYP+K/cP9UA=V7AAhpItTXTc+wecffOtUQ==OiE538xDtxUnxjPC2zbePLUngZJl1x8=
NWG-WGM39040301,WatchGuard Total Security Suite Renewal/Upgrade 1-yr for Firebox M390,Electronic,Renewals,M390,https://partner.leadersystems.com.au/products.html?p+OzTWrhePU=L+S2Yivtf09aFh+TgepP3Q==iH9+Gs9CDgvzaetgCiHcnAFsaWIjLUU=
NWG-WGM39040103,WatchGuard Standard Support Renewal 3-yr for Firebox M390,Electronic,Renewals,M390,https://partner.leadersystems.com.au/products.html?Lo+qhNM6Qos=lkfk3B0PZnW8+T0QAr453Q==DsMnL+LdoxzZQ8ARh7Ksw+cvJX4gQaQ=
NWG-WGM59040701,WatchGuard Gold Support Renewal/Upgrade 1-yr for Firebox M590,Electronic,Renewals,M590,https://partner.leadersystems.com.au/products.html?MzraU74ZFEc=0P8F5nV6Yp632rpAwF0n2g==Xlze9sOc5E/jFWwWpSPhgH3xP+6WTh0=
NWG-WGM59020801,WatchGuard APT Blocker 1-yr for Firebox M590,Electronic,Renewals,M590,https://partner.leadersystems.com.au/products.html?So0MfOmBVRA=hs4kSbtsBzek9fK0b2+2kg==0cd2JkodseUziWhxE6gaY0nuqJLRWW4=
NWG-WGM69040201,WatchGuard Basic Security Suite Renewal/Upgrade 1-yr for Firebox M690,Electronic,Renewals,M690,https://partner.leadersystems.com.au/products.html?R3uQID0kW2k=te5iw+0LVNVIuts1f4STPg==IAl1KhxnG/urb3w2OV9WMbr0oncIFxU=
NWG-WGM29021801,WatchGuard Cloud 1-month data retention for M290 - 1-yr,Electronic,Renewals,M290,https://partner.leadersystems.com.au/products.html?+MNf+01NW+M=4cRoE5RNulb1CCOTS7aj9g==0oUwba2aFHVoZT48mzZDER/t0RYri2E=
NWG-WGM29021803,WatchGuard Cloud 1-month data retention for M290 - 3-yr,Electronic,Renewals,M290,https://partner.leadersystems.com.au/products.html?BhuKZ3/yCrQ=l6Hkdbd3J/rRXj2rxnHECQ==SzU7D8xcHomAncAHkEM/kjmwYqRjbVY=
NWG-WGM39040101,WatchGuard Standard Support Renewal 1-yr for Firebox M390,Electronic,Renewals,M390,https://partner.leadersystems.com.au/products.html?GlYr4XIWcw8=9ACeBke8RaBCS0ru5l6NUA==enDlLdSQPpr4u9f+gThkRk9MWKVj17Q=
NWG-WGT25173,WatchGuard APT Blocker 3-yr for Firebox T25,Electronic,Renewals,T25,https://partner.leadersystems.com.au/products.html?W5MRCQ4Qlgk=02Ot44XJF3djbupiCU0wQg==26Mo2pdGcasriZ76fAtYEp+zQs8=
NWG-WGT25343,WatchGuard Basic Security Suite Renewal/Upgrade 3-yr for Firebox T25,Electronic,Renewals,T25,https://partner.leadersystems.com.au/products.html?ugrJKuc8b1Q=GJspXQ5/NpBpf0LTJbtqIQ==8/PpwjhlvEaJK/wh62fDWNX7xR0=
NWG-WGT26203,WatchGuard Standard Support Renewal 3-yr for Firebox T25-W,Electronic,Renewals,T25-W,https://partner.leadersystems.com.au/products.html?3BE9AqwQCIM=HEjK1KG05TuL8uo+CHqpmg==t3R6JCDAEA5c4qUD2FI4ijD2iLE=
NWG-WGT26343,WatchGuard Basic Security Suite Renewal/Upgrade 3-yr for Firebox T25-W,Electronic,Renewals,T25-W,https://partner.leadersystems.com.au/products.html?RjVV7SPmEkI=ObAW4oC+tMAHgbyzdeVnDw==2DErSyvRKZKnlYYr3rboBj4XPbs=
NWG-WGT45261,WatchGuard Gold Support Renewal/Upgrade 1-yr for Firebox T45,Electronic,Renewals,T45,https://partner.leadersystems.com.au/products.html?RcvOqR7vVd8=lbijtynZBusIOuLKqH0hIw==GfvSH5/GJUUC8OX267I1cctCCAk=
NWG-WGT26175,WatchGuard APT Blocker 5-yr for Firebox T25-W,Electronic,Renewals,T25-W,https://partner.leadersystems.com.au/products.html?X+sKfu2eNCw=43s8EcoeB15CtLVi1dho4Q==eEjLXFEvwoK71iPuuV953/vcsyY=
NWG-WGT47261,WatchGuard Gold Support Renewal/Upgrade 1-yr for Firebox T45-PoE,Electronic,Renewals,T45-PoE,https://partner.leadersystems.com.au/products.html?iB2WI8jmmx4=ok2zpibgwQQmVXx4F7qZtw==a3EIso4VUYwpqPqdeg3xGl+h+0M=
NWG-WGT48203,WatchGuard Standard Support Renewal 3-yr for Firebox T45-W-PoE,Electronic,Renewals,T45-W-PoE,https://partner.leadersystems.com.au/products.html?VuSm9CFpcnM=CcS7EKFN7e2by4PZHZpelg==3kWLHy1hP/HfFF0Hi7hmSHe8rww=
NWG-WGT85353,WatchGuard Total Security Suite Renewal/Upgrade 3-yr for Firebox T85-PoE,Electronic,Renewals,T85-PoE,https://partner.leadersystems.com.au/products.html?WRG9NLhSm7E=jZHb1ubo3SAUGl1lKBXbcw==7lEZuN67DK9ZB9HNajRZHfV5ql8=
NWG-WGT26201,WatchGuard Standard Support Renewal 1-yr for Firebox T25-W,Electronic,Renewals,T25-W,https://partner.leadersystems.com.au/products.html?oL9npVeW2Mw=idda/62krlzHm7kA5Y7yhw==t/1Tzmg0CSeclEn8hxfY07oGRd0=
NWG-WGT45353,WatchGuard Total Security SuiteRenewal/Upgrade 3-yr for Firebox T45,Electronic,Renewals,T45,https://partner.leadersystems.com.au/products.html?Io59g3Nwh4A=Aic4dMVC8PdekUUdcPp7OA==REwnOkPp//EbqoqmyrXLtd/PLYY=
NWG-WGT47353,WatchGuard Total Security Suite Renewal/Upgrade 3-yr for Firebox T45-PoE,Electronic,Renewals,T45-PoE,https://partner.leadersystems.com.au/products.html?FPX/VwWX6u8=l9NLOseuOslut0tlniT3Sg==C6DsY585/ykykzWoU5Yu/IVWlBY=
NWG-WGT48171,WatchGuard APT Blocker 1-yr for Firebox T45-W-PoE,Electronic,Renewals,T45-W-PoE,https://partner.leadersystems.com.au/products.html?Fht2VnxxLmM=Q4YzkKPZYXOpAcZwLrYS3A==e7tD08eeENFv+1KvkRBZlaCi9xE=
NWG-WGT85203,WatchGuard Standard Support Renewal 3-yr for Firebox T85-PoE,Electronic,Renewals,T85-PoE,https://partner.leadersystems.com.au/products.html?XyFIS31ibG0=AYlumzw98MSCgTi6/imrGg==PuBY6aX6/1ccoKe9bjwsJzEJjm8=
NWG-WGT85261,WatchGuard Gold Support Renewal/Upgrade 1-yr for Firebox T85-PoE,Electronic,Renewals,T85-PoE,https://partner.leadersystems.com.au/products.html?5kyp1pDoKMY=CUC+3G5dTlW31FAg+PuxDQ==OAMMN0UpyPMQ4xOLDLCuCHDXv70=
NWG-WGT49351,WatchGuard Total Security Suite Renewal/Upgrade 1-yr for Firebox T45-CW,Electronic,Renewals,T45-CW,https://partner.leadersystems.com.au/products.html?k2yccLrAHUw=URH5Cd1pylsR+UazQp7h9g==gipH8wcorxvPQyD0063yuxB3TJM=
NWG-WGT49353,WatchGuard Total Security Suite Renewal/Upgrade 3-yr for Firebox T45-CW,Electronic,Renewals,T45-CW,https://partner.leadersystems.com.au/products.html?0Rxf9IC9jJI=EMx+4Hxr15Zge9PqCtOVLQ==H/PTl4+xV2vVAmiD+uruORzkA4s=
NWG-WGT250213,Trade Up to WatchGuard Total Security Suite for Firebox T25 - 3-Year (License ONLY; HW SKU: WGT25000),Electronic,Renewals,T25,https://partner.leadersystems.com.au/products.html?i0Ub7oP0Jcs=Po9YD9Gv20Iad1gwnai1Mg==kEtTB8prqGGZRhozDnbuH67uH/BQ
NWG-WGT250203,Trade Up to WatchGuard Basic Security Suite for Firebox T25 - 3-Year (License ONLY; HW SKU: WGT25000),Electronic,Renewals,T25,https://partner.leadersystems.com.au/products.html?0FdighlocpA=S83/xgL3GwAEi7lq8h4VPQ==xPBdMM11ONDZZD6USFWmnGWuIFEG
NWG-WGT250215,Trade Up to WatchGuard Total Security Suite for Firebox T25 - 5-Year (License ONLY; HW SKU: WGT25000),Electronic,Renewals,T25,https://partner.leadersystems.com.au/products.html?otl3zqz2pzE=tjjQ8L3l/Ee3NmbUDRMxeA==enwM+KlzQd0oW/fGVABNbzaumfNq
NWG-WGT250211,Trade Up to WatchGuard Total Security Suite for Firebox T25 - 1-Year (License ONLY; HW SKU: WGT25000),Electronic,Renewals,T25,https://partner.leadersystems.com.au/products.html?GiwANlo2BBA=jqor5Jcg+Fx2u+BNzvJaCQ==VndauNsue3jaC4bKmAmWeR7+89Cd
NWG-WGT185343,WatchGuard Basic Security Suite Renewal/Upgrade 3-yr for Firebox T185,Electronic,Renewals,T185,https://partner.leadersystems.com.au/products.html?aJM5/wA5GRQ=/fvDun4mZyrlbYsDRleYvQ==IBTZYnJI/DxwG8FDWKJ6P0+IsJLY
NWG-WGT185203,WatchGuard Standard Support Renewal 3-yr for Firebox T185,Electronic,Renewals,T185,https://partner.leadersystems.com.au/products.html?LLyR01q9DgI=gO29jln6EoFcziwvK+9P8A==N0Vr61l4gBr37FSZGPODIfk5N+yl
NWG-WGT18521801,WatchGuard Cloud 1-month data retention for T185 - 1-yr,Electronic,Renewals,T185,https://partner.leadersystems.com.au/products.html?fIlzMfVLob8=Zl1wkkasW2mXfx9HSsgUpw==blDsxR1sX76XnDjcfIoANEG8uHyN7ts=
NWG-WGT116341,WatchGuard Basic Security Suite Renewal/Upgrade 1-yr for Firebox T115-W,Electronic,Renewals,T115-W,https://partner.leadersystems.com.au/products.html?1yhJILw8GiI=dP6s/+H6wOE85LxZWBhPpg==slDHCnWM61vzln+qXjChEiiin2TL
NWG-WGT12621801,WatchGuard Cloud 1-month data retention for T125-W - 1-yr,Electronic,Renewals,T125-W,https://partner.leadersystems.com.au/products.html?SXvKPExw2mo=3jAYXFopY7tJwfPl9wj4Gw==ui8HoaYhYpAInrjvEJLdyPN5da1pyps=
NWG-WGT126261,WatchGuard Gold Support Renewal/Upgrade 1-yr for Firebox T125-W,Electronic,Renewals,T125-W,https://partner.leadersystems.com.au/products.html?U6Iclq58IFI=Rh84rrVMIMosKIhOsH+9QQ==J7/ktNudPbDU/RgX69Ux2oslo0Bu
NWG-WGT125173,WatchGuard APT Blocker 3-yr for Firebox T125,Electronic,Renewals,T125,https://partner.leadersystems.com.au/products.html?y2ylhPhQ1Os=NHlftPVXMxlthaiCrIL+ZA==gRnhnToXNneiQuz9zxuZtrAOvayz
NWG-WGT145343,WatchGuard Basic Security Suite Renewal/Upgrade 3-yr for Firebox T145,Electronic,Renewals,T145,https://partner.leadersystems.com.au/products.html?Z8UVgu5fTMo=fCLalrh7ufcEMwphA2NzFQ==5RxRZvw8dk/YtZyUKWjmf6HZAAhs
NWG-WGT146173,WatchGuard APT Blocker 3-yr for Firebox T145-W,Electronic,Renewals,T145-W,https://partner.leadersystems.com.au/products.html?ngREVN9u4DM=2M3n7oUz7QOzjmntU7nrcQ==iIob0PyNR4BXEgtGKniOIzidDURj
NWG-WGT146343,WatchGuard Basic Security Suite Renewal/Upgrade 3-yr for Firebox T145-W,Electronic,Renewals,T145-W,https://partner.leadersystems.com.au/products.html?O4dZadkgrSc=bc79XmRXe7MGPxmzKk5cyQ==QofI1n/22C3RsfCvKK090JcO/lB9
NWG-WGT116261,WatchGuard Gold Support Renewal/Upgrade 1-yr for Firebox T115-W,Electronic,Renewals,T115-W,https://partner.leadersystems.com.au/products.html?y2yZ0pUeA14=iGRIx0g8/rS/q+dxWOLrLw==/3b5vLKphx1Y9w4eG19UmZfpJ2bO
NWG-WGT116353,WatchGuard Total Security Suite Renewal/Upgrade 3-yr for Firebox T115-W,Electronic,Renewals,T115-W,https://partner.leadersystems.com.au/products.html?1paOxUAvojI=MKRCst5JQR4+x5sajnF2BQ==KueRV+K1c9d1OtTlCGkPNnatqcrG
NWG-WGT185351,WatchGuard Total Security Suite Renewal/Upgrade 1-yr for Firebox T185,Electronic,Renewals,T185,https://partner.leadersystems.com.au/products.html?aHz92eKGIyc=rhcSDtrDqCn++cznifFHiA==n0ViJR7eq440EvXP6WNFOwFPk/a0
NWG-WGT125175,WatchGuard APT Blocker 5-yr for Firebox T125,Electronic,Renewals,T125,https://partner.leadersystems.com.au/products.html?7P6CdEWmQ84=Knxu4VrrG+JqGsgLreekjg==iG386vZyrZ/1arIAQDrtqcVzIC0x
NWG-WGT14521801,WatchGuard Cloud 1-month data retention for T145 - 1-yr,Electronic,Renewals,T145,https://partner.leadersystems.com.au/products.html?S5bae3rBRZw=zWzNGHdg52XtPq3b5pT93A==BC7mb/+yNRbsFvxY4yS0WGDHPC26ecQ=
NWG-WGT145351,WatchGuard Total Security Suite Renewal/Upgrade 1-yr for Firebox T145,Electronic,Renewals,T145,https://partner.leadersystems.com.au/products.html?N5L+t1NO9+U=ljNLpZMAq+R9VGz381NCeQ==Z50aLzyzyVYpbWc0DIFZH9CKOmsa
NWG-WGT146175,WatchGuard APT Blocker 5-yr for Firebox T145-W,Electronic,Renewals,T145-W,https://partner.leadersystems.com.au/products.html?bJZF+Y9I8Ro=DCil5g6g5cuAv+umdk5j7g==F/8NJu7pfr0djGymdsp09WXPa5ah
NWG-WGT146341,WatchGuard Basic Security Suite Renewal/Upgrade 1-yr for Firebox T145-W,Electronic,Renewals,T145-W,https://partner.leadersystems.com.au/products.html?eaYsO7pKRe0=jVs8CxPGejGqqma6u2Cq7Q==Awr+yXM7AHC+aWzrZKzgpRWaYZZZ
NWG-WGM49540203,WatchGuard Basic Security Suite Renewal/Upgrade 3-yr for Firebox M495,Electronic,Renewals,M495,https://partner.leadersystems.com.au/products.html?fe7Vjmotoso=lCLQBsu86jyIsXLJjUqbdQ==ObxifjlHBBx77S3LDmJ+9wu7lAdPUmw=
NWG-WGM49540701,WatchGuard Gold Support Renewal/Upgrade 1-yr for Firebox M495,Electronic,Renewals,M495,https://partner.leadersystems.com.au/products.html?inZJy8TpqK4=OWCuAS/Da7cIsql0KEfAxQ==un+f85R9bLQP8CeAp6XEdPfuYd5O/1E=
NWG-WGM49540101,WatchGuard Standard Support Renewal 1-yr for Firebox M495,Electronic,Renewals,M495,https://partner.leadersystems.com.au/products.html?X1nlpPpDTgY=VTkG5eFTJt/gEEFUKAJLjQ==4Oe8hfj0JHbG2jHm/tt1wo37qpHTfHA=
NWG-WGM69540103,WatchGuard Standard Support Renewal 3-yr for Firebox M695,Electronic,Renewals,M695,https://partner.leadersystems.com.au/products.html?BhXB+uuI27Y=Cxh2MzWMxSFbVOBx9i0bsA==l1X5wRL+O7h9NUqtoncvQ9SpEDnayI0=
NWG-WGT126171,WatchGuard APT Blocker 1-yr for Firebox T125-W,Electronic,Renewals,T125-W,https://partner.leadersystems.com.au/products.html?XeKjowadbNg=IJ1F7Vrn8FnnsIsvnEIOIA==FFRw6KA1LFLbZaik32aLi7TR8xAi
NWG-WGT126175,WatchGuard APT Blocker 5-yr for Firebox T125-W,Electronic,Renewals,T125-W,https://partner.leadersystems.com.au/products.html?fu/OTUEqWUQ=eNBqkMr8zq8e3akwtleULQ==iQwX6qpEuO1YJ58c7YXWavFbHCxR
NWG-WGT126263,WatchGuard Gold Support Renewal/Upgrade 3-yr for Firebox T125-W,Electronic,Renewals,T125-W,https://partner.leadersystems.com.au/products.html?7x1XQprtZ6c=9nhOHqpB0TMLYc5KLHizTA==JWhdDq57nMg9KUyw7Oq5Um8j5+Kf
NWG-WGT126201,WatchGuard Standard Support Renewal 1-yr for Firebox T125-W,Electronic,Renewals,T125-W,https://partner.leadersystems.com.au/products.html?pKwEbWtyRs0=K5awFRzG+jFi3/KZipmkJQ==cf4TU8A8tVw9ctYZRHh7i/TrCk6S
NWG-WGT12521801,WatchGuard Cloud 1-month data retention for T125 - 1-yr,Electronic,Renewals,T125,https://partner.leadersystems.com.au/products.html?k+pPoH/VIzw=3ch3xoA1Z5VbUMZV6YHfbw==pHk3BZ+XD5shqGOMRhFoLLuEFMluRuM=
NWG-WGT145263,WatchGuard Gold Support Renewal/Upgrade 3-yr for Firebox T145,Electronic,Renewals,T145,https://partner.leadersystems.com.au/products.html?qK+i4ilde2E=PwcRkRn+4D4/FYtdkKruqg==Nmh1+p0sAswjg19lMRdkeZUvdLbl
NWG-WGM49520803,WatchGuard APT Blocker 3-yr for Firebox M495,Electronic,Renewals,M495,https://partner.leadersystems.com.au/products.html?UsA+bGX4NPs=XIw6kQh5v2FkJ4wUFSxD1Q==ZTFl/PLcg4NIdFiXL9laNZ6c1IEbVxE=
NWG-WGM39521801,WatchGuard Cloud 1-month data retention for M395 - 1-yr,Electronic,Renewals,M395,https://partner.leadersystems.com.au/products.html?PcckqrnSaHk=vS2xtdWmI1WAkX03arSLnw==FLHw6hcjm9GNNdheOobt0S/c3nQx3fE=
NWG-WGT125201,WatchGuard Standard Support Renewal 1-yr for Firebox T125,Electronic,Renewals,T125,https://partner.leadersystems.com.au/products.html?a2YEh2UpG+o=PqssdXhleMK2lfSj92Zv7A==jWgY6ggVOu3cxN4elk7fidZmsQSv
NWG-WGT125203,WatchGuard Standard Support Renewal 3-yr for Firebox T125,Electronic,Renewals,T125,https://partner.leadersystems.com.au/products.html?yLNsAmtn7hU=J2H9LQcJP2wsaHYgMne4Mw==rvFCJzXZoR59W07+XgrS1vwUBFMI
NWG-WGT146351,WatchGuard Total Security Suite Renewal/Upgrade 1-yr for Firebox T145-W,Electronic,Renewals,T145-W,https://partner.leadersystems.com.au/products.html?j9Zrh+JsyTU=bz/QTqYhM3FsTAQuO9aMRw==kD8CqxCU1ec2+nULiFiSqBhwRrpd
NWG-WGM29540203,WatchGuard Basic Security Suite Renewal/Upgrade 3-yr for Firebox M295,Electronic,Renewals,M295,https://partner.leadersystems.com.au/products.html?i5xjBgny94U=zJ8D6elH5n4Jlf0yZSGiiQ==hhAt8rCcOBfK1iq3U08oNiU1TGWrX7w=
NWG-WGM39540203,WatchGuard Basic Security Suite Renewal/Upgrade 3-yr for Firebox M395,Electronic,Renewals,M395,https://partner.leadersystems.com.au/products.html?fQmRPB/vLkU=5U3GduhIKPv9mRAWrU92iw==ZOpt37g5AMAzXx5Apf1fYQwWVc5Zk7M=
NWG-WGM59540203,WatchGuard Basic Security Suite Renewal/Upgrade 3-yr for Firebox M595,Electronic,Renewals,M595,https://partner.leadersystems.com.au/products.html?iYd10VROfmw=45XvNY+64wIvHYr7ie8SWQ==jPDmOoJl+M9HazjfFQx0hE9AYT6WiTI=
NWG-WGM39540301,WatchGuard Total Security Suite Renewal/Upgrade 1-yr for Firebox M395,Electronic,Renewals,M395,https://partner.leadersystems.com.au/products.html?ROdN99/2sS0=/a5NToI78DfXAxtPBTA16Q==lPEt1amqweIN8CmjeVqUoCXF7LttQAo=
NWG-WGM69540301,WatchGuard Total Security Suite Renewal/Upgrade 1-yr for Firebox M695,Electronic,Renewals,M695,https://partner.leadersystems.com.au/products.html?I+ZFHS3LbrU=uhtJnO0XevTUbYKm7am4fA==8+VfONfMHfklyliCt948JbJzt86Wt8I=
NWG-WGT185171,WatchGuard APT Blocker 1-yr for Firebox T185,Electronic,Renewals,T185,https://partner.leadersystems.com.au/products.html?5UABwEN8unQ=YUA8UGz5wCi13V8wyBVRIg==pkmKKYR645PBHHjKV9V5QY4n/hVX
NWG-WGT185175,WatchGuard APT Blocker 5-yr for Firebox T185,Electronic,Renewals,T185,https://partner.leadersystems.com.au/products.html?JS8puGOpnow=3CQcjj5AUGBs4825okCycQ==R22C9B7OoMjueOiWWMF/GH3s6292
NWG-WGT185261,WatchGuard Gold Support Renewal/Upgrade 1-yr for Firebox T185,Electronic,Renewals,T185,https://partner.leadersystems.com.au/products.html?ElJrTZ4K+i8=rfQiX2u/1+kJkOR6G2kCJA==KG9lr1JWm1EGqxTnhadtizFHMasc
NWG-WGT185341,WatchGuard Basic Security Suite Renewal/Upgrade 1-yr for Firebox T185,Electronic,Renewals,T185,https://partner.leadersystems.com.au/products.html?7MNT2ys+wyA=XK1xF/CeEnsv/hgZGMh0Sw==lzao7QyLtvO6PM8T2qtaDV7SSj2S
NWG-WGM59520803,WatchGuard APT Blocker 3-yr for Firebox M595,Electronic,Renewals,M595,https://partner.leadersystems.com.au/products.html?EI+MiNP8pDA=j5BzDtqfnmWGqZI1sKjcIQ==sM8OTMSQb4PxrpWte+kN+1Yxg27iPAw=
NWG-WGM69520803,WatchGuard APT Blocker 3-yr for Firebox M695,Electronic,Renewals,M695,https://partner.leadersystems.com.au/products.html?49rqc+nRMjY=6pZ+f1r8kT4cXfSpRtg1Vw==/IAYVgXZfOI1QsK/nikOzcB1i7kxhcw=
NWG-WGM59540701,WatchGuard Gold Support Renewal/Upgrade 1-yr for Firebox M595,Electronic,Renewals,M595,https://partner.leadersystems.com.au/products.html?J7+OvBC5S5k=RQHNqyZsYEnwGUdfWPArpQ==ujhs7Tte3QySAgNtnqe+dnFjsh/zkVY=
NWG-WGM29540703,WatchGuard Gold Support Renewal/Upgrade 3-yr for Firebox M295,Electronic,Renewals,M295,https://partner.leadersystems.com.au/products.html?mrQhILxbrkU=4tzWus9uRYOGuQ9xvjmLqA==YFRhlF/jyeqvE5j55be1wWphUEVVZWA=
NWG-WGM69540101,WatchGuard Standard Support Renewal 1-yr for Firebox M695,Electronic,Renewals,M695,https://partner.leadersystems.com.au/products.html?Gv4GWBVaKIU=ZqaPhYsPLCCombd/fIuKKw==B4zyu69yLyIjksga5XbpUquLMqj22dk=
NWG-WGM39540103,WatchGuard Standard Support Renewal 3-yr for Firebox M395,Electronic,Renewals,M395,https://partner.leadersystems.com.au/products.html?iOgK79n7p0c=3jFe8lQaCw3ecf7TJuIQMg==oZu/J01y3vLF4bC5RycQyFviV93q3Uc=
NWG-WGM39520801,WatchGuard APT Blocker 1-yr for Firebox M395,Electronic,Renewals,M395,https://partner.leadersystems.com.au/products.html?b7lpHdmU7k4=RhzjEmx/RwcDKE/miXaoCg==X2xPcUQX88XDjE+3X+SHxwz9O5D+v8M=
NWG-WGM59520801,WatchGuard APT Blocker 1-yr for Firebox M595,Electronic,Renewals,M595,https://partner.leadersystems.com.au/products.html?8rIzU4kT5QM=Uz1ItICbtsrc/zNGLM5dsw==57u8hWZSosk57o9qspBLRoATUz/5HKU=
NWG-WGT116201,WatchGuard Standard Support Renewal 1-yr for Firebox T115-W,Electronic,Renewals,T115-W,https://partner.leadersystems.com.au/products.html?L3kSp7ctWIA=/Oy1Kw4B6v7KmmoPLSrt7w==hIuV5qszLwWKTwcLixMENKh3bRIW
NWG-WGT126203,WatchGuard Standard Support Renewal 3-yr for Firebox T125-W,Electronic,Renewals,T125-W,https://partner.leadersystems.com.au/products.html?G01DJBoYNhE=A0rAnqH1U/jfZrzzUyuF8g==U5iCjC2+RQTWQfXDEPJytxrKplyR
NWG-WGT126353,WatchGuard Total Security Suite Renewal/Upgrade 3-yr for Firebox T125-W,Electronic,Renewals,T125-W,https://partner.leadersystems.com.au/products.html?GuWsr6ZYx6c=qdgGnfb4ysWpKFmfHB1zSQ==ZTQALNcv9REDbPOPz7+5xTuFMurT
NWG-WGT145341,WatchGuard Basic Security Suite Renewal/Upgrade 1-yr for Firebox T145,Electronic,Renewals,T145,https://partner.leadersystems.com.au/products.html?HJkBd1rVDvU=+CarzWTySnPEZXXTYIsV4A==GOSi7QGf6WUrBBlMWAdQmz5cCdbq
NWG-WGT125261,WatchGuard Gold Support Renewal/Upgrade 1-yr for Firebox T125,Electronic,Renewals,T125,https://partner.leadersystems.com.au/products.html?9Yn79AaByZ4=RFcic4DafB4/6BSEwJ/DMg==/wcJL9KunfV4E8Q9vsdDFVob6Tsg
NWG-WGT125351,WatchGuard Total Security Suite Renewal/Upgrade 1-yr for Firebox T125,Electronic,Renewals,T125,https://partner.leadersystems.com.au/products.html?Mhi+agEfEV8=/IGTtcTmrnSmIt0rfcl5kg==sk+Dx/wROGk5qN+j+LSdJeNfi7VM
NWG-WGT146263,WatchGuard Gold Support Renewal/Upgrade 3-yr for Firebox T145-W,Electronic,Renewals,T145-W,https://partner.leadersystems.com.au/products.html?+hskorrkfXU=uJRPpC1cgZWjkJj9yH+lQQ==bsnXAND1kM5IprPB0sps2wwAkviq
NWG-WGT146203,WatchGuard Standard Support Renewal 3-yr for Firebox T145-W,Electronic,Renewals,T145-W,https://partner.leadersystems.com.au/products.html?+H8SsslmU+w=TK8uy52aE0pAUrnpdmO+qA==fnk03CKr7OOS9Tlg8Xvjbu5psFdZ
NWG-WGM39540701,WatchGuard Gold Support Renewal/Upgrade 1-yr for Firebox M395,Electronic,Renewals,M395,https://partner.leadersystems.com.au/products.html?J/QKoNuhUes=r6MUCkOgqtN0ghNrTIDQ3g==8MfBncKAYMjtSXfMwN9vqmM0CpIdDIg=
NWG-WGM59540103,WatchGuard Standard Support Renewal 3-yr for Firebox M595,Electronic,Renewals,M595,https://partner.leadersystems.com.au/products.html?+jGSQIl77FU=iC3mPQDdSTSANbAp8CWCNg==S5lQczBJpe+jcV7zsI8LnvmHBXp+z8s=
NWG-WGM29540301,WatchGuard Total Security Suite Renewal/Upgrade 1-yr for Firebox M295,Electronic,Renewals,M295,https://partner.leadersystems.com.au/products.html?EC1VYoO5je8=yiIx0UanOEd5kB3Evm2u8A==J9lWBCOdaSf2plBzC4B9pFcYCJ62cD8=
NWG-WGM39540303,WatchGuard Total Security Suite Renewal/Upgrade 3-yr for Firebox M395,Electronic,Renewals,M395,https://partner.leadersystems.com.au/products.html?VTLU5QZI4t4=1Bk4/QZ0FB7kL9cM9SI7Ng==/XQ/rO4f8GCpv19t0YyEsU5FlXP2LoY=
NWG-WGM59540303,WatchGuard Total Security Suite Renewal/Upgrade 3-yr for Firebox M595,Electronic,Renewals,M595,https://partner.leadersystems.com.au/products.html?fVUNrqkntd8=V5hD8aa5UN54rnDmMIXDUg==wIogkVRGxzlUOgqnR1CPmMQMiRpk6rM=
NWG-WGT250205,Trade Up to WatchGuard Basic Security Suite for Firebox T25 - 5-Year (License ONLY; HW SKU: WGT25000),Electronic,Renewals,T25,https://partner.leadersystems.com.au/products.html?WIdF5kywiNw=ZRcmrfnYPMiYwbY2DZXtNw==tY95K+ww1zaSQZ5iZtw+hj7Vzq+H
NWG-WGT185353,WatchGuard Total Security Suite Renewal/Upgrade 3-yr for Firebox T185,Electronic,Renewals,T185,https://partner.leadersystems.com.au/products.html?/qKXrbsB+qM=Yp7tDTK3YKc2ZgwPxu+cJA==2J0u/+LtO/r89YLIpXCdwrNeCmg3
NWG-WGT126173,WatchGuard APT Blocker 3-yr for Firebox T125-W,Electronic,Renewals,T125-W,https://partner.leadersystems.com.au/products.html?MtUMNRon5vQ=wEEmmRs24fSEkfwBvTBtmA==RjS261xogHqagsqSKSMF/1Shc2XL
NWG-WGT116203,WatchGuard Standard Support Renewal 3-yr for Firebox T115-W,Electronic,Renewals,T115-W,https://partner.leadersystems.com.au/products.html?W2+Bj+KlOWc=qsJn+wbdM/weAjKXzZFPGg==A5ZDk6V3QDMmisWfgZydZoMjjbL9
NWG-WGT125343,WatchGuard Basic Security Suite Renewal/Upgrade 3-yr for Firebox T125,Electronic,Renewals,T125,https://partner.leadersystems.com.au/products.html?R9Y9LGbRoTE=uPITsJNWswswkdSQKCGRXg==MW5kqXPIf36dj28WsUEwJAgK01jD
NWG-WGT145261,WatchGuard Gold Support Renewal/Upgrade 1-yr for Firebox T145,Electronic,Renewals,T145,https://partner.leadersystems.com.au/products.html?OU1YSpVGgT4=AFvAq2+EUKDGdoRjHC03vA==8fOqk+GaFhXCzF8t3yuAefoOqqPu
NWG-WGT145201,WatchGuard Standard Support Renewal 1-yr for Firebox T145,Electronic,Renewals,T145,https://partner.leadersystems.com.au/products.html?0iQJuVk5iZE=oAu6ZZ5IPQqb1aXzbpPV7w==Nt6sKUcAdLGwJmFWgSEYpHee4hC4
NWG-WGT145203,WatchGuard Standard Support Renewal 3-yr for Firebox T145,Electronic,Renewals,T145,https://partner.leadersystems.com.au/products.html?nK70FEEJ9h8=LWnquS0i/CPIE8iKKbBAKg==xEASpC1gOQS0VK/ptK45RSz6ck0M
NWG-WGT146261,WatchGuard Gold Support Renewal/Upgrade 1-yr for Firebox T145-W,Electronic,Renewals,T145-W,https://partner.leadersystems.com.au/products.html?KprsEDaJJ3w=yWhu7eH7g+fESuImVGR+dA==/QqMhFSn7kOZv5TLbRg6x/ooeX9F
NWG-WGT146353,WatchGuard Total Security Suite Renewal/Upgrade 3-yr for Firebox T145-W,Electronic,Renewals,T145-W,https://partner.leadersystems.com.au/products.html?Npj2XC0Asts=liW7UKhmpsp7Zz7ZXK9Nsw==Yw2D4kZycXNmSrbrBvTabYLJaGjB
NWG-WGT125341.,WatchGuard Basic Security Suite Renewal/Upgrade 1-yr for Firebox T125,Electronic,Renewals,T125,https://partner.leadersystems.com.au/products.html?rS9cW/qNrRw=/OxTVxm2I1miFdBMOAKArQ==OJm9pq3cqWjO+SDdNz3KCCqCJSqG+Q==
NWG-WGM69540701,WatchGuard Gold Support Renewal/Upgrade 1-yr for Firebox M695,Electronic,Renewals,M695,https://partner.leadersystems.com.au/products.html?UvycbNEtBgU=XAafHZtSr6D2mrrVCwYE3A==PF1UfjA/Y+Iy3PILjHek6zoYL1cB0HE=
NWG-WGM39540703,WatchGuard Gold Support Renewal/Upgrade 3-yr for Firebox M395,Electronic,Renewals,M395,https://partner.leadersystems.com.au/products.html?Rb2FrVP5APc=2QGm5KbOe8mjgvP+2Qyaqw==Gc7UJMhO88+fIKsw0wGFITQuieXHHKI=
NWG-WGM59540101,WatchGuard Standard Support Renewal 1-yr for Firebox M595,Electronic,Renewals,M595,https://partner.leadersystems.com.au/products.html?VsBO0J/0uVw=3HNvJhL6U+D1usEmcwCjqw==WDOPXicUFQE9FcP5osbsFYDXIYG6nYU=
NWG-WGM29540103,WatchGuard Standard Support Renewal 3-yr for Firebox M295,Electronic,Renewals,M295,https://partner.leadersystems.com.au/products.html?/DQZfr6f8Eg=jghYrBsUuB+7jgsWZN2Qww==NTiDumVhH4JPVQ/dITGM+dFJG7zgaVc=
NWG-WGM69540303,WatchGuard Total Security Suite Renewal/Upgrade 3-yr for Firebox M695,Electronic,Renewals,M695,https://partner.leadersystems.com.au/products.html?+Mzu3Vl4tQQ=f66UqNJ0aOtblnMd3GhauA==E3Rijy+aC5tOWwEmRJ6BCvKwzB24Yzo=
NWG-WGM29520801,WatchGuard APT Blocker 1-yr for Firebox M295,Electronic,Renewals,M295,https://partner.leadersystems.com.au/products.html?OTQkLrSyRak=jnEqML+WIdDOGz8fWpaXxw==zgjevdXpHVSRWDH7OTQHfMyMX+FkTNE=
NWG-WGM49520801,WatchGuard APT Blocker 1-yr for Firebox M495,Electronic,Renewals,M495,https://partner.leadersystems.com.au/products.html?z1r99gaNG+A=bgtU3GMyqo4xYBQw7hFxaQ==uHY/SflQ125CyY5jFGuYuSQL3/H074o=
NWG-WGM29540303.,WatchGuard Total Security Suite Renewal/Upgrade 3-yr for Firebox M295,Electronic,Renewals,M295,https://partner.leadersystems.com.au/products.html?iq6HqLpTqEU=Y+SLL2wlXT7170c13s8gRQ==WIoMd4UyNN6KgVBMUHHS3qaTFqt3nCLb
NWG-WGT116171,WatchGuard APT Blocker 1-yr for Firebox T115-W,Electronic,Renewals,T115-W,https://partner.leadersystems.com.au/products.html?HqYeFnj5X+Q=SLr5RSYceetATrNABCyBAA==wPSKdNJVOTP7U6DHJEg8LTLXti1d
NWG-WGT126343,WatchGuard Basic Security Suite Renewal/Upgrade 3-yr for Firebox T125-W,Electronic,Renewals,T125-W,https://partner.leadersystems.com.au/products.html?30HS0HxKhOw=CMD39iW3Oz+jNWex0UTMow==fwcVH20rZxLkZjby9DX8Z0UocyLh
NWG-WGT12621803,WatchGuard Cloud 1-month data retention for T125-W - 3-yr,Electronic,Renewals,T125-W,https://partner.leadersystems.com.au/products.html?A28MF3CyflE=mQ4cCTIRTPRVNwEUhuE0LQ==NbqDpL10OZ/xMn9xcVx8/J5MCT6+JJY=
NWG-WGT116351,WatchGuard Total Security Suite Renewal/Upgrade 1-yr for Firebox T115-W,Electronic,Renewals,T115-W,https://partner.leadersystems.com.au/products.html?Zk80WyVBV00=u2yTSzy6tjHXJtA5XuKh9g==ry+pdmdISDbMWX8+BveFqad9RFQp
NWG-WGT145171,WatchGuard APT Blocker 1-yr for Firebox T145,Electronic,Renewals,T145,https://partner.leadersystems.com.au/products.html?qqhe70k5z48=t9xXXiPKTmoQ6mUjbvxRmg==HI+/nYL/Nu89ScxXI2Ddf2CRZ4UW
NWG-WGT145175,WatchGuard APT Blocker 5-yr for Firebox T145,Electronic,Renewals,T145,https://partner.leadersystems.com.au/products.html?d+mY7phT7Es=HH2gu2PIiAOzjiPfpL2ORw==J02zoRzsWdi1Y6qdhWAn2+sNFPwP
NWG-WGT146171,WatchGuard APT Blocker 1-yr for Firebox T145-W,Electronic,Renewals,T145-W,https://partner.leadersystems.com.au/products.html?xMNGEKXYx6c=evXUH9CgH+LN/uLNE1Lcag==oleVrqzrbcAtfool2b3qu88WZz0W
NWG-WGT14621801,WatchGuard Cloud 1-month data retention for T145-W - 1-yr,Electronic,Renewals,T145-W,https://partner.leadersystems.com.au/products.html?Cixy5JRdW00=o/FfCXvdCitPqv3C/9ViiQ==UEHvJlanxY0Ewp60KBqkrTcnnhszkQA=
NWG-WGM29540201,WatchGuard Basic Security Suite Renewal/Upgrade 1-yr for Firebox M295,Electronic,Renewals,M295,https://partner.leadersystems.com.au/products.html?Yt1s6evh1Is=tJDNYRMPqmJBjfPw1hrx1Q==gF1SB4uwHzjm2t4eoMrZBNBdvXGa/SE=
NWG-WGM39540101,WatchGuard Standard Support Renewal 1-yr for Firebox M395,Electronic,Renewals,M395,https://partner.leadersystems.com.au/products.html?16CF+NZb4AQ=A7sPzylfvYrgbKG4NCL6BQ==5g23nx2qfGP3O+UsxyKZvicH0+M57dw=
NWG-WGM69520801,WatchGuard APT Blocker 1-yr for Firebox M695,Electronic,Renewals,M695,https://partner.leadersystems.com.au/products.html?uqoFCgYL/xs=yIMHNM+8hj/iioZqbpINog==47DGY5DfmtKOm+Pctx9SCPkGCVrn89Y=
NWG-WGM39520803,WatchGuard APT Blocker 3-yr for Firebox M395,Electronic,Renewals,M395,https://partner.leadersystems.com.au/products.html?1KR4QdnlwTQ=usjLH35FjYQ+8HSuEGD+Yg==BHdD4W56ZO79croAUGz8mMxvRc7JM/w=
NWG-WGM29521803,WatchGuard Cloud 1-month data retention for M295 - 3-yr,Electronic,Renewals,M295,https://partner.leadersystems.com.au/products.html?2oguyiqhDKE=eam8wrvGbC+njmy66Mf8Cw==v90PAIU5WYmw8JXmkElNf0HJ6mPpO1Q=
NWG-WGM39521803,WatchGuard Cloud 1-month data retention for M395 - 3-yr,Electronic,Renewals,M395,https://partner.leadersystems.com.au/products.html?xfapiOtYgH4=5ClYWAtfFgdwTiz3H3MSDw==0Maye1ZhAd7P18+h8zItcLFMaXuopWU=
NWG-WGT185173,WatchGuard APT Blocker 3-yr for Firebox T185,Electronic,Renewals,T185,https://partner.leadersystems.com.au/products.html?Jyy4a6bMHDw=2fe9Y+87QIVyF2FDXoM2UA==FM8o3fE+1p2eAjU1PFiDDhm+/zH7
NWG-WGT185263,WatchGuard Gold Support Renewal/Upgrade 3-yr for Firebox T185,Electronic,Renewals,T185,https://partner.leadersystems.com.au/products.html?5DweOcNT7eA=P7qUQGU3eDJx9qHuKvJo/A==f1wYrXEiNaU6Q3J1wiYl7LRwumbH
NWG-WGT116173,WatchGuard APT Blocker 3-yr for Firebox T115-W,Electronic,Renewals,T115-W,https://partner.leadersystems.com.au/products.html?GmiQRAdsRGQ=OPalUhTsCc8SYE47CYkWXw==vXwngrjgVBTwOc9nETDpLgp0RKo/
NWG-WGT116343,WatchGuard Basic Security Suite Renewal/Upgrade 3-yr for Firebox T115-W,Electronic,Renewals,T115-W,https://partner.leadersystems.com.au/products.html?6leplvgRe9w=77ucDATp1J/F9iCGgh0AEA==ZK80LvjAWHZod87G+Suap4Mj4YRl
NWG-WGT126341,WatchGuard Basic Security Suite Renewal/Upgrade 1-yr for Firebox T125-W,Electronic,Renewals,T125-W,https://partner.leadersystems.com.au/products.html?LVTVSK09blI=y5V4ieNDShB1GbDOwvyKKw==C2koPyXvOCq6lsnVcpRpHUsXWRGN
NWG-WGT125171,WatchGuard APT Blocker 1-yr for Firebox T125,Electronic,Renewals,T125,https://partner.leadersystems.com.au/products.html?Y4aTNIaKQ+o=F/VC9WPUR7/LcPYiG4y8jQ==U/d1ZeHvSxeAYjvK8Mm2zSytISP+
NWG-WGT145173,WatchGuard APT Blocker 3-yr for Firebox T145,Electronic,Renewals,T145,https://partner.leadersystems.com.au/products.html?QPvgYtyMpKM=2/wUf3WWFzYp4INTuPdOzw==xcl8t7IrsngJ9zRIFAiLaX+ggAdZ
NWG-WGT12521803,WatchGuard Cloud 1-month data retention for T125 - 3-yr,Electronic,Renewals,T125,https://partner.leadersystems.com.au/products.html?tei744EjqQk=GXvx7UCbhn+3CPzBH/HdpA==Azb7Fz6FhcMqiHntx2KSfHQSUuh1I6M=
NWG-WGT125263,WatchGuard Gold Support Renewal/Upgrade 3-yr for Firebox T125,Electronic,Renewals,T125,https://partner.leadersystems.com.au/products.html?6ux15fIHmeE=d8vdA4hfZAPzrW/QC7pSHg==TQ+cDaZ6wAmQSM7Sw5SWNbIvwqDL
NWG-WGT125353,WatchGuard Total Security Suite Renewal/Upgrade 3-yr for Firebox T125,Electronic,Renewals,T125,https://partner.leadersystems.com.au/products.html?YyhpEK9pICU=dzejctlaDa0tffz1a1lBXQ==DDQK5DYeVd9A+6MIlRfkS01xc+4r
NWG-WGT14621803,WatchGuard Cloud 1-month data retention for T145-W - 3-yr,Electronic,Renewals,T145-W,https://partner.leadersystems.com.au/products.html?lYZvklllMoE=OGETFNXFPM6b7slaTuFVqg==iy363Tw9DekGcLnUMRaWJc4Jt1H1WKE=
NWG-WGT146201,WatchGuard Standard Support Renewal 1-yr for Firebox T145-W,Electronic,Renewals,T145-W,https://partner.leadersystems.com.au/products.html?mR3g6vYygsY=Ub2iDE9fNf2pNdYtPZzN8g==1psc9hPxyit5PzyqQ4tP4Gr1iO3e
NWG-WGM39540201,WatchGuard Basic Security Suite Renewal/Upgrade 1-yr for Firebox M395,Electronic,Renewals,M395,https://partner.leadersystems.com.au/products.html?uvXdx3NHAF0=iRTS4ljkzM0EpNujUIA8kA==lJsnm2Hyc8DCI1lw+a4WTEerkCy/DkU=
NWG-WGM29540701,WatchGuard Gold Support Renewal/Upgrade 1-yr for Firebox M295,Electronic,Renewals,M295,https://partner.leadersystems.com.au/products.html?ICZqqGseP7k=Q1ZO9oaHdkcZ2z0z8Dt+Hw==4G6dUIq37X0QVzoJfv/EG3uljkmzL/E=
NWG-WGM49540703,WatchGuard Gold Support Renewal/Upgrade 3-yr for Firebox M495,Electronic,Renewals,M495,https://partner.leadersystems.com.au/products.html?LzhkscTiGa4=2q2GrX+nyOvkWXZ9qgsHxQ==I/cyHUmEvOSsdtMMB1d0DdMLV+He0lk=
NWG-WGM29540101,WatchGuard Standard Support Renewal 1-yr for Firebox M295,Electronic,Renewals,M295,https://partner.leadersystems.com.au/products.html?hYdFU6F8dEg=P9bJAXg2hRGp4hpndvnNMA==TD4tXddt7ZE4U31IOE++Dg6QmBkUkPc=
NWG-WGM49540103,WatchGuard Standard Support Renewal 3-yr for Firebox M495,Electronic,Renewals,M495,https://partner.leadersystems.com.au/products.html?OHbWbXLcfuY=rQZITC+t5kBqaepDBnoGxQ==26ACTc3jRbVUd4lOReuySzYU16Ez3w8=
NWG-WGM49540303,WatchGuard Total Security Suite Renewal/Upgrade 3-yr for Firebox M495,Electronic,Renewals,M495,https://partner.leadersystems.com.au/products.html?z4T/L9frKjI=jYJ6qApSzk42JcC+Ntk58w==RFPMdvIxS2nQJOvRAcJxojd6LkVEumA=
NWG-WGM29520803,WatchGuard APT Blocker 3-yr for Firebox M295,Electronic,Renewals,M295,https://partner.leadersystems.com.au/products.html?qploxEQ3Mh8=9NTeilfdtj7w5yx6ox9t/g==UBIBcYlwGt2IbjR5sxX50PSOQLm03AQ=
NWG-WGM29521801,WatchGuard Cloud 1-month data retention for M295 - 1-yr,Electronic,Renewals,M295,https://partner.leadersystems.com.au/products.html?Lb/4eVdU1zs=f6gxtUec9fIMsxeYKEnasg==NJk7I1RWrj4+Rnnoo5mybSfximwCNao=
NWG-WGT185201,WatchGuard Standard Support Renewal 1-yr for Firebox T185,Electronic,Renewals,T185,https://partner.leadersystems.com.au/products.html?xffd8n/vxM0=fI6Mvwr35KcYqqRiTu3ugg==PHAie9MYexpNwwKuNR2zrVR5KcRc
NWG-WGT18521803,WatchGuard Cloud 1-month data retention for T185 - 3-yr,Electronic,Renewals,T185,https://partner.leadersystems.com.au/products.html?/CXpVrgQ4C8=Lz9XkGX8FNmg0bz0CMZ9Ug==mOEhL96s54zhn+cgWx+YnBcYRzxdAzs=
NWG-WGT116175,WatchGuard APT Blocker 5-yr for Firebox T115-W,Electronic,Renewals,T115-W,https://partner.leadersystems.com.au/products.html?rpmyEWqA1co=/pPQu7LexaoUQPElwym+mQ==6E9C4HTxmqWrW8FevaiHda2kFe7E
NWG-WGT116263,WatchGuard Gold Support Renewal/Upgrade 3-yr for Firebox T115-W,Electronic,Renewals,T115-W,https://partner.leadersystems.com.au/products.html?800LJPhl55k=7DV2KLR2z9u3OCAWICjj9Q==mznN2nK48nQxZMmtuxSqIXfJ9r7j
NWG-WGT126351,WatchGuard Total Security Suite Renewal/Upgrade 1-yr for Firebox T125-W,Electronic,Renewals,T125-W,https://partner.leadersystems.com.au/products.html?WMuEiC/tZPg=9zupGCmot3RwHpaAh5xNpA==OifL0ut5wpLBMNK+7p1c3DnSvqaT
NWG-WGT14521803,WatchGuard Cloud 1-month data retention for T145 - 3-yr,Electronic,Renewals,T145,https://partner.leadersystems.com.au/products.html?UpY3rLZZieQ=YFqDRjV1S5ve+g6S9NQwkA==TXQXKNw1MWPwwC9CeY+qdH2FoJXUZQA=
NWG-WGT145353,WatchGuard Total Security Suite Renewal/Upgrade 3-yr for Firebox T145,Electronic,Renewals,T145,https://partner.leadersystems.com.au/products.html?8W7DfEfsoKQ=6eH8rhul+KOob4pS/TwSOQ==F/sUgvks5PU9vsTMUQZWLDzWe5Gr
NWG-WGM49540201,WatchGuard Basic Security Suite Renewal/Upgrade 1-yr for Firebox M495,Electronic,Renewals,M495,https://partner.leadersystems.com.au/products.html?xzz5eZdF9Hw=MzsWbCM4ca4a4V4l1GSF5Q==+iWJWmTAQRbZBiqthd5aSzmYG5rThkk=
NWG-WGM59540201,WatchGuard Basic Security Suite Renewal/Upgrade 1-yr for Firebox M595,Electronic,Renewals,M595,https://partner.leadersystems.com.au/products.html?iLgaCjlkcCU=Y/9/WXI5gsg/GZ8AyzhUvw==bCuugHkmUufLcNa3XcP9z06pCaDtZBs=
NWG-WGM59540703,WatchGuard Gold Support Renewal/Upgrade 3-yr for Firebox M595,Electronic,Renewals,M595,https://partner.leadersystems.com.au/products.html?YDAHNGVc1OA=TqGWVg3Vj0g6ozZ1hpVSXw==tEKPC0FqEz5+wN7nrtOCBktzIgqMW50=
NWG-WGM69540703,WatchGuard Gold Support Renewal/Upgrade 3-yr for Firebox M695,Electronic,Renewals,M695,https://partner.leadersystems.com.au/products.html?XCLfUbeCNdg=arQPchNdHzrRM2lwqlvSig==W96+3taJIXnCR15EYgtdmxzF9HGbT0g=
NWG-WGM49540301,WatchGuard Total Security Suite Renewal/Upgrade 1-yr for Firebox M495,Electronic,Renewals,M495,https://partner.leadersystems.com.au/products.html?dHYuaBEa1ys=6FcFU5HaxLeCJoD68EYRFA==aa7jnVrdOO4l12ngMxbJg/eNqaMMuSk=
NWG-WGM59540301,WatchGuard Total Security Suite Renewal/Upgrade 1-yr for Firebox M595,Electronic,Renewals,M595,https://partner.leadersystems.com.au/products.html?XWi1nzzXYnk=hGSh58BMfUXVzBVwi/Ae8A==QgfIcMSiMSXGYrSJtEy1bkNtz9z3gWw=
NWG-WGM69540201,WatchGuard Basic Security Suite Renewal/Upgrade 1-yr for Firebox M695,Electronic,Renewals,M695,https://partner.leadersystems.com.au/products.html?YnnHSeKC9TA=6gCw2GCFlO9EAq/peMJWGg==3DIByHxEUQasInhAsYosGe3inv9sv6w=
NWG-WGM69540203,WatchGuard Basic Security Suite Renewal/Upgrade 3-yr for Firebox M695,Electronic,Renewals,M695,https://partner.leadersystems.com.au/products.html?y8dwi5jarUg=SUMW8iF4P6NgbDLOkx9u/A==NKGMnHWvx8FGX5svk7wMEfzj3jiPE9s=
