STOCK CODE,SUBCATEGORY NAME,SHORT DESCRIPTION,IMAGE,MANUFACTURER,MANUFACTURER SKU,DBP,RRP
NWG-MSS019528,Subscriptions  Licensing,WatchGuard MSSP 500 Pre Pay Points,https://www.leadersystems.com.au/Images/NWG-MSS019528.jpg,Watchguard,MSS019528,622.00,786.00
NWG-WG460301,Subscriptions  Licensing,WatchGuard NGFW Suite Renewal/Upgrade 1-yr for Firebox M4600,https://www.leadersystems.com.au/Images/NWG-WG460301.jpg,Watchguard,WG460301,7389.00,9374.00
NWG-WG460351,Subscriptions  Licensing,WatchGuard Total Security Suite Renewal/Upgrade 1-yr for Firebox M4600,https://www.leadersystems.com.au/Images/NWG-WG460351.jpg,Watchguard,WG460351,21720.00,27555.00
NWG-WGCSM331,Subscriptions  Licensing,WatchGuard Basic Security Suite Renewal/Upgrade 1-yr for Firebox Cloud Small,https://www.leadersystems.com.au/Images/NWG-WGCSM331.jpg,Watchguard,WGCSM331,936.00,1167.00
NWG-WGCSM203,Subscriptions  Licensing,WatchGuard Standard Support Renewal 3-yr for Firebox Cloud Small,https://www.leadersystems.com.au/Images/NWG-WGCSM203.jpg,Watchguard,WGCSM203,710.00,885.00
NWG-WGCME351,Subscriptions  Licensing,WatchGuard Total Security Suite Renewal/Upgrade 1-yr for Firebox Cloud Medium,https://www.leadersystems.com.au/Images/NWG-WGCME351.jpg,Watchguard,WGCME351,4633.00,5772.00
NWG-WGCME203,Subscriptions  Licensing,WatchGuard Standard Support Renewal 3-yr for Firebox Cloud Medium,https://www.leadersystems.com.au/Images/NWG-WGCME203.jpg,Watchguard,WGCME203,1673.00,2084.00
NWG-WGCME201,Subscriptions  Licensing,WatchGuard Standard Support Renewal 1-yr for Firebox Cloud Medium,https://www.leadersystems.com.au/Images/NWG-WGCME201.jpg,Watchguard,WGCME201,719.00,896.00
NWG-WGCLG351,Subscriptions  Licensing,WatchGuard Total Security Suite Renewal/Upgrade 1-yr for Firebox Cloud Large,https://www.leadersystems.com.au/Images/NWG-WGCLG351.jpg,Watchguard,WGCLG351,9872.00,12525.00
NWG-WGCLG333,Subscriptions  Licensing,WatchGuard Basic Security Suite Renewal/Upgrade 3-yr for Firebox Cloud Large,https://www.leadersystems.com.au/Images/NWG-WGCLG333.jpg,Watchguard,WGCLG333,10838.00,13750.00
NWG-WGCXL333,Subscriptions  Licensing,WatchGuard Basic Security Suite Renewal/Upgrade 3-yr for Firebox Cloud XLarge,https://www.leadersystems.com.au/Images/NWG-WGCXL333.jpg,Watchguard,WGCXL333,21590.00,27390.00
NWG-WGCXL331,Subscriptions  Licensing,WatchGuard Basic Security Suite Renewal/Upgrade 1-yr for Firebox Cloud XLarge,https://www.leadersystems.com.au/Images/NWG-WGCXL331.jpg,Watchguard,WGCXL331,9284.00,11778.00
NWG-WGVSM331,Subscriptions  Licensing,WatchGuard Basic Security Suite Renewal/Upgrade 1-yr for FireboxV Small,https://www.leadersystems.com.au/Images/NWG-WGVSM331.jpg,Watchguard,WGVSM331,936.00,1167.00
NWG-WGVSM203,Subscriptions  Licensing,WatchGuard Standard Support Renewal 3-yr for FireboxV Small,https://www.leadersystems.com.au/Images/NWG-WGVSM203.jpg,Watchguard,WGVSM203,710.00,885.00
NWG-WGVSM151,Subscriptions  Licensing,WatchGuard Application Control 1-yr for FireboxV Small,https://www.leadersystems.com.au/Images/NWG-WGVSM151.jpg,Watchguard,WGVSM151,460.00,574.00
NWG-WGVSM181,Subscriptions  Licensing,WatchGuard Network Discovery 1-yr for FireboxV Small,https://www.leadersystems.com.au/Images/NWG-WGVSM181.jpg,Watchguard,WGVSM181,460.00,574.00
NWG-WGVME141,Subscriptions  Licensing,WatchGuard Reputation Enabled Defense 1-yr for FireboxV Medium,https://www.leadersystems.com.au/Images/NWG-WGVME141.jpg,Watchguard,WGVME141,1070.00,1333.00
NWG-WGVME151,Subscriptions  Licensing,WatchGuard Application Control 1-yr for FireboxV Medium,https://www.leadersystems.com.au/Images/NWG-WGVME151.jpg,Watchguard,WGVME151,1070.00,1333.00
NWG-WGVLG131,Subscriptions  Licensing,WatchGuard Intrusion Prevention Service 1-yr for FireboxV Large,https://www.leadersystems.com.au/Images/NWG-WGVLG131.jpg,Watchguard,WGVLG131,2267.00,2876.00
NWG-WGVLG141,Subscriptions  Licensing,WatchGuard Reputation Enabled Defense 1-yr for FireboxV Large,https://www.leadersystems.com.au/Images/NWG-WGVLG141.jpg,Watchguard,WGVLG141,2267.00,2876.00
NWG-WGVXL121,Subscriptions  Licensing,WatchGuard Gateway AntiVirus 1-yr for FireboxV XLarge,https://www.leadersystems.com.au/Images/NWG-WGVXL121.jpg,Watchguard,WGVXL121,4521.00,5736.00
NWG-WGM57331,Subscriptions  Licensing,WatchGuard Basic Security Suite Renewal/Upgrade 1-yr for Firebox M570,https://www.leadersystems.com.au/Images/NWG-WGM57331.jpg,Watchguard,WGM57331,5205.00,6484.00
NWG-WGM57261,Subscriptions  Licensing,WatchGuard Gold Support Renewal/Upgrade 1-yr for Firebox M570,https://www.leadersystems.com.au/Images/NWG-WGM57261.jpg,Watchguard,WGM57261,2052.00,2557.00
NWG-WGM67331,Subscriptions  Licensing,WatchGuard Basic Security Suite Renewal/Upgrade 1-yr for Firebox M670,https://www.leadersystems.com.au/Images/NWG-WGM67331.jpg,Watchguard,WGM67331,7219.00,8994.00
NWG-WGWFC231,Subscriptions  Licensing,"WatchGuard 1-yr Total Wi-Fi Renewal/Upgrade, 1 AP",https://www.leadersystems.com.au/Images/NWG-WGWFC231.jpg,Watchguard,WGWFC231,255.00,318.00
NWG-WGT16181,Subscriptions  Licensing,WatchGuard Network Discovery 1-yr for Firebox T15-W,https://www.leadersystems.com.au/Images/NWG-WGT16181.jpg,Watchguard,WGT16181,174.00,217.00
NWG-MSS019524,Subscriptions  Licensing,WatchGuard MSSP 100 Pre Pay Points,https://www.leadersystems.com.au/Images/NWG-MSS019524.jpg,Watchguard,MSS019524,124.00,158.00
NWG-WG460171,Cloud  Server Security,WatchGuard APT Blocker 1-yr for Firebox M4600,https://www.leadersystems.com.au/Images/NWG-WG460171.jpg,Watchguard,WG460171,4998.00,6341.00
NWG-MSS019529,Subscriptions  Licensing,WatchGuard MSSP 5000 Pre Pay Points,https://www.leadersystems.com.au/Images/NWG-MSS019529.jpg,Watchguard,MSS019529,6218.00,7858.00
NWG-WG460151,Subscriptions  Licensing,WatchGuard Application Control 1-yr for Firebox M4600,https://www.leadersystems.com.au/Images/NWG-WG460151.jpg,Watchguard,WG460151,4546.00,5768.00
NWG-WG561151,Subscriptions  Licensing,WatchGuard Application Control 1-yr for Firebox M5600,https://www.leadersystems.com.au/Images/NWG-WG561151.jpg,Watchguard,WG561151,11507.00,14599.00
NWG-WG561171,Cloud  Server Security,WatchGuard APT Blocker 1-yr for Firebox M5600,https://www.leadersystems.com.au/Images/NWG-WG561171.jpg,Watchguard,WG561171,12659.00,16060.00
NWG-WGMRA501,Firewalls  Network Security,WatchGuard Dimension Command 1-yr for Mid-Range Appliance,https://www.leadersystems.com.au/Images/NWG-WGMRA501.jpg,Watchguard,WGMRA501,286.00,357.00
NWG-WGCSM333,Subscriptions  Licensing,WatchGuard Basic Security Suite Renewal/Upgrade 3-yr for Firebox Cloud Small,https://www.leadersystems.com.au/Images/NWG-WGCSM333.jpg,Watchguard,WGCSM333,2176.00,2712.00
NWG-WGCSM201,Subscriptions  Licensing,WatchGuard Standard Support Renewal 1-yr for Firebox Cloud Small,https://www.leadersystems.com.au/Images/NWG-WGCSM201.jpg,Watchguard,WGCSM201,303.00,379.00
NWG-WGCME333,Subscriptions  Licensing,WatchGuard Basic Security Suite Renewal/Upgrade 3-yr for Firebox Cloud Medium,https://www.leadersystems.com.au/Images/NWG-WGCME333.jpg,Watchguard,WGCME333,5080.00,6329.00
NWG-WGCME643,Firewalls  Network Security,WatchGuard Firebox Cloud Medium with 3-yr Total Security Suite,https://www.leadersystems.com.au/Images/NWG-WGCME643.jpg,Watchguard,WGCME643,12443.00,16849.00
NWG-WGCME641,Firewalls  Network Security,WatchGuard Firebox Cloud Medium with 1-yr Total Security Suite,https://www.leadersystems.com.au/Images/NWG-WGCME641.jpg,Watchguard,WGCME641,6819.00,9234.00
NWG-WGCLG673,Firewalls  Network Security,Trade up to WatchGuard Firebox Cloud Large with 3-yr Total Security Suite,https://www.leadersystems.com.au/Images/NWG-WGCLG673.jpg,Watchguard,WGCLG673,24255.00,33448.00
NWG-WGCLG033,Firewalls  Network Security,WatchGuard Firebox Cloud Large with 3-yr Basic Security Suite,https://www.leadersystems.com.au/Images/NWG-WGCLG033.jpg,Watchguard,WGCLG033,15048.00,20751.00
NWG-WGCXL031,Firewalls  Network Security,WatchGuard Firebox Cloud XLarge with 1-yr Basic Security Suite,https://www.leadersystems.com.au/Images/NWG-WGCXL031.jpg,Watchguard,WGCXL031,18740.00,25843.00
NWG-WGCXL003,Firewalls  Network Security,WatchGuard Firebox Cloud XLarge with 3-yr Standard Support - Only available to WGOne Silver/Gold Partners,https://www.leadersystems.com.au/Images/NWG-WGCXL003.jpg,Watchguard,WGCXL003,17572.00,24232.00
NWG-WGVLG643,Firewalls  Network Security,WatchGuard FireboxV Large with 3-yr Total Security Suite,https://www.leadersystems.com.au/Images/NWG-WGVLG643.jpg,Watchguard,WGVLG643,26529.00,36583.00
NWG-WGVLG671,Firewalls  Network Security,Trade up to WatchGuard FireboxV Large with 1-yr Total Security Suite,https://www.leadersystems.com.au/Images/NWG-WGVLG671.jpg,Watchguard,WGVLG671,12262.00,16909.00
NWG-WG560181,Subscriptions  Licensing,WatchGuard Network Discovery 1-yr for Firebox M5600,https://www.leadersystems.com.au/Images/NWG-WG560181.jpg,Watchguard,WG560181,11507.00,14599.00
NWG-WGCSM171,Cloud  Server Security,WatchGuard APT Blocker 1-yr for Firebox Cloud Small,https://www.leadersystems.com.au/Images/NWG-WGCSM171.jpg,Watchguard,WGCSM171,460.00,574.00
NWG-WGCSM151,Subscriptions  Licensing,WatchGuard Application Control 1-yr for Firebox Cloud Small,https://www.leadersystems.com.au/Images/NWG-WGCSM151.jpg,Watchguard,WGCSM151,460.00,574.00
NWG-WGCME263,Subscriptions  Licensing,WatchGuard Gold Support Renewal/Upgrade 3-yr for Firebox Cloud Medium,https://www.leadersystems.com.au/Images/NWG-WGCME263.jpg,Watchguard,WGCME263,2462.00,3068.00
NWG-WGCLG353,Subscriptions  Licensing,WatchGuard Total Security Suite Renewal/Upgrade 3-yr for Firebox Cloud Large,https://www.leadersystems.com.au/Images/NWG-WGCLG353.jpg,Watchguard,WGCLG353,22958.00,29127.00
NWG-WG460101,Cloud  Server Security,WatchGuard WebBlocker 1-yr for Firebox M4600,https://www.leadersystems.com.au/Images/NWG-WG460101.jpg,Watchguard,WG460101,4546.00,5768.00
NWG-WG460121,Subscriptions  Licensing,WatchGuard Gateway AntiVirus 1-yr for Firebox M4600,https://www.leadersystems.com.au/Images/NWG-WG460121.jpg,Watchguard,WG460121,4546.00,5768.00
NWG-WG460141,Subscriptions  Licensing,WatchGuard Reputation Enabled Defense 1-yr for Firebox M4600,https://www.leadersystems.com.au/Images/NWG-WG460141.jpg,Watchguard,WG460141,4546.00,5768.00
NWG-MSS019530,Subscriptions  Licensing,WatchGuard MSSP 50000 Pre Pay Points,https://www.leadersystems.com.au/Images/NWG-MSS019530.jpg,Watchguard,MSS019530,62292.00,93079.00
NWG-WG460111,Email Security,WatchGuard spamBlocker 1-yr for Firebox M4600,https://www.leadersystems.com.au/Images/NWG-WG460111.jpg,Watchguard,WG460111,4546.00,5768.00
NWG-WGVXL033,Firewalls  Network Security,WatchGuard FireboxV XLarge with 3-yr Basic Security Suite,https://www.leadersystems.com.au/Images/NWG-WGVXL033.jpg,Watchguard,WGVXL033,30016.00,41392.00
NWG-WG460131,Subscriptions  Licensing,WatchGuard Intrusion Prevention Service 1-yr for Firebox M4600,https://www.leadersystems.com.au/Images/NWG-WG460131.jpg,Watchguard,WG460131,4546.00,5768.00
NWG-WG561101,Cloud  Server Security,WatchGuard WebBlocker 1-yr for Firebox M5600,https://www.leadersystems.com.au/Images/NWG-WG561101.jpg,Watchguard,WG561101,11507.00,14599.00
NWG-WG561261,Subscriptions  Licensing,WatchGuard Gold Support Renewal/Upgrade 1-yr for Firebox M5600,https://www.leadersystems.com.au/Images/NWG-WG561261.jpg,Watchguard,WG561261,11408.00,14473.00
NWG-WG561111,Email Security,WatchGuard spamBlocker 1-yr for Firebox M5600,https://www.leadersystems.com.au/Images/NWG-WG561111.jpg,Watchguard,WG561111,11507.00,14599.00
NWG-WG460331,Subscriptions  Licensing,WatchGuard Basic Security Suite Renewal/Upgrade 1-yr for Firebox M4600,https://www.leadersystems.com.au/Images/NWG-WG460331.jpg,Watchguard,WG460331,10708.00,13585.00
NWG-WG561201,Subscriptions  Licensing,WatchGuard Standard Support Renewal 1-yr for Firebox M5600,https://www.leadersystems.com.au/Images/NWG-WG561201.jpg,Watchguard,WG561201,8893.00,11283.00
NWG-WGCME331,Subscriptions  Licensing,WatchGuard Basic Security Suite Renewal/Upgrade 1-yr for Firebox Cloud Medium,https://www.leadersystems.com.au/Images/NWG-WGCME331.jpg,Watchguard,WGCME331,2183.00,2720.00
NWG-WGCLG331,Subscriptions  Licensing,WatchGuard Basic Security Suite Renewal/Upgrade 1-yr for Firebox Cloud Large,https://www.leadersystems.com.au/Images/NWG-WGCLG331.jpg,Watchguard,WGCLG331,4651.00,5901.00
NWG-WGCLG203,Subscriptions  Licensing,WatchGuard Standard Support Renewal 3-yr for Firebox Cloud Large,https://www.leadersystems.com.au/Images/NWG-WGCLG203.jpg,Watchguard,WGCLG203,3555.00,4510.00
NWG-WGCXL351,Subscriptions  Licensing,WatchGuard Total Security Suite Renewal/Upgrade 1-yr for Firebox Cloud XLarge,https://www.leadersystems.com.au/Images/NWG-WGCXL351.jpg,Watchguard,WGCXL351,19682.00,24970.00
NWG-WGCXL203,Subscriptions  Licensing,WatchGuard Standard Support Renewal 3-yr for Firebox Cloud XLarge,https://www.leadersystems.com.au/Images/NWG-WGCXL203.jpg,Watchguard,WGCXL203,7079.00,8981.00
NWG-WGVSM351,Subscriptions  Licensing,WatchGuard Total Security Suite Renewal/Upgrade 1-yr for FireboxV Small,https://www.leadersystems.com.au/Images/NWG-WGVSM351.jpg,Watchguard,WGVSM351,1990.00,2479.00
NWG-WGVSM333,Subscriptions  Licensing,WatchGuard Basic Security Suite Renewal/Upgrade 3-yr for FireboxV Small,https://www.leadersystems.com.au/Images/NWG-WGVSM333.jpg,Watchguard,WGVSM333,2176.00,2712.00
NWG-WGVME353,Subscriptions  Licensing,WatchGuard Total Security Suite Renewal/Upgrade 3-yr for FireboxV Medium,https://www.leadersystems.com.au/Images/NWG-WGVME353.jpg,Watchguard,WGVME353,10764.00,13410.00
NWG-WG561121,Subscriptions  Licensing,WatchGuard Gateway AntiVirus 1-yr for Firebox M5600,https://www.leadersystems.com.au/Images/NWG-WG561121.jpg,Watchguard,WG561121,11507.00,14599.00
NWG-WGM44181,Subscriptions  Licensing,WatchGuard Network Discovery 1-yr for Firebox M440,https://www.leadersystems.com.au/Images/NWG-WGM44181.jpg,Watchguard,WGM44181,2366.00,3002.00
NWG-WGCLG261,Subscriptions  Licensing,WatchGuard Gold Support Renewal/Upgrade 1-yr for Firebox Cloud Large,https://www.leadersystems.com.au/Images/NWG-WGCLG261.jpg,Watchguard,WGCLG261,2254.00,2860.00
NWG-WGCLG131,Subscriptions  Licensing,WatchGuard Intrusion Prevention Service 1-yr for Firebox Cloud Large,https://www.leadersystems.com.au/Images/NWG-WGCLG131.jpg,Watchguard,WGCLG131,2267.00,2876.00
NWG-WGCXL173,Cloud  Server Security,WatchGuard APT Blocker 3-yr for Firebox Cloud XLarge,https://www.leadersystems.com.au/Images/NWG-WGCXL173.jpg,Watchguard,WGCXL173,10863.00,13782.00
NWG-WGCXL141,Subscriptions  Licensing,WatchGuard Reputation Enabled Defense 1-yr for Firebox Cloud XLarge,https://www.leadersystems.com.au/Images/NWG-WGCXL141.jpg,Watchguard,WGCXL141,4521.00,5736.00
NWG-WGVSM201,Subscriptions  Licensing,WatchGuard Standard Support Renewal 1-yr for FireboxV Small,https://www.leadersystems.com.au/Images/NWG-WGVSM201.jpg,Watchguard,WGVSM201,303.00,379.00
NWG-WGVSM141,Subscriptions  Licensing,WatchGuard Reputation Enabled Defense 1-yr for FireboxV Small,https://www.leadersystems.com.au/Images/NWG-WGVSM141.jpg,Watchguard,WGVSM141,460.00,574.00
NWG-WGVME203,Subscriptions  Licensing,WatchGuard Standard Support Renewal 3-yr for FireboxV Medium,https://www.leadersystems.com.au/Images/NWG-WGVME203.jpg,Watchguard,WGVME203,1667.00,2077.00
NWG-WGVLG331,Subscriptions  Licensing,WatchGuard Basic Security Suite Renewal/Upgrade 1-yr for FireboxV Large,https://www.leadersystems.com.au/Images/NWG-WGVLG331.jpg,Watchguard,WGVLG331,4385.00,5563.00
NWG-WGCME523,Subscriptions  Licensing,WatchGuard Cloud 1-month data retention for Firebox Cloud Medium - 3-yr,https://www.leadersystems.com.au/Images/NWG-WGCME523.jpg,Watchguard,WGCME523,3202.00,3990.00
NWG-WGCME521,Subscriptions  Licensing,WatchGuard Cloud 1-month data retention for Firebox Cloud Medium - 1-yr,https://www.leadersystems.com.au/Images/NWG-WGCME521.jpg,Watchguard,WGCME521,1070.00,1333.00
NWG-WGM57521,Subscriptions  Licensing,WatchGuard Cloud 1-month data retention for M570 - 1-yr,https://www.leadersystems.com.au/Images/NWG-WGM57521.jpg,Watchguard,WGM57521,2071.00,2580.00
NWG-MSS019526,Subscriptions  Licensing,WatchGuard MSSP 10000 Pre Pay Points,https://www.leadersystems.com.au/Images/NWG-MSS019526.jpg,Watchguard,MSS019526,12437.00,15715.00
NWG-MSS019525,Subscriptions  Licensing,WatchGuard MSSP 1000 Pre Pay Points,https://www.leadersystems.com.au/Images/NWG-MSS019525.jpg,Watchguard,MSS019525,1244.00,1572.00
NWG-WG460201,Subscriptions  Licensing,WatchGuard Standard Support Renewal 1-yr for Firebox M4600,https://www.leadersystems.com.au/Images/NWG-WG460201.jpg,Watchguard,WG460201,3512.00,4455.00
NWG-WG460261,Subscriptions  Licensing,WatchGuard Gold Support Renewal/Upgrade 1-yr for Firebox M4600,https://www.leadersystems.com.au/Images/NWG-WG460261.jpg,Watchguard,WG460261,4509.00,5720.00
NWG-WG561141,Subscriptions  Licensing,WatchGuard Reputation Enabled Defense 1-yr for Firebox M5600,https://www.leadersystems.com.au/Images/NWG-WG561141.jpg,Watchguard,WG561141,11507.00,14599.00
NWG-WG561301,Subscriptions  Licensing,WatchGuard NGFW Suite Renewal/Upgrade 1-yr for Firebox M5600,https://www.leadersystems.com.au/Images/NWG-WG561301.jpg,Watchguard,WG561301,18704.00,23729.00
NWG-WGVLG151,Subscriptions  Licensing,WatchGuard Application Control 1-yr for FireboxV Large,https://www.leadersystems.com.au/Images/NWG-WGVLG151.jpg,Watchguard,WGVLG151,2267.00,2876.00
NWG-WGVXL171,Cloud  Server Security,WatchGuard APT Blocker 1-yr for FireboxV XLarge,https://www.leadersystems.com.au/Images/NWG-WGVXL171.jpg,Watchguard,WGVXL171,4521.00,5736.00
NWG-WGVXL141,Subscriptions  Licensing,WatchGuard Reputation Enabled Defense 1-yr for FireboxV XLarge,https://www.leadersystems.com.au/Images/NWG-WGVXL141.jpg,Watchguard,WGVXL141,4521.00,5736.00
NWG-WGM37131,Subscriptions  Licensing,WatchGuard Intrusion Prevention Service 1-yr for Firebox M370,https://www.leadersystems.com.au/Images/NWG-WGM37131.jpg,Watchguard,WGM37131,821.00,1023.00
NWG-WGM47331,Subscriptions  Licensing,WatchGuard Basic Security Suite Renewal/Upgrade 1-yr for M470,https://www.leadersystems.com.au/Images/NWG-WGM47331.jpg,Watchguard,WGM47331,3364.00,4191.00
NWG-WG561331,Subscriptions  Licensing,WatchGuard Basic Security Suite Renewal/Upgrade 1-yr for Firebox M5600,https://www.leadersystems.com.au/Images/NWG-WG561331.jpg,Watchguard,WG561331,27120.00,34407.00
NWG-WG460181,Subscriptions  Licensing,WatchGuard Network Discovery 1-yr for Firebox M4600,https://www.leadersystems.com.au/Images/NWG-WG460181.jpg,Watchguard,WG460181,4546.00,5768.00
NWG-WGM57141,Subscriptions  Licensing,WatchGuard Reputation Enabled Defense 1-yr for Firebox M570,https://www.leadersystems.com.au/Images/NWG-WGM57141.jpg,Watchguard,WGM57141,2071.00,2580.00
NWG-WGM67131,Subscriptions  Licensing,WatchGuard Intrusion Prevention Service 1-yr for Firebox M670,https://www.leadersystems.com.au/Images/NWG-WGM67131.jpg,Watchguard,WGM67131,2873.00,3579.00
NWG-WGCSM121,Subscriptions  Licensing,WatchGuard Gateway AntiVirus 1-yr for Firebox Cloud Small,https://www.leadersystems.com.au/Images/NWG-WGCSM121.jpg,Watchguard,WGCSM121,460.00,574.00
NWG-WGCME121,Subscriptions  Licensing,WatchGuard Gateway AntiVirus 1-yr for Firebox Cloud Medium,https://www.leadersystems.com.au/Images/NWG-WGCME121.jpg,Watchguard,WGCME121,1070.00,1333.00
NWG-WGCLG171,Cloud  Server Security,WatchGuard APT Blocker 1-yr for Firebox Cloud Large,https://www.leadersystems.com.au/Images/NWG-WGCLG171.jpg,Watchguard,WGCLG171,2267.00,2876.00
NWG-WGCLG121,Subscriptions  Licensing,WatchGuard Gateway AntiVirus 1-yr for Firebox Cloud Large,https://www.leadersystems.com.au/Images/NWG-WGCLG121.jpg,Watchguard,WGCLG121,2267.00,2876.00
NWG-WGCXL171,Cloud  Server Security,WatchGuard APT Blocker 1-yr for Firebox Cloud XLarge,https://www.leadersystems.com.au/Images/NWG-WGCXL171.jpg,Watchguard,WGCXL171,4521.00,5736.00
NWG-WGVSM171,Cloud  Server Security,WatchGuard APT Blocker 1-yr for FireboxV Small,https://www.leadersystems.com.au/Images/NWG-WGVSM171.jpg,Watchguard,WGVSM171,458.00,582.00
NWG-WGVME261,Subscriptions  Licensing,WatchGuard Gold Support Renewal/Upgrade 1-yr for FireboxV Medium,https://www.leadersystems.com.au/Images/NWG-WGVME261.jpg,Watchguard,WGVME261,1055.00,1314.00
NWG-WGVME171,Cloud  Server Security,WatchGuard APT Blocker 1-yr for FireboxV Medium,https://www.leadersystems.com.au/Images/NWG-WGVME171.jpg,Watchguard,WGVME171,1065.00,1352.00
NWG-WGVLG201,Subscriptions  Licensing,WatchGuard Standard Support Renewal 1-yr for FireboxV Large,https://www.leadersystems.com.au/Images/NWG-WGVLG201.jpg,Watchguard,WGVLG201,1437.00,1823.00
NWG-WGMRA503,Firewalls  Network Security,WatchGuard Dimension Command 3-yr for Mid-Range Appliance,https://www.leadersystems.com.au/Images/NWG-WGMRA503.jpg,Watchguard,WGMRA503,616.00,767.00
NWG-WGCSM351,Subscriptions  Licensing,WatchGuard Total Security Suite Renewal/Upgrade 1-yr for Firebox Cloud Small,https://www.leadersystems.com.au/Images/NWG-WGCSM351.jpg,Watchguard,WGCSM351,1990.00,2479.00
NWG-WGCSM263,Subscriptions  Licensing,WatchGuard Gold Support Renewal/Upgrade 3-yr for Firebox Cloud Small,https://www.leadersystems.com.au/Images/NWG-WGCSM263.jpg,Watchguard,WGCSM263,1056.00,1316.00
NWG-WGCSM173,Cloud  Server Security,WatchGuard APT Blocker 3-yr for Firebox Cloud Small,https://www.leadersystems.com.au/Images/NWG-WGCSM173.jpg,Watchguard,WGCSM173,1094.00,1364.00
NWG-WGCME131,Subscriptions  Licensing,WatchGuard Intrusion Prevention Service 1-yr for Firebox Cloud Medium,https://www.leadersystems.com.au/Images/NWG-WGCME131.jpg,Watchguard,WGCME131,1070.00,1333.00
NWG-WGCME151,Subscriptions  Licensing,WatchGuard Application Control 1-yr for Firebox Cloud Medium,https://www.leadersystems.com.au/Images/NWG-WGCME151.jpg,Watchguard,WGCME151,1070.00,1333.00
NWG-WGCLG263,Subscriptions  Licensing,WatchGuard Gold Support Renewal/Upgrade 3-yr for Firebox Cloud Large,https://www.leadersystems.com.au/Images/NWG-WGCLG263.jpg,Watchguard,WGCLG263,5239.00,6648.00
NWG-WGCLG173,Cloud  Server Security,WatchGuard APT Blocker 3-yr for Firebox Cloud Large,https://www.leadersystems.com.au/Images/NWG-WGCLG173.jpg,Watchguard,WGCLG173,5450.00,6915.00
NWG-WGVME351,Subscriptions  Licensing,WatchGuard Total Security Suite Renewal/Upgrade 1-yr for FireboxV Medium,https://www.leadersystems.com.au/Images/NWG-WGVME351.jpg,Watchguard,WGVME351,4633.00,5772.00
NWG-WGVME131,Subscriptions  Licensing,WatchGuard Intrusion Prevention Service 1-yr for FireboxV Medium,https://www.leadersystems.com.au/Images/NWG-WGVME131.jpg,Watchguard,WGVME131,1070.00,1333.00
NWG-WGVME181,Subscriptions  Licensing,WatchGuard Network Discovery 1-yr for FireboxV Medium,https://www.leadersystems.com.au/Images/NWG-WGVME181.jpg,Watchguard,WGVME181,1070.00,1333.00
NWG-WGVLG111,Email Security,WatchGuard spamBlocker 1-yr for FireboxV Large,https://www.leadersystems.com.au/Images/NWG-WGVLG111.jpg,Watchguard,WGVLG111,2267.00,2876.00
NWG-WGVLG121,Subscriptions  Licensing,WatchGuard Gateway AntiVirus 1-yr for FireboxV Large,https://www.leadersystems.com.au/Images/NWG-WGVLG121.jpg,Watchguard,WGVLG121,2267.00,2876.00
NWG-WGVXL101,Cloud  Server Security,WatchGuard WebBlocker 1-yr for FireboxV XLarge,https://www.leadersystems.com.au/Images/NWG-WGVXL101.jpg,Watchguard,WGVXL101,4521.00,5736.00
NWG-WGVXL111,Email Security,WatchGuard spamBlocker 1-yr for FireboxV XLarge,https://www.leadersystems.com.au/Images/NWG-WGVXL111.jpg,Watchguard,WGVXL111,4521.00,5736.00
NWG-WGM47261,Subscriptions  Licensing,WatchGuard Gold Support Renewal/Upgrade 1-yr for Firebox M470,https://www.leadersystems.com.au/Images/NWG-WGM47261.jpg,Watchguard,WGM47261,1318.00,1643.00
NWG-WGCSM101,Cloud  Server Security,WatchGuard WebBlocker 1-yr for Firebox Cloud Small,https://www.leadersystems.com.au/Images/NWG-WGCSM101.jpg,Watchguard,WGCSM101,460.00,574.00
NWG-WGCME101,Cloud  Server Security,WatchGuard WebBlocker 1-yr for Firebox Cloud Medium,https://www.leadersystems.com.au/Images/NWG-WGCME101.jpg,Watchguard,WGCME101,1070.00,1333.00
NWG-WGCLG101,Cloud  Server Security,WatchGuard WebBlocker 1-yr for Firebox Cloud Large,https://www.leadersystems.com.au/Images/NWG-WGCLG101.jpg,Watchguard,WGCLG101,2267.00,2876.00
NWG-WGCXL101,Cloud  Server Security,WatchGuard WebBlocker 1-yr for Firebox Cloud XLarge,https://www.leadersystems.com.au/Images/NWG-WGCXL101.jpg,Watchguard,WGCXL101,4521.00,5736.00
NWG-WGVSM101,Cloud  Server Security,WatchGuard WebBlocker 1-yr for FireboxV Small,https://www.leadersystems.com.au/Images/NWG-WGVSM101.jpg,Watchguard,WGVSM101,460.00,574.00
NWG-WGVME173,Cloud  Server Security,WatchGuard APT Blocker 3-yr for FireboxV Medium,https://www.leadersystems.com.au/Images/NWG-WGVME173.jpg,Watchguard,WGVME173,2539.00,3222.00
NWG-WGVLG203,Subscriptions  Licensing,WatchGuard Standard Support Renewal 3-yr for FireboxV Large,https://www.leadersystems.com.au/Images/NWG-WGVLG203.jpg,Watchguard,WGVLG203,3456.00,4385.00
NWG-WGVLG263,Subscriptions  Licensing,WatchGuard Gold Support Renewal/Upgrade 3-yr for FireboxV Large,https://www.leadersystems.com.au/Images/NWG-WGVLG263.jpg,Watchguard,WGVLG263,5091.00,6459.00
NWG-WGVXL333,Subscriptions  Licensing,WatchGuard Basic Security Suite Renewal/Upgrade 3-yr for FireboxV XLarge,https://www.leadersystems.com.au/Images/NWG-WGVXL333.jpg,Watchguard,WGVXL333,21590.00,27390.00
NWG-WGM57201,Subscriptions  Licensing,WatchGuard Standard Support Renewal 1-yr for Firebox M570,https://www.leadersystems.com.au/Images/NWG-WGM57201.jpg,Watchguard,WGM57201,1604.00,1999.00
NWG-WGM67351,Subscriptions  Licensing,WatchGuard Total Security Suite Renewal/Upgrade 1-yr for Firebox M670,https://www.leadersystems.com.au/Images/NWG-WGM67351.jpg,Watchguard,WGM67351,14632.00,18228.00
NWG-WGWFC241,Subscriptions  Licensing,"WatchGuard 1-yr Secure Wi-Fi Renewal/Upgrade, 1 AP",https://www.leadersystems.com.au/Images/NWG-WGWFC241.jpg,Watchguard,WGWFC241,168.00,210.00
NWG-WGT15171,Cloud  Server Security,WatchGuard APT Blocker 1-yr for Firebox T15,https://www.leadersystems.com.au/Images/NWG-WGT15171.jpg,Watchguard,WGT15171,137.00,171.00
NWG-WGT15331,Subscriptions  Licensing,WatchGuard Basic Security Suite Renewal/Upgrade 1-yr for Firebox T15,https://www.leadersystems.com.au/Images/NWG-WGT15331.jpg,Watchguard,WGT15331,284.00,354.00
NWG-WGVLG261,Subscriptions  Licensing,WatchGuard Gold Support Renewal/Upgrade 1-yr for FireboxV Large,https://www.leadersystems.com.au/Images/NWG-WGVLG261.jpg,Watchguard,WGVLG261,2124.00,2695.00
NWG-WGVXL331,Subscriptions  Licensing,WatchGuard Basic Security Suite Renewal/Upgrade 1-yr for FireboxV XLarge,https://www.leadersystems.com.au/Images/NWG-WGVXL331.jpg,Watchguard,WGVXL331,9284.00,11778.00
NWG-WGVXL201,Subscriptions  Licensing,WatchGuard Standard Support Renewal 1-yr for FireboxV XLarge,https://www.leadersystems.com.au/Images/NWG-WGVXL201.jpg,Watchguard,WGVXL201,3041.00,3858.00
NWG-WGM37351,Subscriptions  Licensing,WatchGuard Total Security Suite Renewal/Upgrade 1-yr for Firebox M370,https://www.leadersystems.com.au/Images/NWG-WGM37351.jpg,Watchguard,WGM37351,4172.00,5198.00
NWG-WGM37331,Subscriptions  Licensing,WatchGuard Basic Security Suite Renewal/Upgrade 1-yr for Firebox M370,https://www.leadersystems.com.au/Images/NWG-WGM37331.jpg,Watchguard,WGM37331,2058.00,2565.00
NWG-WG561351,Subscriptions  Licensing,WatchGuard Total Security Suite Renewal/Upgrade 1-yr for Firebox M5600,https://www.leadersystems.com.au/Images/NWG-WG561351.jpg,Watchguard,WG561351,58386.00,78019.00
NWG-WGCSM141,Subscriptions  Licensing,WatchGuard Reputation Enabled Defense 1-yr for Firebox Cloud Small,https://www.leadersystems.com.au/Images/NWG-WGCSM141.jpg,Watchguard,WGCSM141,460.00,574.00
NWG-WGCME353,Subscriptions  Licensing,WatchGuard Total Security Suite Renewal/Upgrade 3-yr for Firebox Cloud Medium,https://www.leadersystems.com.au/Images/NWG-WGCME353.jpg,Watchguard,WGCME353,10776.00,13425.00
NWG-WGCME261,Subscriptions  Licensing,WatchGuard Gold Support Renewal/Upgrade 1-yr for Firebox Cloud Medium,https://www.leadersystems.com.au/Images/NWG-WGCME261.jpg,Watchguard,WGCME261,1055.00,1314.00
NWG-WGCME171,Cloud  Server Security,WatchGuard APT Blocker 1-yr for Firebox Cloud Medium,https://www.leadersystems.com.au/Images/NWG-WGCME171.jpg,Watchguard,WGCME171,1070.00,1333.00
NWG-WGM67181,Subscriptions  Licensing,WatchGuard Network Discovery 1-yr for Firebox M670,https://www.leadersystems.com.au/Images/NWG-WGM67181.jpg,Watchguard,WGM67181,2873.00,3579.00
NWG-WGT15201,Subscriptions  Licensing,WatchGuard Standard Support Renewal 1-yr for Firebox T15,https://www.leadersystems.com.au/Images/NWG-WGT15201.jpg,Watchguard,WGT15201,93.00,116.00
NWG-WGT16201,Subscriptions  Licensing,WatchGuard Standard Support Renewal 1-yr for Firebox T15-W,https://www.leadersystems.com.au/Images/NWG-WGT16201.jpg,Watchguard,WGT16201,119.00,148.00
NWG-WGT16151,Subscriptions  Licensing,WatchGuard Application Control 1-yr for Firebox T15-W,https://www.leadersystems.com.au/Images/NWG-WGT16151.jpg,Watchguard,WGT16151,174.00,217.00
NWG-WGVXL203,Subscriptions  Licensing,WatchGuard Standard Support Renewal 3-yr for FireboxV XLarge,https://www.leadersystems.com.au/Images/NWG-WGVXL203.jpg,Watchguard,WGVXL203,7079.00,8981.00
NWG-WGM37151,Subscriptions  Licensing,WatchGuard Application Control 1-yr for Firebox M370,https://www.leadersystems.com.au/Images/NWG-WGM37151.jpg,Watchguard,WGM37151,821.00,1023.00
NWG-WGM47131,Subscriptions  Licensing,WatchGuard Intrusion Prevention Service 1-yr for M470,https://www.leadersystems.com.au/Images/NWG-WGM47131.jpg,Watchguard,WGM47131,1331.00,1658.00
NWG-WGM37141,Subscriptions  Licensing,WatchGuard Reputation Enabled Defense 1-yr for Firebox M370,https://www.leadersystems.com.au/Images/NWG-WGM37141.jpg,Watchguard,WGM37141,821.00,1023.00
NWG-WGM37181,Subscriptions  Licensing,WatchGuard Network Discovery 1-yr for Firebox M370,https://www.leadersystems.com.au/Images/NWG-WGM37181.jpg,Watchguard,WGM37181,821.00,1023.00
NWG-WGT15351,Subscriptions  Licensing,WatchGuard Total Security Suite Renewal/Upgrade 1-yr for Firebox T15,https://www.leadersystems.com.au/Images/NWG-WGT15351.jpg,Watchguard,WGT15351,600.00,748.00
NWG-WGT16171,Cloud  Server Security,WatchGuard APT Blocker 1-yr for Firebox T15-W,https://www.leadersystems.com.au/Images/NWG-WGT16171.jpg,Watchguard,WGT16171,174.00,217.00
NWG-WGM47151,Subscriptions  Licensing,WatchGuard Application Control 1-yr for M470,https://www.leadersystems.com.au/Images/NWG-WGM47151.jpg,Watchguard,WGM47151,1331.00,1658.00
NWG-WGM57121,Subscriptions  Licensing,WatchGuard Gateway AntiVirus 1-yr for Firebox M570,https://www.leadersystems.com.au/Images/NWG-WGM57121.jpg,Watchguard,WGM57121,2071.00,2580.00
NWG-WGCXL131,Subscriptions  Licensing,WatchGuard Intrusion Prevention Service 1-yr for Firebox Cloud XLarge,https://www.leadersystems.com.au/Images/NWG-WGCXL131.jpg,Watchguard,WGCXL131,4521.00,5736.00
NWG-WGCXL151,Subscriptions  Licensing,WatchGuard Application Control 1-yr for Firebox Cloud XLarge,https://www.leadersystems.com.au/Images/NWG-WGCXL151.jpg,Watchguard,WGCXL151,4533.00,5752.00
NWG-WGVSM263,Subscriptions  Licensing,WatchGuard Gold Support Renewal/Upgrade 3-yr for FireboxV Small,https://www.leadersystems.com.au/Images/NWG-WGVSM263.jpg,Watchguard,WGVSM263,1056.00,1316.00
NWG-WGVSM173,Cloud  Server Security,WatchGuard APT Blocker 3-yr for FireboxV Small,https://www.leadersystems.com.au/Images/NWG-WGVSM173.jpg,Watchguard,WGVSM173,1090.00,1383.00
NWG-WGVME101,Cloud  Server Security,WatchGuard WebBlocker 1-yr for FireboxV Medium,https://www.leadersystems.com.au/Images/NWG-WGVME101.jpg,Watchguard,WGVME101,1070.00,1333.00
NWG-WGVME121,Subscriptions  Licensing,WatchGuard Gateway AntiVirus 1-yr for FireboxV Medium,https://www.leadersystems.com.au/Images/NWG-WGVME121.jpg,Watchguard,WGVME121,1070.00,1333.00
NWG-WGVLG353,Subscriptions  Licensing,WatchGuard Total Security Suite Renewal/Upgrade 3-yr for FireboxV Large,https://www.leadersystems.com.au/Images/NWG-WGVLG353.jpg,Watchguard,WGVLG353,22333.00,28333.00
NWG-WGVLG333,Subscriptions  Licensing,WatchGuard Basic Security Suite Renewal/Upgrade 3-yr for FireboxV Large,https://www.leadersystems.com.au/Images/NWG-WGVLG333.jpg,Watchguard,WGVLG333,10541.00,13373.00
NWG-WGM47351,Subscriptions  Licensing,WatchGuard Total Security Suite Renewal/Upgrade 1-yr for M470,https://www.leadersystems.com.au/Images/NWG-WGM47351.jpg,Watchguard,WGM47351,6809.00,8483.00
NWG-WGM47111,Email Security,WatchGuard spamBlocker 1-yr for M470,https://www.leadersystems.com.au/Images/NWG-WGM47111.jpg,Watchguard,WGM47111,1337.00,1666.00
NWG-WG35R351,Subscriptions  Licensing,WatchGuard Total Security Suite Renewal/Upgrade 1-yr for Firebox T35-Rugged,https://www.leadersystems.com.au/Images/NWG-WG35R351.jpg,Watchguard,WG35R351,3035.00,3850.00
NWG-WGM57131,Subscriptions  Licensing,WatchGuard Intrusion Prevention Service 1-yr for Firebox M570,https://www.leadersystems.com.au/Images/NWG-WGM57131.jpg,Watchguard,WGM57131,2071.00,2580.00
NWG-WGM67121,Subscriptions  Licensing,WatchGuard Gateway AntiVirus 1-yr for Firebox M670,https://www.leadersystems.com.au/Images/NWG-WGM67121.jpg,Watchguard,WGM67121,2873.00,3579.00
NWG-WGM27111,Email Security,WatchGuard spamBlocker 1-yr for Firebox M270,https://www.leadersystems.com.au/Images/NWG-WGM27111.jpg,Watchguard,WGM27111,628.00,783.00
NWG-WGCSM641,Firewalls  Network Security,WatchGuard Firebox Cloud Small with 1-yr Total Security Suite,https://www.leadersystems.com.au/Images/NWG-WGCSM641.jpg,Watchguard,WGCSM641,2918.00,3951.00
NWG-WGCSM001,Firewalls  Network Security,WatchGuard Firebox Cloud Small with 1-yr Standard Support - Only available to WGOne Silver/Gold Partners,https://www.leadersystems.com.au/Images/NWG-WGCSM001.jpg,Watchguard,WGCSM001,1396.00,1891.00
NWG-WGCME031,Firewalls  Network Security,WatchGuard Firebox Cloud Medium with 1-yr Basic Security Suite,https://www.leadersystems.com.au/Images/NWG-WGCME031.jpg,Watchguard,WGCME031,4405.00,5965.00
NWG-WGCLG643,Firewalls  Network Security,WatchGuard Firebox Cloud Large with 3-yr Total Security Suite,https://www.leadersystems.com.au/Images/NWG-WGCLG643.jpg,Watchguard,WGCLG643,26529.00,36583.00
NWG-WGM47141,Subscriptions  Licensing,WatchGuard Reputation Enabled Defense 1-yr for M470,https://www.leadersystems.com.au/Images/NWG-WGM47141.jpg,Watchguard,WGM47141,1331.00,1658.00
NWG-WGM57101,Cloud  Server Security,WatchGuard WebBlocker 1-yr for Firebox M570,https://www.leadersystems.com.au/Images/NWG-WGM57101.jpg,Watchguard,WGM57101,2071.00,2580.00
NWG-WGT15121,Subscriptions  Licensing,WatchGuard Gateway AntiVirus 1-yr for Firebox T15,https://www.leadersystems.com.au/Images/NWG-WGT15121.jpg,Watchguard,WGT15121,137.00,171.00
NWG-WGT15141,Subscriptions  Licensing,WatchGuard Reputation Enabled Defense 1-yr for Firebox T15,https://www.leadersystems.com.au/Images/NWG-WGT15141.jpg,Watchguard,WGT15141,137.00,171.00
NWG-WGCLG141,Subscriptions  Licensing,WatchGuard Reputation Enabled Defense 1-yr for Firebox Cloud Large,https://www.leadersystems.com.au/Images/NWG-WGCLG141.jpg,Watchguard,WGCLG141,2267.00,2876.00
NWG-WGCXL353,Subscriptions  Licensing,WatchGuard Total Security Suite Renewal/Upgrade 3-yr for Firebox Cloud XLarge,https://www.leadersystems.com.au/Images/NWG-WGCXL353.jpg,Watchguard,WGCXL353,45780.00,67782.00
NWG-WGCXL201,Subscriptions  Licensing,WatchGuard Standard Support Renewal 1-yr for Firebox Cloud XLarge,https://www.leadersystems.com.au/Images/NWG-WGCXL201.jpg,Watchguard,WGCXL201,3041.00,3858.00
NWG-WGCXL261,Subscriptions  Licensing,WatchGuard Gold Support Renewal/Upgrade 1-yr for Firebox Cloud XLarge,https://www.leadersystems.com.au/Images/NWG-WGCXL261.jpg,Watchguard,WGCXL261,4496.00,5705.00
NWG-WGVSM111,Email Security,WatchGuard spamBlocker 1-yr for FireboxV Small,https://www.leadersystems.com.au/Images/NWG-WGVSM111.jpg,Watchguard,WGVSM111,460.00,574.00
NWG-WGVSM131,Subscriptions  Licensing,WatchGuard Intrusion Prevention Service 1-yr for FireboxV Small,https://www.leadersystems.com.au/Images/NWG-WGVSM131.jpg,Watchguard,WGVSM131,460.00,574.00
NWG-WGVME331,Subscriptions  Licensing,WatchGuard Basic Security Suite Renewal/Upgrade 1-yr for FireboxV Medium,https://www.leadersystems.com.au/Images/NWG-WGVME331.jpg,Watchguard,WGVME331,2183.00,2720.00
NWG-WGVME201,Subscriptions  Licensing,WatchGuard Standard Support Renewal 1-yr for FireboxV Medium,https://www.leadersystems.com.au/Images/NWG-WGVME201.jpg,Watchguard,WGVME201,719.00,896.00
NWG-WGM57111,Email Security,WatchGuard spamBlocker 1-yr for Firebox M570,https://www.leadersystems.com.au/Images/NWG-WGM57111.jpg,Watchguard,WGM57111,2071.00,2580.00
NWG-WGM67101,Cloud  Server Security,WatchGuard WebBlocker 1-yr for Firebox M670,https://www.leadersystems.com.au/Images/NWG-WGM67101.jpg,Watchguard,WGM67101,2873.00,3579.00
NWG-WGVXL263,Subscriptions  Licensing,WatchGuard Gold Support Renewal/Upgrade 3-yr for FireboxV XLarge,https://www.leadersystems.com.au/Images/NWG-WGVXL263.jpg,Watchguard,WGVXL263,10448.00,13255.00
NWG-WGVXL173,Cloud  Server Security,WatchGuard APT Blocker 3-yr for FireboxV XLarge,https://www.leadersystems.com.au/Images/NWG-WGVXL173.jpg,Watchguard,WGVXL173,10863.00,13782.00
NWG-WGVXL131,Subscriptions  Licensing,WatchGuard Intrusion Prevention Service 1-yr for FireboxV XLarge,https://www.leadersystems.com.au/Images/NWG-WGVXL131.jpg,Watchguard,WGVXL131,4521.00,5736.00
NWG-WGVXL151,Subscriptions  Licensing,WatchGuard Application Control 1-yr for FireboxV XLarge,https://www.leadersystems.com.au/Images/NWG-WGVXL151.jpg,Watchguard,WGVXL151,4533.00,5752.00
NWG-WGM47121,Subscriptions  Licensing,WatchGuard Gateway AntiVirus 1-yr for M470,https://www.leadersystems.com.au/Images/NWG-WGM47121.jpg,Watchguard,WGM47121,1331.00,1658.00
NWG-WGT16101,Cloud  Server Security,WatchGuard WebBlocker 1-yr for Firebox T15-W,https://www.leadersystems.com.au/Images/NWG-WGT16101.jpg,Watchguard,WGT16101,174.00,217.00
NWG-WGT16121,Subscriptions  Licensing,WatchGuard Gateway AntiVirus 1-yr for Firebox T15-W,https://www.leadersystems.com.au/Images/NWG-WGT16121.jpg,Watchguard,WGT16121,174.00,217.00
NWG-WGT15111,Email Security,WatchGuard spamBlocker 1-yr for Firebox T15,https://www.leadersystems.com.au/Images/NWG-WGT15111.jpg,Watchguard,WGT15111,137.00,171.00
NWG-WGT15131,Subscriptions  Licensing,WatchGuard Intrusion Prevention Service 1-yr for Firebox T15,https://www.leadersystems.com.au/Images/NWG-WGT15131.jpg,Watchguard,WGT15131,137.00,171.00
NWG-WGM57151,Subscriptions  Licensing,WatchGuard Application Control 1-yr for Firebox M570,https://www.leadersystems.com.au/Images/NWG-WGM57151.jpg,Watchguard,WGM57151,2071.00,2580.00
NWG-WGM67201,Subscriptions  Licensing,WatchGuard Standard Support Renewal 1-yr for Firebox M670,https://www.leadersystems.com.au/Images/NWG-WGM67201.jpg,Watchguard,WGM67201,2226.00,2774.00
NWG-WGM27141,Subscriptions  Licensing,WatchGuard Reputation Enabled Defense 1-yr for Firebox M270,https://www.leadersystems.com.au/Images/NWG-WGM27141.jpg,Watchguard,WGM27141,628.00,783.00
NWG-WGM27181,Subscriptions  Licensing,WatchGuard Network Discovery 1-yr for Firebox M270,https://www.leadersystems.com.au/Images/NWG-WGM27181.jpg,Watchguard,WGM27181,628.00,783.00
NWG-WGCME673,Firewalls  Network Security,Trade up to WatchGuard Firebox Cloud Medium with 3-yr Total Security Suite,https://www.leadersystems.com.au/Images/NWG-WGCME673.jpg,Watchguard,WGCME673,11373.00,15400.00
NWG-WGCLG671,Firewalls  Network Security,Trade up to WatchGuard Firebox Cloud Large with 1-yr Total Security Suite,https://www.leadersystems.com.au/Images/NWG-WGCLG671.jpg,Watchguard,WGCLG671,12262.00,16909.00
NWG-WGCXL001,Firewalls  Network Security,WatchGuard Firebox Cloud XLarge with 1-yr Standard Support - Only available to WGOne Silver/Gold Partners,https://www.leadersystems.com.au/Images/NWG-WGCXL001.jpg,Watchguard,WGCXL001,13885.00,19148.00
NWG-WGCXL063,Firewalls  Network Security,Trade up to WatchGuard Firebox Cloud XLarge with 3-yr Basic Security Suite,https://www.leadersystems.com.au/Images/NWG-WGCXL063.jpg,Watchguard,WGCXL063,25856.00,35656.00
NWG-WGVSM061,Firewalls  Network Security,Trade up to WatchGuard FireboxV Small with 1-yr Basic Security Suite,https://www.leadersystems.com.au/Images/NWG-WGVSM061.jpg,Watchguard,WGVSM061,1465.00,1984.00
NWG-WGVME643,Firewalls  Network Security,WatchGuard FireboxV Medium with 3-yr Total Security Suite,https://www.leadersystems.com.au/Images/NWG-WGVME643.jpg,Watchguard,WGVME643,12443.00,16849.00
NWG-WGVLG641,Firewalls  Network Security,WatchGuard FireboxV Large with 1-yr Total Security Suite,https://www.leadersystems.com.au/Images/NWG-WGVLG641.jpg,Watchguard,WGVLG641,14558.00,20075.00
NWG-WGT16111,Email Security,WatchGuard spamBlocker 1-yr for Firebox T15-W,https://www.leadersystems.com.au/Images/NWG-WGT16111.jpg,Watchguard,WGT16111,174.00,217.00
NWG-WGM27351,Subscriptions  Licensing,WatchGuard Total Security Suite Renewal/Upgrade 1-yr for Firebox M270,https://www.leadersystems.com.au/Images/NWG-WGM27351.jpg,Watchguard,WGM27351,3240.00,4036.00
NWG-WGM67261,Subscriptions  Licensing,WatchGuard Gold Support Renewal/Upgrade 1-yr for Firebox M670,https://www.leadersystems.com.au/Images/NWG-WGM67261.jpg,Watchguard,WGM67261,2842.00,3541.00
NWG-WGT15261,Subscriptions  Licensing,WatchGuard Gold Support Renewal/Upgrade 1-yr for Firebox T15,https://www.leadersystems.com.au/Images/NWG-WGT15261.jpg,Watchguard,WGT15261,146.00,182.00
NWG-WGVLG171,Cloud  Server Security,WatchGuard APT Blocker 1-yr for FireboxV Large,https://www.leadersystems.com.au/Images/NWG-WGVLG171.jpg,Watchguard,WGVLG171,2267.00,2876.00
NWG-WGVLG181,Subscriptions  Licensing,WatchGuard Network Discovery 1-yr for FireboxV Large,https://www.leadersystems.com.au/Images/NWG-WGVLG181.jpg,Watchguard,WGVLG181,2267.00,2876.00
NWG-WGVXL351,Subscriptions  Licensing,WatchGuard Total Security Suite Renewal/Upgrade 1-yr for FireboxV XLarge,https://www.leadersystems.com.au/Images/NWG-WGVXL351.jpg,Watchguard,WGVXL351,19682.00,24970.00
NWG-WGM37201,Subscriptions  Licensing,WatchGuard Standard Support Renewal 1-yr for Firebox M370,https://www.leadersystems.com.au/Images/NWG-WGM37201.jpg,Watchguard,WGM37201,640.00,798.00
NWG-WGM37261,Subscriptions  Licensing,WatchGuard Gold Support Renewal/Upgrade 1-yr for Firebox M370,https://www.leadersystems.com.au/Images/NWG-WGM37261.jpg,Watchguard,WGM37261,811.00,1011.00
NWG-WGT15101,Cloud  Server Security,WatchGuard WebBlocker 1-yr for Firebox T15,https://www.leadersystems.com.au/Images/NWG-WGT15101.jpg,Watchguard,WGT15101,137.00,171.00
NWG-WGT16141,Subscriptions  Licensing,WatchGuard Reputation Enabled Defense 1-yr for Firebox T15-W,https://www.leadersystems.com.au/Images/NWG-WGT16141.jpg,Watchguard,WGT16141,174.00,217.00
NWG-WGCLG003,Firewalls  Network Security,WatchGuard Firebox Cloud Large with 3-yr Standard Support - Only available to WGOne Silver/Gold Partners,https://www.leadersystems.com.au/Images/NWG-WGCLG003.jpg,Watchguard,WGCLG003,8814.00,12155.00
NWG-WGCXL033,Firewalls  Network Security,WatchGuard Firebox Cloud XLarge with 3-yr Basic Security Suite,https://www.leadersystems.com.au/Images/NWG-WGCXL033.jpg,Watchguard,WGCXL033,30016.00,41392.00
NWG-WGVSM031,Firewalls  Network Security,WatchGuard FireboxV Small with 1-yr Basic Security Suite,https://www.leadersystems.com.au/Images/NWG-WGVSM031.jpg,Watchguard,WGVSM031,1888.00,2557.00
NWG-WGVLG033,Firewalls  Network Security,WatchGuard FireboxV Large with 3-yr Basic Security Suite,https://www.leadersystems.com.au/Images/NWG-WGVLG033.jpg,Watchguard,WGVLG033,15048.00,20751.00
NWG-WGVXL671,Firewalls  Network Security,Trade up to WatchGuard FireboxV XLarge with 1-yr Total Security Suite,https://www.leadersystems.com.au/Images/NWG-WGVXL671.jpg,Watchguard,WGVXL671,24443.00,33708.00
NWG-WGVXL061,Firewalls  Network Security,Trade up to WatchGuard FireboxV XLarge with 1-yr Basic Security Suite,https://www.leadersystems.com.au/Images/NWG-WGVXL061.jpg,Watchguard,WGVXL061,14581.00,20107.00
NWG-WG8602,Watchguard Accessories,WatchGuard 802.3at PoE+ Injector with AC cord (AU) for all APs,https://www.leadersystems.com.au/Images/NWG-WG8602.jpg,Watchguard,WG8602,85.00,103.00
NWG-WGM37101,Cloud  Server Security,WatchGuard WebBlocker 1-yr for Firebox M370,https://www.leadersystems.com.au/Images/NWG-WGM37101.jpg,Watchguard,WGM37101,821.00,1023.00
NWG-WGM37111,Email Security,WatchGuard spamBlocker 1-yr for Firebox M370,https://www.leadersystems.com.au/Images/NWG-WGM37111.jpg,Watchguard,WGM37111,821.00,1023.00
NWG-WGT16351,Subscriptions  Licensing,WatchGuard Total Security Suite Renewal/Upgrade 1-yr for Firebox T15-W,https://www.leadersystems.com.au/Images/NWG-WGT16351.jpg,Watchguard,WGT16351,745.00,929.00
NWG-WGT16331,Subscriptions  Licensing,WatchGuard Basic Security Suite Renewal/Upgrade 1-yr for Firebox T15-W,https://www.leadersystems.com.au/Images/NWG-WGT16331.jpg,Watchguard,WGT16331,356.00,444.00
NWG-WGM27331,Subscriptions  Licensing,WatchGuard Basic Security Suite Renewal/Upgrade 1-yr for Firebox M270,https://www.leadersystems.com.au/Images/NWG-WGM27331.jpg,Watchguard,WGM27331,1598.00,1991.00
NWG-WGCSM671,Firewalls  Network Security,Trade up to WatchGuard Firebox Cloud Small with 1-yr Total Security Suite,https://www.leadersystems.com.au/Images/NWG-WGCSM671.jpg,Watchguard,WGCSM671,2460.00,3331.00
NWG-WGCSM033,Firewalls  Network Security,WatchGuard Firebox Cloud Small with 3-yr Basic Security Suite,https://www.leadersystems.com.au/Images/NWG-WGCSM033.jpg,Watchguard,WGCSM033,3021.00,4091.00
NWG-WGCME003,Firewalls  Network Security,WatchGuard Firebox Cloud Medium with 3-yr Standard Support - Only available to WGOne Silver/Gold Partners,https://www.leadersystems.com.au/Images/NWG-WGCME003.jpg,Watchguard,WGCME003,4136.00,5601.00
NWG-WGCME063,Firewalls  Network Security,Trade up to WatchGuard Firebox Cloud Medium with 3-yr Basic Security Suite,https://www.leadersystems.com.au/Images/NWG-WGCME063.jpg,Watchguard,WGCME063,6081.00,8235.00
NWG-WGM47181,Subscriptions  Licensing,WatchGuard Network Discovery 1-yr for M470,https://www.leadersystems.com.au/Images/NWG-WGM47181.jpg,Watchguard,WGM47181,1331.00,1658.00
NWG-WGM57351,Subscriptions  Licensing,WatchGuard Total Security Suite Renewal/Upgrade 1-yr for Firebox M570,https://www.leadersystems.com.au/Images/NWG-WGM57351.jpg,Watchguard,WGM57351,10546.00,13139.00
NWG-WGVLG673,Firewalls  Network Security,Trade up to WatchGuard FireboxV Large with 3-yr Total Security Suite,https://www.leadersystems.com.au/Images/NWG-WGVLG673.jpg,Watchguard,WGVLG673,24255.00,33448.00
NWG-WGVXL031,Firewalls  Network Security,WatchGuard FireboxV XLarge with 1-yr Basic Security Suite,https://www.leadersystems.com.au/Images/NWG-WGVXL031.jpg,Watchguard,WGVXL031,18740.00,25843.00
NWG-WGVXL003,Firewalls  Network Security,WatchGuard FireboxV XLarge with 3-yr Standard Support - Only available to WGOne Silver/Gold Partners,https://www.leadersystems.com.au/Images/NWG-WGVXL003.jpg,Watchguard,WGVXL003,17572.00,24232.00
NWG-WGM67111,Email Security,WatchGuard spamBlocker 1-yr for Firebox M670,https://www.leadersystems.com.au/Images/NWG-WGM67111.jpg,Watchguard,WGM67111,2873.00,3579.00
NWG-WGM67141,Subscriptions  Licensing,WatchGuard Reputation Enabled Defense 1-yr for Firebox M670,https://www.leadersystems.com.au/Images/NWG-WGM67141.jpg,Watchguard,WGM67141,2873.00,3579.00
NWG-WGT15151,Subscriptions  Licensing,WatchGuard Application Control 1-yr for Firebox T15,https://www.leadersystems.com.au/Images/NWG-WGT15151.jpg,Watchguard,WGT15151,137.00,171.00
NWG-WGM27201,Subscriptions  Licensing,WatchGuard Standard Support Renewal 1-yr for Firebox M270,https://www.leadersystems.com.au/Images/NWG-WGM27201.jpg,Watchguard,WGM27201,488.00,609.00
NWG-WGCSM031,Firewalls  Network Security,WatchGuard Firebox Cloud Small with 1-yr Basic Security Suite,https://www.leadersystems.com.au/Images/NWG-WGCSM031.jpg,Watchguard,WGCSM031,1888.00,2557.00
NWG-WGCME001,Firewalls  Network Security,WatchGuard Firebox Cloud Medium with 1-yr Standard Support - Only available to WGOne Silver/Gold Partners,https://www.leadersystems.com.au/Images/NWG-WGCME001.jpg,Watchguard,WGCME001,3267.00,4424.00
NWG-WGCME061,Firewalls  Network Security,Trade up to WatchGuard Firebox Cloud Medium with 1-yr Basic Security Suite,https://www.leadersystems.com.au/Images/NWG-WGCME061.jpg,Watchguard,WGCME061,3432.00,4648.00
NWG-WGCXL641,Firewalls  Network Security,WatchGuard Firebox Cloud XLarge with 1-yr Total Security Suite,https://www.leadersystems.com.au/Images/NWG-WGCXL641.jpg,Watchguard,WGCXL641,29019.00,40017.00
NWG-WGVSM641,Firewalls  Network Security,WatchGuard FireboxV Small with 1-yr Total Security Suite,https://www.leadersystems.com.au/Images/NWG-WGVSM641.jpg,Watchguard,WGVSM641,2918.00,3951.00
NWG-WGVSM671,Firewalls  Network Security,Trade up to WatchGuard FireboxV Small with 1-yr Total Security Suite,https://www.leadersystems.com.au/Images/NWG-WGVSM671.jpg,Watchguard,WGVSM671,2460.00,3331.00
NWG-WGVME033,Firewalls  Network Security,WatchGuard FireboxV Medium with 3-yr Basic Security Suite,https://www.leadersystems.com.au/Images/NWG-WGVME033.jpg,Watchguard,WGVME033,7059.00,9560.00
NWG-WGVME003,Firewalls  Network Security,WatchGuard FireboxV Medium with 3-yr Standard Support - Only available to WGOne Silver/Gold Partners,https://www.leadersystems.com.au/Images/NWG-WGVME003.jpg,Watchguard,WGVME003,4136.00,5601.00
NWG-WGVLG523,Subscriptions  Licensing,WatchGuard Cloud 1-month data retention for FireboxV Large - 3-yr,https://www.leadersystems.com.au/Images/NWG-WGVLG523.jpg,Watchguard,WGVLG523,6806.00,8635.00
NWG-WG561521,Subscriptions  Licensing,WatchGuard Cloud 1-month data retention for M5600 - 1-yr,https://www.leadersystems.com.au/Images/NWG-WG561521.jpg,Watchguard,WG561521,11507.00,14599.00
NWG-WGT21201,Subscriptions  Licensing,WatchGuard Standard Support Renewal 1-yr for Firebox T20-W,https://www.leadersystems.com.au/Images/NWG-WGT21201.jpg,Watchguard,WGT21201,159.00,198.00
NWG-WGT20201,Subscriptions  Licensing,WatchGuard Standard Support Renewal 1-yr for Firebox T20,https://www.leadersystems.com.au/Images/NWG-WGT20201.jpg,Watchguard,WGT20201,139.00,173.00
NWG-WGCXL643,Firewalls  Network Security,WatchGuard Firebox Cloud XLarge with 3-yr Total Security Suite,https://www.leadersystems.com.au/Images/NWG-WGCXL643.jpg,Watchguard,WGCXL643,59508.00,86429.00
NWG-WGVSM673,Firewalls  Network Security,Trade up to WatchGuard FireboxV Small with 3-yr Total Security Suite,https://www.leadersystems.com.au/Images/NWG-WGVSM673.jpg,Watchguard,WGVSM673,4868.00,6593.00
NWG-WGVME031,Firewalls  Network Security,WatchGuard FireboxV Medium with 1-yr Basic Security Suite,https://www.leadersystems.com.au/Images/NWG-WGVME031.jpg,Watchguard,WGVME031,4405.00,5965.00
NWG-WGVME001,Firewalls  Network Security,WatchGuard FireboxV Medium with 1-yr Standard Support - Only available to WGOne Silver/Gold Partners,https://www.leadersystems.com.au/Images/NWG-WGVME001.jpg,Watchguard,WGVME001,3267.00,4424.00
NWG-WGVLG061,Firewalls  Network Security,Trade up to WatchGuard FireboxV Large with 1-yr Basic Security Suite,https://www.leadersystems.com.au/Images/NWG-WGVLG061.jpg,Watchguard,WGVLG061,7316.00,10089.00
NWG-WG8598,Watchguard Accessories,WatchGuard Firebox M5600 Hot Swap Power Supply,https://www.leadersystems.com.au/Images/NWG-WG8598.jpg,Watchguard,WG8598,1280.00,1721.00
NWG-WGM27261,Subscriptions  Licensing,WatchGuard Gold Support Renewal/Upgrade 1-yr for Firebox M270,https://www.leadersystems.com.au/Images/NWG-WGM27261.jpg,Watchguard,WGM27261,633.00,789.00
NWG-WGM27121,Subscriptions  Licensing,WatchGuard Gateway AntiVirus 1-yr for Firebox M270,https://www.leadersystems.com.au/Images/NWG-WGM27121.jpg,Watchguard,WGM27121,628.00,783.00
NWG-WGT15521,Subscriptions  Licensing,WatchGuard Cloud 1-month data retention for T15/T15-W - 1-yr,https://www.leadersystems.com.au/Images/NWG-WGT15521.jpg,Watchguard,WGT15521,136.00,173.00
NWG-WGCSM643,Firewalls  Network Security,WatchGuard Firebox Cloud Small with 3-yr Total Security Suite,https://www.leadersystems.com.au/Images/NWG-WGCSM643.jpg,Watchguard,WGCSM643,5332.00,7220.00
NWG-WGCSM673,Firewalls  Network Security,Trade up to WatchGuard Firebox Cloud Small with 3-yr Total Security Suite,https://www.leadersystems.com.au/Images/NWG-WGCSM673.jpg,Watchguard,WGCSM673,4868.00,6593.00
NWG-WGCLG641,Firewalls  Network Security,WatchGuard Firebox Cloud Large with 1-yr Total Security Suite,https://www.leadersystems.com.au/Images/NWG-WGCLG641.jpg,Watchguard,WGCLG641,14558.00,20075.00
NWG-WGCLG031,Firewalls  Network Security,WatchGuard Firebox Cloud Large with 1-yr Basic Security Suite,https://www.leadersystems.com.au/Images/NWG-WGCLG031.jpg,Watchguard,WGCLG031,9401.00,12965.00
NWG-WGCLG001,Firewalls  Network Security,WatchGuard Firebox Cloud Large with 1-yr Standard Support - Only available to WGOne Silver/Gold Partners,https://www.leadersystems.com.au/Images/NWG-WGCLG001.jpg,Watchguard,WGCLG001,6963.00,9602.00
NWG-WGCLG061,Firewalls  Network Security,Trade up to WatchGuard Firebox Cloud Large with 1-yr Basic Security Suite,https://www.leadersystems.com.au/Images/NWG-WGCLG061.jpg,Watchguard,WGCLG061,7316.00,10089.00
NWG-WGVSM033,Firewalls  Network Security,WatchGuard FireboxV Small with 3-yr Basic Security Suite,https://www.leadersystems.com.au/Images/NWG-WGVSM033.jpg,Watchguard,WGVSM033,3021.00,4091.00
NWG-WGVSM003,Firewalls  Network Security,WatchGuard FireboxV Small with 3-yr Standard Support - Only available to WGOne Silver/Gold Partners,https://www.leadersystems.com.au/Images/NWG-WGVSM003.jpg,Watchguard,WGVSM003,1768.00,2394.00
NWG-WGVLG063,Firewalls  Network Security,Trade up to WatchGuard FireboxV Large with 3-yr Basic Security Suite,https://www.leadersystems.com.au/Images/NWG-WGVLG063.jpg,Watchguard,WGVLG063,12962.00,17875.00
NWG-WG8583,Watchguard Accessories,Transceiver 10Gb Short-Range SFP+ for WatchGuard Firebox M,https://www.leadersystems.com.au/Images/NWG-WG8583.jpg,Watchguard,WG8583,456.00,605.00
NWG-WGVME521,Subscriptions  Licensing,WatchGuard Cloud 1-month data retention for FireboxV Medium - 1-yr,https://www.leadersystems.com.au/Images/NWG-WGVME521.jpg,Watchguard,WGVME521,1070.00,1333.00
NWG-WGVSM521,Subscriptions  Licensing,WatchGuard Cloud 1-month data retention for FireboxV Small - 1-yr,https://www.leadersystems.com.au/Images/NWG-WGVSM521.jpg,Watchguard,WGVSM521,460.00,574.00
NWG-WGCLG521,Subscriptions  Licensing,WatchGuard Cloud 1-month data retention for Firebox Cloud Large - 1-yr,https://www.leadersystems.com.au/Images/NWG-WGCLG521.jpg,Watchguard,WGCLG521,2267.00,2876.00
NWG-WGCSM523,Subscriptions  Licensing,WatchGuard Cloud 1-month data retention for Firebox Cloud Small - 3-yr,https://www.leadersystems.com.au/Images/NWG-WGCSM523.jpg,Watchguard,WGCSM523,1374.00,1712.00
NWG-WGCSM521,Subscriptions  Licensing,WatchGuard Cloud 1-month data retention for Firebox Cloud Small - 1-yr,https://www.leadersystems.com.au/Images/NWG-WGCSM521.jpg,Watchguard,WGCSM521,460.00,574.00
NWG-WGM67521,Subscriptions  Licensing,WatchGuard Cloud 1-month data retention for M670 - 1-yr,https://www.leadersystems.com.au/Images/NWG-WGM67521.jpg,Watchguard,WGM67521,2873.00,3579.00
NWG-WGM27521,Subscriptions  Licensing,WatchGuard Cloud 1-month data retention for M270 - 1-yr,https://www.leadersystems.com.au/Images/NWG-WGM27521.jpg,Watchguard,WGM27521,634.00,791.00
NWG-WGM27131,Subscriptions  Licensing,WatchGuard Intrusion Prevention Service 1-yr for Firebox M270,https://www.leadersystems.com.au/Images/NWG-WGM27131.jpg,Watchguard,WGM27131,628.00,783.00
NWG-WGCSM003,Firewalls  Network Security,WatchGuard Firebox Cloud Small with 3-yr Standard Support - Only available to WGOne Silver/Gold Partners,https://www.leadersystems.com.au/Images/NWG-WGCSM003.jpg,Watchguard,WGCSM003,1768.00,2394.00
NWG-WGCSM063,Firewalls  Network Security,Trade up to WatchGuard Firebox Cloud Small with 3-yr Basic Security Suite,https://www.leadersystems.com.au/Images/NWG-WGCSM063.jpg,Watchguard,WGCSM063,2603.00,3525.00
NWG-WGCME671,Firewalls  Network Security,Trade up to WatchGuard Firebox Cloud Medium with 1-yr Total Security Suite,https://www.leadersystems.com.au/Images/NWG-WGCME671.jpg,Watchguard,WGCME671,5744.00,7778.00
NWG-WGCME033,Firewalls  Network Security,WatchGuard Firebox Cloud Medium with 3-yr Basic Security Suite,https://www.leadersystems.com.au/Images/NWG-WGCME033.jpg,Watchguard,WGCME033,7059.00,9560.00
NWG-WGVME523,Subscriptions  Licensing,WatchGuard Cloud 1-month data retention for FireboxV Medium - 3-yr,https://www.leadersystems.com.au/Images/NWG-WGVME523.jpg,Watchguard,WGVME523,3202.00,3990.00
NWG-WGVSM523,Subscriptions  Licensing,WatchGuard Cloud 1-month data retention for FireboxV Small - 3-yr,https://www.leadersystems.com.au/Images/NWG-WGVSM523.jpg,Watchguard,WGVSM523,1374.00,1712.00
NWG-WGVSM063,Firewalls  Network Security,Trade up to WatchGuard FireboxV Small with 3-yr Basic Security Suite,https://www.leadersystems.com.au/Images/NWG-WGVSM063.jpg,Watchguard,WGVSM063,2603.00,3525.00
NWG-WGVME641,Firewalls  Network Security,WatchGuard FireboxV Medium with 1-yr Total Security Suite,https://www.leadersystems.com.au/Images/NWG-WGVME641.jpg,Watchguard,WGVME641,6819.00,9234.00
NWG-WGVME671,Firewalls  Network Security,Trade up to WatchGuard FireboxV Medium with 1-yr Total Security Suite,https://www.leadersystems.com.au/Images/NWG-WGVME671.jpg,Watchguard,WGVME671,5744.00,7778.00
NWG-WGVXL643,Firewalls  Network Security,WatchGuard FireboxV XLarge with 3-yr Total Security Suite,https://www.leadersystems.com.au/Images/NWG-WGVXL643.jpg,Watchguard,WGVXL643,59508.00,86429.00
NWG-WGVXL673,Firewalls  Network Security,Trade up to WatchGuard FireboxV XLarge with 3-yr Total Security Suite,https://www.leadersystems.com.au/Images/NWG-WGVXL673.jpg,Watchguard,WGVXL673,48363.00,78999.00
NWG-WGVXL063,Firewalls  Network Security,Trade up to WatchGuard FireboxV XLarge with 3-yr Basic Security Suite,https://www.leadersystems.com.au/Images/NWG-WGVXL063.jpg,Watchguard,WGVXL063,25856.00,35656.00
NWG-WG8022,Watchguard Accessories,Transceiver 40Gb Short-Range QSFP+ for WatchGuard Firebox M,https://www.leadersystems.com.au/Images/NWG-WG8022.jpg,Watchguard,WG8022,897.00,1203.00
NWG-WG8592,Watchguard Accessories,WatchGuard Firebox M 8 Port 1Gb Copper Module,https://www.leadersystems.com.au/Images/NWG-WG8592.jpg,Watchguard,WG8592,1280.00,1721.00
NWG-WG8594,Watchguard Accessories,WatchGuard Firebox M 4 Port 10Gb SFP+ Fiber Module,https://www.leadersystems.com.au/Images/NWG-WG8594.jpg,Watchguard,WG8594,1790.00,2413.00
NWG-WGCXL673,Firewalls  Network Security,Trade up to WatchGuard Firebox Cloud XLarge with 3-yr Total Security Suite,https://www.leadersystems.com.au/Images/NWG-WGCXL673.jpg,Watchguard,WGCXL673,48363.00,78999.00
NWG-WGVSM643,Firewalls  Network Security,WatchGuard FireboxV Small with 3-yr Total Security Suite,https://www.leadersystems.com.au/Images/NWG-WGVSM643.jpg,Watchguard,WGVSM643,5332.00,7220.00
NWG-WGVME061,Firewalls  Network Security,Trade up to WatchGuard FireboxV Medium with 1-yr Basic Security Suite,https://www.leadersystems.com.au/Images/NWG-WGVME061.jpg,Watchguard,WGVME061,3432.00,4648.00
NWG-WGVLG031,Firewalls  Network Security,WatchGuard FireboxV Large with 1-yr Basic Security Suite,https://www.leadersystems.com.au/Images/NWG-WGVLG031.jpg,Watchguard,WGVLG031,9401.00,12965.00
NWG-WGVLG001,Firewalls  Network Security,WatchGuard FireboxV Large with 1-yr Standard Support - Only available to WGOne Silver/Gold Partners,https://www.leadersystems.com.au/Images/NWG-WGVLG001.jpg,Watchguard,WGVLG001,6963.00,9602.00
NWG-WG8596,Watchguard Accessories,WATCHGUARD FIREBOX M RACK RAILS KIT,https://www.leadersystems.com.au/Images/NWG-WG8596.jpg,Watchguard,WG8596,162.00,220.00
NWG-WGM47521,Subscriptions  Licensing,WatchGuard Cloud 1-month data retention for M470 - 1-yr,https://www.leadersystems.com.au/Images/NWG-WGM47521.jpg,Watchguard,WGM47521,1337.00,1666.00
NWG-WGEMA081,Email Security,Panda Email Protection - 1 Year - 1001 to 3000 users,https://www.leadersystems.com.au/Images/NWG-WGEMA081.jpg,Watchguard,WGEMA081,13.00,18.00
NWG-WGEMA071,Email Security,Panda Email Protection - 1 Year - 501 to 1000 users,https://www.leadersystems.com.au/Images/NWG-WGEMA071.jpg,Watchguard,WGEMA071,19.00,26.00
NWG-WG9004,Watchguard Accessories,WatchGuard Dual-Band Omni Antennas (5/7 dBi) AP430CR/AP327X,https://www.leadersystems.com.au/Images/NWG-WG9004.jpg,Watchguard,WG9004,68.00,80.78
NWG-WGT80341,Subscriptions  Licensing,WatchGuard Basic Security Suite Renewal/Upgrade 1-yr for Firebox T80,https://www.leadersystems.com.au/Images/NWG-WGT80341.jpg,Watchguard,WGT80341,1262.00,1573.00
NWG-WGT80261,Subscriptions  Licensing,WatchGuard Gold Support Renewal/Upgrade 1-yr for Firebox T80,https://www.leadersystems.com.au/Images/NWG-WGT80261.jpg,Watchguard,WGT80261,620.00,773.00
NWG-WGCXL523,Subscriptions  Licensing,WatchGuard Cloud 1-month data retention for Firebox Cloud XLarge - 3-yr,https://www.leadersystems.com.au/Images/NWG-WGCXL523.jpg,Watchguard,WGCXL523,13594.00,17247.00
NWG-WGCLG523,Subscriptions  Licensing,WatchGuard Cloud 1-month data retention for Firebox Cloud Large - 3-yr,https://www.leadersystems.com.au/Images/NWG-WGCLG523.jpg,Watchguard,WGCLG523,6806.00,8635.00
NWG-WGVXL521,Subscriptions  Licensing,WatchGuard Cloud 1-month data retention for FireboxV XLarge - 1-yr,https://www.leadersystems.com.au/Images/NWG-WGVXL521.jpg,Watchguard,WGVXL521,4533.00,5752.00
NWG-WGVLG521,Subscriptions  Licensing,WatchGuard Cloud 1-month data retention for FireboxV Large - 1-yr,https://www.leadersystems.com.au/Images/NWG-WGVLG521.jpg,Watchguard,WGVLG521,2267.00,2876.00
NWG-WGM37521,Subscriptions  Licensing,WatchGuard Cloud 1-month data retention for M370 - 1-yr,https://www.leadersystems.com.au/Images/NWG-WGM37521.jpg,Watchguard,WGM37521,821.00,1023.00
NWG-WGT40351,Subscriptions  Licensing,WatchGuard Total Security Suite Renewal/Upgrade 1-yr for Firebox T40,https://www.leadersystems.com.au/Images/NWG-WGT40351.jpg,Watchguard,WGT40351,1424.00,1774.00
NWG-WGT40341,Subscriptions  Licensing,WatchGuard Basic Security Suite Renewal/Upgrade 1-yr for Firebox T40,https://www.leadersystems.com.au/Images/NWG-WGT40341.jpg,Watchguard,WGT40341,742.00,925.00
NWG-WGT20351,Subscriptions  Licensing,WatchGuard Total Security Suite Renewal/Upgrade 1-yr for Firebox T20,https://www.leadersystems.com.au/Images/NWG-WGT20351.jpg,Watchguard,WGT20351,751.00,936.00
NWG-WGT40171,Cloud  Server Security,WatchGuard APT Blocker 1-yr for Firebox T40,https://www.leadersystems.com.au/Images/NWG-WGT40171.jpg,Watchguard,WGT40171,342.00,427.00
NWG-WGT21171,Cloud  Server Security,WatchGuard APT Blocker 1-yr for Firebox T20-W,https://www.leadersystems.com.au/Images/NWG-WGT21171.jpg,Watchguard,WGT21171,218.00,272.00
NWG-WG35R201,Subscriptions  Licensing,WatchGuard Standard Support Renewal 1-yr for Firebox T35-Rugged,https://www.leadersystems.com.au/Images/NWG-WG35R201.jpg,Watchguard,WG35R201,401.00,509.00
NWG-WG35R261,Subscriptions  Licensing,WatchGuard Gold Support Renewal/Upgrade 1-yr for Firebox T35-Rugged,https://www.leadersystems.com.au/Images/NWG-WG35R261.jpg,Watchguard,WG35R261,591.00,750.00
NWG-WGT20261,Subscriptions  Licensing,WatchGuard Gold Support Renewal/Upgrade 1-yr for Firebox T20,https://www.leadersystems.com.au/Images/NWG-WGT20261.jpg,Watchguard,WGT20261,198.00,247.00
NWG-WGEMA021,Email Security,Panda Email Protection - 1 Year - 11 to 25 users,https://www.leadersystems.com.au/Images/NWG-WGEMA021.jpg,Watchguard,WGEMA021,23.00,31.00
NWG-WGEMA043,Email Security,Panda Email Protection - 3 Year - 51 to 100 users,https://www.leadersystems.com.au/Images/NWG-WGEMA043.jpg,Watchguard,WGEMA043,61.00,81.00
NWG-WG9011,Watchguard Accessories,WatchGuard Authpoint Hardware Token (10 UNITS BOX),https://www.leadersystems.com.au/Images/NWG-WG9011.jpg,Watchguard,WG9011,265.00,346.00
NWG-WGT41201,Subscriptions  Licensing,WatchGuard Standard Support Renewal 1-yr for Firebox T40-W,https://www.leadersystems.com.au/Images/NWG-WGT41201.jpg,Watchguard,WGT41201,303.00,379.00
NWG-WGT41341,Subscriptions  Licensing,WatchGuard Basic Security Suite Renewal/Upgrade 1-yr for Firebox T40-W,https://www.leadersystems.com.au/Images/NWG-WGT41341.jpg,Watchguard,WGT41341,897.00,1118.00
NWG-WG35R331,Subscriptions  Licensing,WatchGuard Basic Security Suite Renewal/Upgrade 1-yr for Firebox T35-Rugged,https://www.leadersystems.com.au/Images/NWG-WG35R331.jpg,Watchguard,WG35R331,1437.00,1823.00
NWG-WGT41261,Subscriptions  Licensing,WatchGuard Gold Support Renewal/Upgrade 1-yr for Firebox T40-W,https://www.leadersystems.com.au/Images/NWG-WGT41261.jpg,Watchguard,WGT41261,442.00,551.00
NWG-WGT21351,Subscriptions  Licensing,WatchGuard Total Security Suite Renewal/Upgrade 1-yr for Firebox T20-W,https://www.leadersystems.com.au/Images/NWG-WGT21351.jpg,Watchguard,WGT21351,905.00,1128.00
NWG-WGT41171,Cloud  Server Security,WatchGuard APT Blocker 1-yr for Firebox T40-W,https://www.leadersystems.com.au/Images/NWG-WGT41171.jpg,Watchguard,WGT41171,410.00,512.00
NWG-WGT21341,Subscriptions  Licensing,WatchGuard Basic Security Suite Renewal/Upgrade 1-yr for Firebox T20-W,https://www.leadersystems.com.au/Images/NWG-WGT21341.jpg,Watchguard,WGT21341,465.00,579.00
NWG-WGDNS30101,Cloud  Server Security,WatchGuard DNSWatchGO - 1 Year - 1 to 50 Users - License Per User,https://www.leadersystems.com.au/Images/NWG-WGDNS30101.jpg,Watchguard,WGDNS30101,47.00,59.00
NWG-WG9012,Watchguard Accessories,WatchGuard Firebox M4800 Hot Swap Power Supply,https://www.leadersystems.com.au/Images/NWG-WG9012.jpg,Watchguard,WG9012,1280.00,1721.00
NWG-WGT21261,Subscriptions  Licensing,WatchGuard Gold Support Renewal/Upgrade 1-yr for Firebox T20-W,https://www.leadersystems.com.au/Images/NWG-WGT21261.jpg,Watchguard,WGT21261,231.00,288.00
NWG-WG9013,Watchguard Accessories,WatchGuard Firebox M5800 Hot Swap Power Supply,https://www.leadersystems.com.au/Images/NWG-WG9013.jpg,Watchguard,WG9013,1280.00,1721.00
NWG-WGATH30503,Identity  Access Security,WatchGuard AuthPoint - 3 Year - 501 to 1000 Users - License Per User,https://www.leadersystems.com.au/Images/NWG-WGATH30503.jpg,Watchguard,WGATH30503,51.00,64.00
NWG-WGATH30601,Identity  Access Security,WatchGuard AuthPoint - 1 Year - 1001 to 5000 Users - License Per User,https://www.leadersystems.com.au/Images/NWG-WGATH30601.jpg,Watchguard,WGATH30601,19.00,24.00
NWG-WGM48173,Cloud  Server Security,WatchGuard APT Blocker 3-yr for Firebox M4800,https://www.leadersystems.com.au/Images/NWG-WGM48173.jpg,Watchguard,WGM48173,13099.00,16618.00
NWG-WGT80201,Subscriptions  Licensing,WatchGuard Standard Support Renewal 1-yr for Firebox T80,https://www.leadersystems.com.au/Images/NWG-WGT80201.jpg,Watchguard,WGT80201,435.00,543.00
NWG-WGT80171,Cloud  Server Security,WatchGuard APT Blocker 1-yr for Firebox T80,https://www.leadersystems.com.au/Images/NWG-WGT80171.jpg,Watchguard,WGT80171,578.00,721.00
NWG-WGM48201,Subscriptions  Licensing,WatchGuard Standard Support Renewal 1-yr for Firebox M4800,https://www.leadersystems.com.au/Images/NWG-WGM48201.jpg,Watchguard,WGM48201,4063.00,5155.00
NWG-WGPSP30601,Subscriptions  Licensing,WatchGuard Passport (EPDR + AuthPoint + DNSWatchGO) - 1 Year - 1001 to 5000 Users - License Per User,https://www.leadersystems.com.au/Images/NWG-WGPSP30601.jpg,Watchguard,WGPSP30601,65.00,82.00
NWG-WGPSP30603,Subscriptions  Licensing,WatchGuard Passport (EPDR + AuthPoint + DNSWatchGO) - 3 Year - 1001 to 5000 Users - License Per User,https://www.leadersystems.com.au/Images/NWG-WGPSP30603.jpg,Watchguard,WGPSP30603,157.00,196.00
NWG-WGT40261,Subscriptions  Licensing,WatchGuard Gold Support Renewal/Upgrade 1-yr for Firebox T40,https://www.leadersystems.com.au/Images/NWG-WGT40261.jpg,Watchguard,WGT40261,363.00,452.00
NWG-WGT40201,Subscriptions  Licensing,WatchGuard Standard Support Renewal 1-yr for Firebox T40,https://www.leadersystems.com.au/Images/NWG-WGT40201.jpg,Watchguard,WGT40201,251.00,313.00
NWG-WGT20171,Cloud  Server Security,WatchGuard APT Blocker 1-yr for Firebox T20,https://www.leadersystems.com.au/Images/NWG-WGT20171.jpg,Watchguard,WGT20171,174.00,217.00
NWG-WGEMA093,Email Security,Panda Email Protection - 3 Year - 3000+ users,https://www.leadersystems.com.au/Images/NWG-WGEMA093.jpg,Watchguard,WGEMA093,36.00,48.00
NWG-WGEMA073,Email Security,Panda Email Protection - 3 Year - 501 to 1000 users,https://www.leadersystems.com.au/Images/NWG-WGEMA073.jpg,Watchguard,WGEMA073,52.00,69.00
NWG-WGEPL021,Endpoint  Mobile Protection,Panda Endpoint Protection Plus - 1 Year - 11 to 25 users,https://www.leadersystems.com.au/Images/NWG-WGEPL021.jpg,Watchguard,WGEPL021,45.00,57.00
NWG-WGEMA083,Email Security,Panda Email Protection - 3 Year - 1001 to 3000 users,https://www.leadersystems.com.au/Images/NWG-WGEMA083.jpg,Watchguard,WGEMA083,36.00,48.00
NWG-WGEMA063,Email Security,Panda Email Protection - 3 Year - 251 to 500 users,https://www.leadersystems.com.au/Images/NWG-WGEMA063.jpg,Watchguard,WGEMA063,58.00,77.00
NWG-WGEPL011,Endpoint  Mobile Protection,Panda Endpoint Protection Plus - 1 Year - 1 to 10 users,https://www.leadersystems.com.au/Images/NWG-WGEPL011.jpg,Watchguard,WGEPL011,49.00,63.00
NWG-WGEMA091,Email Security,Panda Email Protection - 1 Year - 3000+ users,https://www.leadersystems.com.au/Images/NWG-WGEMA091.jpg,Watchguard,WGEMA091,13.00,18.00
NWG-WGEMA061,Email Security,Panda Email Protection - 1 Year - 251 to 500 users,https://www.leadersystems.com.au/Images/NWG-WGEMA061.jpg,Watchguard,WGEMA061,21.00,29.00
NWG-WGEMA051,Email Security,Panda Email Protection - 1 Year - 101 to 250 users,https://www.leadersystems.com.au/Images/NWG-WGEMA051.jpg,Watchguard,WGEMA051,22.00,30.00
NWG-WGEMA013,Email Security,Panda Email Protection - 3 Year - 1 to 10 users,https://www.leadersystems.com.au/Images/NWG-WGEMA013.jpg,Watchguard,WGEMA013,63.00,83.00
NWG-WGFUS051,Endpoint  Mobile Protection,Panda Fusion - 1 Year - 101 to 250 users,https://www.leadersystems.com.au/Images/NWG-WGFUS051.jpg,Watchguard,WGFUS051,52.00,62.96
NWG-WGEMA053,Email Security,Panda Email Protection - 3 Year - 101 to 250 users,https://www.leadersystems.com.au/Images/NWG-WGEMA053.jpg,Watchguard,WGEMA053,59.00,79.00
NWG-WGEMA033,Email Security,Panda Email Protection - 3 Year - 26 to 50 users,https://www.leadersystems.com.au/Images/NWG-WGEMA033.jpg,Watchguard,WGEMA033,63.00,83.00
NWG-WGEMA031,Email Security,Panda Email Protection - 1 Year - 26 to 50 users,https://www.leadersystems.com.au/Images/NWG-WGEMA031.jpg,Watchguard,WGEMA031,23.00,31.00
NWG-WGEMA011,Email Security,Panda Email Protection - 1 Year - 1 to 10 users,https://www.leadersystems.com.au/Images/NWG-WGEMA011.jpg,Watchguard,WGEMA011,23.00,31.00
NWG-WGM59020803,Cloud  Server Security,WatchGuard APT Blocker 3-yr for Firebox M590,https://www.leadersystems.com.au/Images/NWG-WGM59020803.jpg,Watchguard,WGM59020803,5323.00,6631.00
NWG-WGM59040203,Subscriptions  Licensing,WatchGuard Basic Security Suite Renewal/Upgrade 3-yr for Firebox M590,https://www.leadersystems.com.au/Images/NWG-WGM59040203.jpg,Watchguard,WGM59040203,10901.00,13580.00
NWG-WGM69040301,Subscriptions  Licensing,WatchGuard Total Security Suite Renewal/Upgrade 1-yr for Firebox M690,https://www.leadersystems.com.au/Images/NWG-WGM69040301.jpg,Watchguard,WGM69040301,12095.00,15067.00
NWG-WGM69040203,Subscriptions  Licensing,WatchGuard Basic Security Suite Renewal/Upgrade 3-yr for Firebox M690,https://www.leadersystems.com.au/Images/NWG-WGM69040203.jpg,Watchguard,WGM69040203,15123.00,18840.00
NWG-WGM29040703,Subscriptions  Licensing,WatchGuard Gold Support Renewal/Upgrade 3-yr for Firebox M290,https://www.leadersystems.com.au/Images/NWG-WGM29040703.jpg,Watchguard,WGM29040703,1847.00,2301.00
NWG-WGM29040303,Subscriptions  Licensing,WatchGuard Total Security Suite Renewal/Upgrade 3-yr for Firebox M290,https://www.leadersystems.com.au/Images/NWG-WGM29040303.jpg,Watchguard,WGM29040303,6989.00,8708.00
NWG-WGM29040301,Subscriptions  Licensing,WatchGuard Total Security Suite Renewal/Upgrade 1-yr for Firebox M290,https://www.leadersystems.com.au/Images/NWG-WGM29040301.jpg,Watchguard,WGM29040301,2916.00,3634.00
NWG-WGM39040303,Subscriptions  Licensing,WatchGuard Total Security Suite Renewal/Upgrade 3-yr for Firebox M390,https://www.leadersystems.com.au/Images/NWG-WGM39040303.jpg,Watchguard,WGM39040303,10515.00,13100.00
NWG-WG9014,Watchguard Accessories,Power Adapter (Yellow) for WatchGuard Firebox T20/T25/T25-W/T45 (WW),https://www.leadersystems.com.au/Images/NWG-WG9014.jpg,Watchguard,WG9014,61.00,72.47
NWG-WGM39040703,Subscriptions  Licensing,WatchGuard Gold Support Renewal/Upgrade 3-yr for Firebox M390,https://www.leadersystems.com.au/Images/NWG-WGM39040703.jpg,Watchguard,WGM39040703,2780.00,3463.00
NWG-WGM39040701,Subscriptions  Licensing,WatchGuard Gold Support Renewal/Upgrade 1-yr for Firebox M390,https://www.leadersystems.com.au/Images/NWG-WGM39040701.jpg,Watchguard,WGM39040701,1194.00,1488.00
NWG-WG9020,Watchguard Accessories,WatchGuard Firebox M 3rd Gen 2 x 10Gb SFP+ Fiber Module,https://www.leadersystems.com.au/Images/NWG-WG9020.jpg,Watchguard,WG9020,1133.00,1564.00
NWG-WGATH30501,Identity  Access Security,WatchGuard AuthPoint - 1 Year - 501 to 1000 Users - License Per User,https://www.leadersystems.com.au/Images/NWG-WGATH30501.jpg,Watchguard,WGATH30501,21.00,27.00
NWG-WGDNS30201,Cloud  Server Security,WatchGuard DNSWatchGO - 1 Year - 51 to 100 Users - License Per User,https://www.leadersystems.com.au/Images/NWG-WGDNS30201.jpg,Watchguard,WGDNS30201,42.00,52.00
NWG-WGDNS30503,Cloud  Server Security,WatchGuard DNSWatchGO - 3 Year - 501 to 1000 Users - License Per User,https://www.leadersystems.com.au/Images/NWG-WGDNS30503.jpg,Watchguard,WGDNS30503,68.00,85.00
NWG-WGM48333,Subscriptions  Licensing,WatchGuard Basic Security Suite Renewal/Upgrade 3-yr for Firebox M4800,https://www.leadersystems.com.au/Images/NWG-WGM48333.jpg,Watchguard,WGM48333,25999.00,32985.00
NWG-WGM58353,Subscriptions  Licensing,WatchGuard Total Security Suite Renewal/Upgrade 3-yr for Firebox M5800,https://www.leadersystems.com.au/Images/NWG-WGM58353.jpg,Watchguard,WGM58353,124267.00,169339.00
NWG-WGPSP30303,Subscriptions  Licensing,WatchGuard Passport (EPDR + AuthPoint + DNSWatchGO) - 3 Year - 101 to 250 Users - License Per User,https://www.leadersystems.com.au/Images/NWG-WGPSP30303.jpg,Watchguard,WGPSP30303,235.00,294.00
NWG-WGATH30303,Identity  Access Security,WatchGuard AuthPoint - 3 Year - 101 to 250 Users - License Per User,https://www.leadersystems.com.au/Images/NWG-WGATH30303.jpg,Watchguard,WGATH30303,67.00,84.00
NWG-WGATH30403,Identity  Access Security,WatchGuard AuthPoint - 3 Year - 251 to 500 Users - License Per User,https://www.leadersystems.com.au/Images/NWG-WGATH30403.jpg,Watchguard,WGATH30403,60.00,75.00
NWG-WGDNS30103,Cloud  Server Security,WatchGuard DNSWatchGO - 3 Year - 1 to 50 Users - License Per User,https://www.leadersystems.com.au/Images/NWG-WGDNS30103.jpg,Watchguard,WGDNS30103,113.00,142.00
NWG-WGDNS30203,Cloud  Server Security,WatchGuard DNSWatchGO - 3 Year - 51 to 100 Users - License Per User,https://www.leadersystems.com.au/Images/NWG-WGDNS30203.jpg,Watchguard,WGDNS30203,100.00,125.00
NWG-WGM48221,Subscriptions  Licensing,WatchGuard Gold Support Renewal/Upgrade 1-yr for Firebox M4800,https://www.leadersystems.com.au/Images/NWG-WGM48221.jpg,Watchguard,WGM48221,5834.00,7402.00
NWG-WGM48331,Subscriptions  Licensing,WatchGuard Basic Security Suite Renewal/Upgrade 1-yr for Firebox M4800,https://www.leadersystems.com.au/Images/NWG-WGM48331.jpg,Watchguard,WGM48331,11179.00,14183.00
NWG-WGPTCH30403,Endpoint  Mobile Protection,Watchguard Endpoint Module - Patch Management - 3 Year - 251 to 500 licenses,https://www.leadersystems.com.au/Images/NWG-WGPTCH30403.jpg,Watchguard,WGPTCH30403,50.00,63.00
NWG-WGPTCH30401,Endpoint  Mobile Protection,Watchguard Endpoint Module - Patch Management - 1 Year - 251 to 500 licenses,https://www.leadersystems.com.au/Images/NWG-WGPTCH30401.jpg,Watchguard,WGPTCH30401,21.00,27.00
NWG-WGPTCH30101,Endpoint  Mobile Protection,Watchguard Endpoint Module - Patch Management - 1 Year - 1 to 50 licenses,https://www.leadersystems.com.au/Images/NWG-WGPTCH30101.jpg,Watchguard,WGPTCH30101,30.00,38.00
NWG-WGINSG30201,Endpoint  Mobile Protection,Watchguard Endpoint Module - Advanced Reporting Tool - 1 Year - 51 to 100 licenses,https://www.leadersystems.com.au/Images/NWG-WGINSG30201.jpg,Watchguard,WGINSG30201,19.00,24.00
NWG-WGENCR30403,Endpoint  Mobile Protection,Watchguard Endpoint Module - Full Encryption - 3 Year - 251 to 500 licenses,https://www.leadersystems.com.au/Images/NWG-WGENCR30403.jpg,Watchguard,WGENCR30403,38.00,47.00
NWG-WGENCR30303,Endpoint  Mobile Protection,Watchguard Endpoint Module - Full Encryption - 3 Year - 101 to 250 licenses,https://www.leadersystems.com.au/Images/NWG-WGENCR30303.jpg,Watchguard,WGENCR30303,42.00,53.00
NWG-WGENCR30301,Endpoint  Mobile Protection,Watchguard Endpoint Module - Full Encryption - 1 Year - 101 to 250 licenses,https://www.leadersystems.com.au/Images/NWG-WGENCR30301.jpg,Watchguard,WGENCR30301,18.00,22.00
NWG-WGM58331,Subscriptions  Licensing,WatchGuard Basic Security Suite Renewal/Upgrade 1-yr for Firebox M5800,https://www.leadersystems.com.au/Images/NWG-WGM58331.jpg,Watchguard,WGM58331,25950.00,32922.00
NWG-WGM58351,Subscriptions  Licensing,WatchGuard Total Security Suite Renewal/Upgrade 1-yr for Firebox M5800,https://www.leadersystems.com.au/Images/NWG-WGM58351.jpg,Watchguard,WGM58351,49763.00,63743.33
NWG-WGM59021801,Subscriptions  Licensing,WatchGuard Cloud 1-month data retention for M590 - 1-yr,https://www.leadersystems.com.au/Images/NWG-WGM59021801.jpg,Watchguard,WGM59021801,1884.00,2348.00
NWG-MSS019527,Subscriptions  Licensing,WatchGuard MSSP 25000 Pre Pay Points,https://www.leadersystems.com.au/Images/NWG-MSS019527.jpg,Watchguard,MSS019527,31091.00,39286.00
NWG-WG561131,Subscriptions  Licensing,WatchGuard Intrusion Prevention Service 1-yr for Firebox M5600,https://www.leadersystems.com.au/Images/NWG-WG561131.jpg,Watchguard,WG561131,11507.00,14599.00
NWG-WGCSM353,Subscriptions  Licensing,WatchGuard Total Security Suite Renewal/Upgrade 3-yr for Firebox Cloud Small,https://www.leadersystems.com.au/Images/NWG-WGCSM353.jpg,Watchguard,WGCSM353,4614.00,5748.00
NWG-WGCSM261,Subscriptions  Licensing,WatchGuard Gold Support Renewal/Upgrade 1-yr for Firebox Cloud Small,https://www.leadersystems.com.au/Images/NWG-WGCSM261.jpg,Watchguard,WGCSM261,455.00,568.00
NWG-WGCSM131,Subscriptions  Licensing,WatchGuard Intrusion Prevention Service 1-yr for Firebox Cloud Small,https://www.leadersystems.com.au/Images/NWG-WGCSM131.jpg,Watchguard,WGCSM131,460.00,574.00
NWG-WGCME173,Cloud  Server Security,WatchGuard APT Blocker 3-yr for Firebox Cloud Medium,https://www.leadersystems.com.au/Images/NWG-WGCME173.jpg,Watchguard,WGCME173,2549.00,3177.00
NWG-WGCME141,Subscriptions  Licensing,WatchGuard Reputation Enabled Defense 1-yr for Firebox Cloud Medium,https://www.leadersystems.com.au/Images/NWG-WGCME141.jpg,Watchguard,WGCME141,1070.00,1333.00
NWG-WGCLG201,Subscriptions  Licensing,WatchGuard Standard Support Renewal 1-yr for Firebox Cloud Large,https://www.leadersystems.com.au/Images/NWG-WGCLG201.jpg,Watchguard,WGCLG201,1524.00,1933.00
NWG-WGM59040201,Subscriptions  Licensing,WatchGuard Basic Security Suite Renewal/Upgrade 1-yr for Firebox M590,https://www.leadersystems.com.au/Images/NWG-WGM59040201.jpg,Watchguard,WGM59040201,4546.00,5663.00
NWG-WGM69040303,Subscriptions  Licensing,WatchGuard Total Security Suite Renewal/Upgrade 3-yr for Firebox M690,https://www.leadersystems.com.au/Images/NWG-WGM69040303.jpg,Watchguard,WGM69040303,29015.00,36146.00
NWG-WGM69021803,Subscriptions  Licensing,WatchGuard Cloud 1-month data retention for M690 - 3-yr,https://www.leadersystems.com.au/Images/NWG-WGM69021803.jpg,Watchguard,WGM69021803,7835.00,9761.00
NWG-WGM29040101,Subscriptions  Licensing,WatchGuard Standard Support Renewal 1-yr for Firebox M290,https://www.leadersystems.com.au/Images/NWG-WGM29040101.jpg,Watchguard,WGM29040101,547.00,682.00
NWG-WGM39021801,Subscriptions  Licensing,WatchGuard Cloud 1-month data retention for M390 - 1-yr,https://www.leadersystems.com.au/Images/NWG-WGM39021801.jpg,Watchguard,WGM39021801,746.00,930.00
NWG-WG9019,Watchguard Accessories,WatchGuard Firebox M 3rd Gen 4 x 1Gb SFP Fiber Module,https://www.leadersystems.com.au/Images/NWG-WG9019.jpg,Watchguard,WG9019,721.00,1022.00
NWG-WGM59021803,Subscriptions  Licensing,WatchGuard Cloud 1-month data retention for M590 - 3-yr,https://www.leadersystems.com.au/Images/NWG-WGM59021803.jpg,Watchguard,WGM59021803,5652.00,7042.00
NWG-WGM59040103,Subscriptions  Licensing,WatchGuard Standard Support Renewal 3-yr for Firebox M590,https://www.leadersystems.com.au/Images/NWG-WGM59040103.jpg,Watchguard,WGM59040103,3955.00,4927.00
NWG-WG9009,Watchguard Accessories,WatchGuard Power Supply for WatchGuard AP225W/AP130/AP330/AP432,https://www.leadersystems.com.au/Images/NWG-WG9009.jpg,Watchguard,WG9009,39.00,46.33
NWG-WGATH30603,Identity  Access Security,WatchGuard AuthPoint - 3 Year - 1001 to 5000 Users - License Per User,https://www.leadersystems.com.au/Images/NWG-WGATH30603.jpg,Watchguard,WGATH30603,45.00,56.00
NWG-WGATH30701,Identity  Access Security,WatchGuard AuthPoint - 1 Year - 5001+ Users - License Per User,https://www.leadersystems.com.au/Images/NWG-WGATH30701.jpg,Watchguard,WGATH30701,16.00,20.00
NWG-WGDNS30703,Cloud  Server Security,WatchGuard DNSWatchGO - 3 Year - 5001+ Users - License Per User,https://www.leadersystems.com.au/Images/NWG-WGDNS30703.jpg,Watchguard,WGDNS30703,51.00,64.00
NWG-WGM48171,Cloud  Server Security,WatchGuard APT Blocker 1-yr for Firebox M4800,https://www.leadersystems.com.au/Images/NWG-WGM48171.jpg,Watchguard,WGM48171,5456.00,6923.00
NWG-WGATH30201,Identity  Access Security,WatchGuard AuthPoint - 1 Year - 51 to 100 Users - License Per User,https://www.leadersystems.com.au/Images/NWG-WGATH30201.jpg,Watchguard,WGATH30201,31.00,39.00
NWG-WGATH30301,Identity  Access Security,WatchGuard AuthPoint - 1 Year - 101 to 250 Users - License Per User,https://www.leadersystems.com.au/Images/NWG-WGATH30301.jpg,Watchguard,WGATH30301,28.00,35.00
NWG-WGDNS30303,Cloud  Server Security,WatchGuard DNSWatchGO - 3 Year - 101 to 250 Users - License Per User,https://www.leadersystems.com.au/Images/NWG-WGDNS30303.jpg,Watchguard,WGDNS30303,89.00,111.00
NWG-WGDNS30403,Cloud  Server Security,WatchGuard DNSWatchGO - 3 Year - 251 to 500 Users - License Per User,https://www.leadersystems.com.au/Images/NWG-WGDNS30403.jpg,Watchguard,WGDNS30403,79.00,99.00
NWG-WGM48351,Subscriptions  Licensing,WatchGuard Total Security Suite Renewal/Upgrade 1-yr for Firebox M4800,https://www.leadersystems.com.au/Images/NWG-WGM48351.jpg,Watchguard,WGM48351,21429.00,27186.00
NWG-WGATH30103,Identity  Access Security,WatchGuard AuthPoint - 3 Year - 1 to 50 Users - License Per User,https://www.leadersystems.com.au/Images/NWG-WGATH30103.jpg,Watchguard,WGATH30103,85.00,106.00
NWG-WGM29040203,Subscriptions  Licensing,WatchGuard Basic Security Suite Renewal/Upgrade 3-yr for Firebox M290,https://www.leadersystems.com.au/Images/NWG-WGM29040203.jpg,Watchguard,WGM29040203,3644.00,4540.00
NWG-WGM29040103,Subscriptions  Licensing,WatchGuard Standard Support Renewal 3-yr for Firebox M290,https://www.leadersystems.com.au/Images/NWG-WGM29040103.jpg,Watchguard,WGM29040103,1331.00,1658.00
NWG-WGM58201,Subscriptions  Licensing,WatchGuard Standard Support Renewal 1-yr for Firebox M5800,https://www.leadersystems.com.au/Images/NWG-WGM58201.jpg,Watchguard,WGM58201,9432.00,11967.00
NWG-WGM58221,Subscriptions  Licensing,WatchGuard Gold Support Renewal/Upgrade 1-yr for Firebox M5800,https://www.leadersystems.com.au/Images/NWG-WGM58221.jpg,Watchguard,WGM58221,13532.00,17168.00
NWG-WGM48203,Subscriptions  Licensing,WatchGuard Standard Support Renewal 3-yr for Firebox M4800,https://www.leadersystems.com.au/Images/NWG-WGM48203.jpg,Watchguard,WGM48203,9445.00,11983.00
NWG-WGPSP30503,Subscriptions  Licensing,WatchGuard Passport (EPDR + AuthPoint + DNSWatchGO) - 3 Year - 501 to 1000 Users - License Per User,https://www.leadersystems.com.au/Images/NWG-WGPSP30503.jpg,Watchguard,WGPSP30503,181.00,226.00
NWG-WGPSP30701,Subscriptions  Licensing,WatchGuard Passport (EPDR + AuthPoint + DNSWatchGO) - 1 Year - 5001+ Users - License Per User,https://www.leadersystems.com.au/Images/NWG-WGPSP30701.jpg,Watchguard,WGPSP30701,57.00,71.00
NWG-WGPSP30101,Subscriptions  Licensing,WatchGuard Passport (EPDR + AuthPoint + DNSWatchGO) - 1 Year - 1 to 50 Users - License Per User,https://www.leadersystems.com.au/Images/NWG-WGPSP30101.jpg,Watchguard,WGPSP30101,126.00,157.00
NWG-WGPSP30201,Subscriptions  Licensing,WatchGuard Passport (EPDR + AuthPoint + DNSWatchGO) - 1 Year - 51 to 100 Users - License Per User,https://www.leadersystems.com.au/Images/NWG-WGPSP30201.jpg,Watchguard,WGPSP30201,111.00,138.00
NWG-WGDNS30601,Cloud  Server Security,WatchGuard DNSWatchGO - 1 Year - 1001 to 5000 Users - License Per User,https://www.leadersystems.com.au/Images/NWG-WGDNS30601.jpg,Watchguard,WGDNS30601,25.00,31.00
NWG-WGDNS30701,Cloud  Server Security,WatchGuard DNSWatchGO - 1 Year - 5001+ Users - License Per User,https://www.leadersystems.com.au/Images/NWG-WGDNS30701.jpg,Watchguard,WGDNS30701,21.00,27.00
NWG-WGM58173,Cloud  Server Security,WatchGuard APT Blocker 3-yr for Firebox M5800,https://www.leadersystems.com.au/Images/NWG-WGM58173.jpg,Watchguard,WGM58173,30434.00,38610.00
NWG-WGPSP30401,Subscriptions  Licensing,WatchGuard Passport (EPDR + AuthPoint + DNSWatchGO) - 1 Year - 251 to 500 Users - License Per User,https://www.leadersystems.com.au/Images/NWG-WGPSP30401.jpg,Watchguard,WGPSP30401,88.00,110.00
NWG-WGATH30101,Identity  Access Security,WatchGuard AuthPoint - 1 Year - 1 to 50 Users - License Per User,https://www.leadersystems.com.au/Images/NWG-WGATH30101.jpg,Watchguard,WGATH30101,35.00,45.00
NWG-WGATH30203,Identity  Access Security,WatchGuard AuthPoint - 3 Year - 51 to 100 Users - License Per User,https://www.leadersystems.com.au/Images/NWG-WGATH30203.jpg,Watchguard,WGATH30203,75.00,94.00
NWG-WGDNS30301,Cloud  Server Security,WatchGuard DNSWatchGO - 1 Year - 101 to 250 Users - License Per User,https://www.leadersystems.com.au/Images/NWG-WGDNS30301.jpg,Watchguard,WGDNS30301,37.00,47.00
NWG-WGPTCH30601,Endpoint  Mobile Protection,Watchguard Endpoint Module - Patch Management - 1 Year - 1001 to 5000 licenses,https://www.leadersystems.com.au/Images/NWG-WGPTCH30601.jpg,Watchguard,WGPTCH30601,16.00,20.00
NWG-WGINSG30601,Endpoint  Mobile Protection,Watchguard Endpoint Module - Advanced Reporting Tool - 1 Year - 1001 to 5000 licenses,https://www.leadersystems.com.au/Images/NWG-WGINSG30601.jpg,Watchguard,WGINSG30601,11.00,14.00
NWG-WGENCR30703,Endpoint  Mobile Protection,Watchguard Endpoint Module - Full Encryption - 3 Year - 5001+ licenses,https://www.leadersystems.com.au/Images/NWG-WGENCR30703.jpg,Watchguard,WGENCR30703,24.00,31.00
NWG-WGENCR30501,Endpoint  Mobile Protection,Watchguard Endpoint Module - Full Encryption - 1 Year - 501 to 1000 licenses,https://www.leadersystems.com.au/Images/NWG-WGENCR30501.jpg,Watchguard,WGENCR30501,13.00,17.00
NWG-WGPSP30501,Subscriptions  Licensing,WatchGuard Passport (EPDR + AuthPoint + DNSWatchGO) - 1 Year - 501 to 1000 Users - License Per User,https://www.leadersystems.com.au/Images/NWG-WGPSP30501.jpg,Watchguard,WGPSP30501,75.00,94.00
NWG-WGPSP30703,Subscriptions  Licensing,WatchGuard Passport (EPDR + AuthPoint + DNSWatchGO) - 3 Year - 5001+ Users - License Per User,https://www.leadersystems.com.au/Images/NWG-WGPSP30703.jpg,Watchguard,WGPSP30703,136.00,170.00
NWG-WGCLG151,Subscriptions  Licensing,WatchGuard Application Control 1-yr for Firebox Cloud Large,https://www.leadersystems.com.au/Images/NWG-WGCLG151.jpg,Watchguard,WGCLG151,2267.00,2876.00
NWG-WGCXL263,Subscriptions  Licensing,WatchGuard Gold Support Renewal/Upgrade 3-yr for Firebox Cloud XLarge,https://www.leadersystems.com.au/Images/NWG-WGCXL263.jpg,Watchguard,WGCXL263,10448.00,13255.00
NWG-WGCXL121,Subscriptions  Licensing,WatchGuard Gateway AntiVirus 1-yr for Firebox Cloud XLarge,https://www.leadersystems.com.au/Images/NWG-WGCXL121.jpg,Watchguard,WGCXL121,4521.00,5736.00
NWG-WGVSM353,Subscriptions  Licensing,WatchGuard Total Security Suite Renewal/Upgrade 3-yr for FireboxV Small,https://www.leadersystems.com.au/Images/NWG-WGVSM353.jpg,Watchguard,WGVSM353,4614.00,5748.00
NWG-WGVSM261,Subscriptions  Licensing,WatchGuard Gold Support Renewal/Upgrade 1-yr for FireboxV Small,https://www.leadersystems.com.au/Images/NWG-WGVSM261.jpg,Watchguard,WGVSM261,455.00,568.00
NWG-WGVSM121,Subscriptions  Licensing,WatchGuard Gateway AntiVirus 1-yr for FireboxV Small,https://www.leadersystems.com.au/Images/NWG-WGVSM121.jpg,Watchguard,WGVSM121,460.00,574.00
NWG-WGVME333,Subscriptions  Licensing,WatchGuard Basic Security Suite Renewal/Upgrade 3-yr for FireboxV Medium,https://www.leadersystems.com.au/Images/NWG-WGVME333.jpg,Watchguard,WGVME333,5080.00,6329.00
NWG-WGVME263,Subscriptions  Licensing,WatchGuard Gold Support Renewal/Upgrade 3-yr for FireboxV Medium,https://www.leadersystems.com.au/Images/NWG-WGVME263.jpg,Watchguard,WGVME263,2462.00,3068.00
NWG-WGDNS30401,Cloud  Server Security,WatchGuard DNSWatchGO - 1 Year - 251 to 500 Users - License Per User,https://www.leadersystems.com.au/Images/NWG-WGDNS30401.jpg,Watchguard,WGDNS30401,33.00,42.00
NWG-WGDNS30501,Cloud  Server Security,WatchGuard DNSWatchGO - 1 Year - 501 to 1000 Users - License Per User,https://www.leadersystems.com.au/Images/NWG-WGDNS30501.jpg,Watchguard,WGDNS30501,28.00,36.00
NWG-WGM48353,Subscriptions  Licensing,WatchGuard Total Security Suite Renewal/Upgrade 3-yr for Firebox M4800,https://www.leadersystems.com.au/Images/NWG-WGM48353.jpg,Watchguard,WGM48353,49874.00,72909.00
NWG-WGM58203,Subscriptions  Licensing,WatchGuard Standard Support Renewal 3-yr for Firebox M5800,https://www.leadersystems.com.au/Images/NWG-WGM58203.jpg,Watchguard,WGM58203,21930.00,27823.00
NWG-WGM69020801,Cloud  Server Security,WatchGuard APT Blocker 1-yr for Firebox M690,https://www.leadersystems.com.au/Images/NWG-WGM69020801.jpg,Watchguard,WGM69020801,3078.00,3835.00
NWG-WGM59040301,Subscriptions  Licensing,WatchGuard Total Security Suite Renewal/Upgrade 1-yr for Firebox M590,https://www.leadersystems.com.au/Images/NWG-WGM59040301.jpg,Watchguard,WGM59040301,8712.00,10853.00
NWG-WGM59040701,Subscriptions  Licensing,WatchGuard Gold Support Renewal/Upgrade 1-yr for Firebox M590,https://www.leadersystems.com.au/Images/NWG-WGM59040701.jpg,Watchguard,WGM59040701,2375.00,2960.00
NWG-WGM59020801,Cloud  Server Security,WatchGuard APT Blocker 1-yr for Firebox M590,https://www.leadersystems.com.au/Images/NWG-WGM59020801.jpg,Watchguard,WGM59020801,2214.00,2758.00
NWG-WGM69040101,Subscriptions  Licensing,WatchGuard Standard Support Renewal 1-yr for Firebox M690,https://www.leadersystems.com.au/Images/NWG-WGM69040101.jpg,Watchguard,WGM69040101,2288.00,2851.00
NWG-WGM69040201,Subscriptions  Licensing,WatchGuard Basic Security Suite Renewal/Upgrade 1-yr for Firebox M690,https://www.leadersystems.com.au/Images/NWG-WGM69040201.jpg,Watchguard,WGM69040201,6312.00,7863.00
NWG-WGM29021801,Subscriptions  Licensing,WatchGuard Cloud 1-month data retention for M290 - 1-yr,https://www.leadersystems.com.au/Images/NWG-WGM29021801.jpg,Watchguard,WGM29021801,578.00,721.00
NWG-WGM29020803,Cloud  Server Security,WatchGuard APT Blocker 3-yr for Firebox M290,https://www.leadersystems.com.au/Images/NWG-WGM29020803.jpg,Watchguard,WGM29020803,1785.00,2224.00
NWG-WGM39040203,Subscriptions  Licensing,WatchGuard Basic Security Suite Renewal/Upgrade 3-yr for Firebox M390,https://www.leadersystems.com.au/Images/NWG-WGM39040203.jpg,Watchguard,WGM39040203,5478.00,6825.00
NWG-WGPTCH30201,Endpoint  Mobile Protection,Watchguard Endpoint Module - Patch Management - 1 Year - 51 to 100 licenses,https://www.leadersystems.com.au/Images/NWG-WGPTCH30201.jpg,Watchguard,WGPTCH30201,26.00,33.00
NWG-WGPTCH30103,Endpoint  Mobile Protection,Watchguard Endpoint Module - Patch Management - 3 Year - 1 to 50 licenses,https://www.leadersystems.com.au/Images/NWG-WGPTCH30103.jpg,Watchguard,WGPTCH30103,72.00,90.00
NWG-WGINSG30303,Endpoint  Mobile Protection,Watchguard Endpoint Module - Advanced Reporting Tool - 3 Year - 101 to 250 licenses,https://www.leadersystems.com.au/Images/NWG-WGINSG30303.jpg,Watchguard,WGINSG30303,41.00,51.00
NWG-WGINSG30101,Endpoint  Mobile Protection,Watchguard Endpoint Module - Advanced Reporting Tool - 1 Year - 1 to 50 licenses,https://www.leadersystems.com.au/Images/NWG-WGINSG30101.jpg,Watchguard,WGINSG30101,22.00,28.00
NWG-WGM69040703,Subscriptions  Licensing,WatchGuard Gold Support Renewal/Upgrade 3-yr for Firebox M690,https://www.leadersystems.com.au/Images/NWG-WGM69040703.jpg,Watchguard,WGM69040703,7655.00,9536.00
NWG-WGM29021803,Subscriptions  Licensing,WatchGuard Cloud 1-month data retention for M290 - 3-yr,https://www.leadersystems.com.au/Images/NWG-WGM29021803.jpg,Watchguard,WGM29021803,1735.00,2162.00
NWG-WGM39040101,Subscriptions  Licensing,WatchGuard Standard Support Renewal 1-yr for Firebox M390,https://www.leadersystems.com.au/Images/NWG-WGM39040101.jpg,Watchguard,WGM39040101,831.00,1035.00
NWG-WGM58223,Subscriptions  Licensing,WatchGuard Gold Support Renewal/Upgrade 3-yr for Firebox M5800,https://www.leadersystems.com.au/Images/NWG-WGM58223.jpg,Watchguard,WGM58223,31511.00,39978.00
NWG-WGPSP30103,Subscriptions  Licensing,WatchGuard Passport (EPDR + AuthPoint + DNSWatchGO) - 3 Year - 1 to 50 Users - License Per User,https://www.leadersystems.com.au/Images/NWG-WGPSP30103.jpg,Watchguard,WGPSP30103,301.00,376.00
NWG-WGPSP30203,Subscriptions  Licensing,WatchGuard Passport (EPDR + AuthPoint + DNSWatchGO) - 3 Year - 51 to 100 Users - License Per User,https://www.leadersystems.com.au/Images/NWG-WGPSP30203.jpg,Watchguard,WGPSP30203,265.00,331.00
NWG-WGM39020803,Cloud  Server Security,WatchGuard APT Blocker 3-yr for Firebox M390,https://www.leadersystems.com.au/Images/NWG-WGM39020803.jpg,Watchguard,WGM39020803,2680.00,3339.00
NWG-WG9018,Watchguard Accessories,WatchGuard Firebox M 3rd Gen 4 x 1Gb Copper Module,https://www.leadersystems.com.au/Images/NWG-WG9018.jpg,Watchguard,WG9018,741.00,1022.00
NWG-WG9021,Watchguard Accessories,WatchGuard Firebox M 3rd Gen Multispeed PoE+ Module,https://www.leadersystems.com.au/Images/NWG-WG9021.jpg,Watchguard,WG9021,2156.00,2978.00
NWG-WGM69040701,Subscriptions  Licensing,WatchGuard Gold Support Renewal/Upgrade 1-yr for Firebox M690,https://www.leadersystems.com.au/Images/NWG-WGM69040701.jpg,Watchguard,WGM69040701,3289.00,4098.00
NWG-WGM39021803,Subscriptions  Licensing,WatchGuard Cloud 1-month data retention for M390 - 3-yr,https://www.leadersystems.com.au/Images/NWG-WGM39021803.jpg,Watchguard,WGM39021803,2239.00,2789.00
NWG-WGT26171,Cloud  Server Security,WatchGuard APT Blocker 1-yr for Firebox T25-W,https://www.leadersystems.com.au/Images/NWG-WGT26171.jpg,Watchguard,WGT26171,229.00,286.00
NWG-WGT26173,Cloud  Server Security,WatchGuard APT Blocker 3-yr for Firebox T25-W,https://www.leadersystems.com.au/Images/NWG-WGT26173.jpg,Watchguard,WGT26173,561.00,699.00
NWG-WGT45343,Subscriptions  Licensing,WatchGuard Basic Security SuiteRenewal/Upgrade 3-yr for Firebox T45,https://www.leadersystems.com.au/Images/NWG-WGT45343.jpg,Watchguard,WGT45343,1623.00,2022.00
NWG-WGT45351,Subscriptions  Licensing,WatchGuard Total Security SuiteRenewal/Upgrade 1-yr for Firebox T45,https://www.leadersystems.com.au/Images/NWG-WGT45351.jpg,Watchguard,WGT45351,1343.00,1674.00
NWG-WGT47343,Subscriptions  Licensing,WatchGuard Basic Security Suite Renewal/Upgrade 3-yr for Firebox T45-PoE,https://www.leadersystems.com.au/Images/NWG-WGT47343.jpg,Watchguard,WGT47343,1673.00,2084.00
NWG-WGT47351,Subscriptions  Licensing,WatchGuard Total Security Suite Renewal/Upgrade 1-yr for Firebox T45-PoE,https://www.leadersystems.com.au/Images/NWG-WGT47351.jpg,Watchguard,WGT47351,1343.00,1674.00
NWG-WGT48173,Cloud  Server Security,WatchGuard APT Blocker 3-yr for Firebox T45-W-PoE,https://www.leadersystems.com.au/Images/NWG-WGT48173.jpg,Watchguard,WGT48173,1057.00,1317.00
NWG-WGVME111,Email Security,WatchGuard spamBlocker 1-yr for FireboxV Medium,https://www.leadersystems.com.au/Images/NWG-WGVME111.jpg,Watchguard,WGVME111,1070.00,1333.00
NWG-WGVLG351,Subscriptions  Licensing,WatchGuard Total Security Suite Renewal/Upgrade 1-yr for FireboxV Large,https://www.leadersystems.com.au/Images/NWG-WGVLG351.jpg,Watchguard,WGVLG351,9308.00,11810.00
NWG-WGVLG173,Cloud  Server Security,WatchGuard APT Blocker 3-yr for FireboxV Large,https://www.leadersystems.com.au/Images/NWG-WGVLG173.jpg,Watchguard,WGVLG173,5450.00,6915.00
NWG-WGVLG101,Cloud  Server Security,WatchGuard WebBlocker 1-yr for FireboxV Large,https://www.leadersystems.com.au/Images/NWG-WGVLG101.jpg,Watchguard,WGVLG101,2267.00,2876.00
NWG-WGVXL353,Subscriptions  Licensing,WatchGuard Total Security Suite Renewal/Upgrade 3-yr for FireboxV XLarge,https://www.leadersystems.com.au/Images/NWG-WGVXL353.jpg,Watchguard,WGVXL353,45780.00,67782.00
NWG-WGVXL261,Subscriptions  Licensing,WatchGuard Gold Support Renewal/Upgrade 1-yr for FireboxV XLarge,https://www.leadersystems.com.au/Images/NWG-WGVXL261.jpg,Watchguard,WGVXL261,4496.00,5705.00
NWG-WGVXL181,Subscriptions  Licensing,WatchGuard Network Discovery 1-yr for FireboxV XLarge,https://www.leadersystems.com.au/Images/NWG-WGVXL181.jpg,Watchguard,WGVXL181,4533.00,5752.00
NWG-WGM37121,Subscriptions  Licensing,WatchGuard Gateway AntiVirus 1-yr for Firebox M370,https://www.leadersystems.com.au/Images/NWG-WGM37121.jpg,Watchguard,WGM37121,821.00,1023.00
NWG-WGT8021801,Cloud  Server Security,WatchGuard Cloud 1-month data retention for T80 - 1-yr,https://www.leadersystems.com.au/Images/NWG-WGT8021801.jpg,Watchguard,WGT8021801,473.00,589.00
NWG-WGM47201,Subscriptions  Licensing,WatchGuard Standard Support Renewal 1-yr for Firebox M470,https://www.leadersystems.com.au/Images/NWG-WGM47201.jpg,Watchguard,WGM47201,1029.00,1282.00
NWG-WGM47101,Cloud  Server Security,WatchGuard WebBlocker 1-yr for M470,https://www.leadersystems.com.au/Images/NWG-WGM47101.jpg,Watchguard,WGM47101,1331.00,1658.00
NWG-WGT85201,Subscriptions  Licensing,WatchGuard Standard Support Renewal 1-yr for Firebox T85-PoE,https://www.leadersystems.com.au/Images/NWG-WGT85201.jpg,Watchguard,WGT85201,461.00,575.00
NWG-WGT85263,Subscriptions  Licensing,WatchGuard Gold Support Renewal/Upgrade 3-yr for Firebox T85-PoE,https://www.leadersystems.com.au/Images/NWG-WGT85263.jpg,Watchguard,WGT85263,1679.00,2092.00
NWG-WGM69020803,Cloud  Server Security,WatchGuard APT Blocker 3-yr for Firebox M690,https://www.leadersystems.com.au/Images/NWG-WGM69020803.jpg,Watchguard,WGM69020803,7394.00,9211.00
NWG-WGM59040303,Subscriptions  Licensing,WatchGuard Total Security Suite Renewal/Upgrade 3-yr for Firebox M590,https://www.leadersystems.com.au/Images/NWG-WGM59040303.jpg,Watchguard,WGM59040303,20900.00,26036.00
NWG-WGPTCH30703,Endpoint  Mobile Protection,Watchguard Endpoint Module - Patch Management - 3 Year - 5001+ licenses,https://www.leadersystems.com.au/Images/NWG-WGPTCH30703.jpg,Watchguard,WGPTCH30703,32.00,41.00
NWG-WGPTCH30303,Endpoint  Mobile Protection,Watchguard Endpoint Module - Patch Management - 3 Year - 101 to 250 licenses,https://www.leadersystems.com.au/Images/NWG-WGPTCH30303.jpg,Watchguard,WGPTCH30303,56.00,70.00
NWG-WGINSG30503,Endpoint  Mobile Protection,Watchguard Endpoint Module - Advanced Reporting Tool - 3 Year - 501 to 1000 licenses,https://www.leadersystems.com.au/Images/NWG-WGINSG30503.jpg,Watchguard,WGINSG30503,31.00,40.00
NWG-WGINSG30401,Endpoint  Mobile Protection,Watchguard Endpoint Module - Advanced Reporting Tool - 1 Year - 251 to 500 licenses,https://www.leadersystems.com.au/Images/NWG-WGINSG30401.jpg,Watchguard,WGINSG30401,15.00,20.00
NWG-WGINSG30703,Endpoint  Mobile Protection,Watchguard Endpoint Module - Advanced Reporting Tool - 3 Year - 5001+ licenses,https://www.leadersystems.com.au/Images/NWG-WGINSG30703.jpg,Watchguard,WGINSG30703,24.00,30.00
NWG-WGINSG30701,Endpoint  Mobile Protection,Watchguard Endpoint Module - Advanced Reporting Tool - 1 Year - 5001+ licenses,https://www.leadersystems.com.au/Images/NWG-WGINSG30701.jpg,Watchguard,WGINSG30701,10.00,13.00
NWG-WGINSG30203,Endpoint  Mobile Protection,Watchguard Endpoint Module - Advanced Reporting Tool - 3 Year - 51 to 100 licenses,https://www.leadersystems.com.au/Images/NWG-WGINSG30203.jpg,Watchguard,WGINSG30203,46.00,58.00
NWG-WGINSG30103,Endpoint  Mobile Protection,Watchguard Endpoint Module - Advanced Reporting Tool - 3 Year - 1 to 50 licenses,https://www.leadersystems.com.au/Images/NWG-WGINSG30103.jpg,Watchguard,WGINSG30103,52.00,66.00
NWG-WGM57181,Subscriptions  Licensing,WatchGuard Network Discovery 1-yr for Firebox M570,https://www.leadersystems.com.au/Images/NWG-WGM57181.jpg,Watchguard,WGM57181,2071.00,2580.00
NWG-WGM67151,Subscriptions  Licensing,WatchGuard Application Control 1-yr for Firebox M670,https://www.leadersystems.com.au/Images/NWG-WGM67151.jpg,Watchguard,WGM67151,2873.00,3579.00
NWG-WGM69040103,Subscriptions  Licensing,WatchGuard Standard Support Renewal 3-yr for Firebox M690,https://www.leadersystems.com.au/Images/NWG-WGM69040103.jpg,Watchguard,WGM69040103,5503.00,6856.00
NWG-WGM29040701,Subscriptions  Licensing,WatchGuard Gold Support Renewal/Upgrade 1-yr for Firebox M290,https://www.leadersystems.com.au/Images/NWG-WGM29040701.jpg,Watchguard,WGM29040701,791.00,986.00
NWG-WGENCR30401,Endpoint  Mobile Protection,Watchguard Endpoint Module - Full Encryption - 1 Year - 251 to 500 licenses,https://www.leadersystems.com.au/Images/NWG-WGENCR30401.jpg,Watchguard,WGENCR30401,16.00,20.00
NWG-WGM29020801,Cloud  Server Security,WatchGuard APT Blocker 1-yr for Firebox M290,https://www.leadersystems.com.au/Images/NWG-WGM29020801.jpg,Watchguard,WGM29020801,740.00,922.00
NWG-WGM39040201,Subscriptions  Licensing,WatchGuard Basic Security Suite Renewal/Upgrade 1-yr for Firebox M390,https://www.leadersystems.com.au/Images/NWG-WGM39040201.jpg,Watchguard,WGM39040201,2288.00,2851.00
NWG-WGENCR30701,Endpoint  Mobile Protection,Watchguard Endpoint Module - Full Encryption - 1 Year - 5001+ licenses,https://www.leadersystems.com.au/Images/NWG-WGENCR30701.jpg,Watchguard,WGENCR30701,10.00,13.00
NWG-WGENCR30603,Endpoint  Mobile Protection,Watchguard Endpoint Module - Full Encryption - 3 Year - 1001 to 5000 licenses,https://www.leadersystems.com.au/Images/NWG-WGENCR30603.jpg,Watchguard,WGENCR30603,28.00,35.00
NWG-WGENCR30103,Endpoint  Mobile Protection,Watchguard Endpoint Module - Full Encryption - 3 Year - 1 to 50 licenses,https://www.leadersystems.com.au/Images/NWG-WGENCR30103.jpg,Watchguard,WGENCR30103,54.00,67.00
NWG-WGPTCH30603,Endpoint  Mobile Protection,Watchguard Endpoint Module - Patch Management - 3 Year - 1001 to 5000 licenses,https://www.leadersystems.com.au/Images/NWG-WGPTCH30603.jpg,Watchguard,WGPTCH30603,37.00,47.00
NWG-WGPTCH30503,Endpoint  Mobile Protection,Watchguard Endpoint Module - Patch Management - 3 Year - 501 to 1000 licenses,https://www.leadersystems.com.au/Images/NWG-WGPTCH30503.jpg,Watchguard,WGPTCH30503,43.00,54.00
NWG-WGINSG30603,Endpoint  Mobile Protection,Watchguard Endpoint Module - Advanced Reporting Tool - 3 Year - 1001 to 5000 licenses,https://www.leadersystems.com.au/Images/NWG-WGINSG30603.jpg,Watchguard,WGINSG30603,27.00,34.00
NWG-WGENCR30503,Endpoint  Mobile Protection,Watchguard Endpoint Module - Full Encryption - 3 Year - 501 to 1000 licenses,https://www.leadersystems.com.au/Images/NWG-WGENCR30503.jpg,Watchguard,WGENCR30503,32.00,41.00
NWG-WGENCR30203,Endpoint  Mobile Protection,Watchguard Endpoint Module - Full Encryption - 3 Year - 51 to 100 licenses,https://www.leadersystems.com.au/Images/NWG-WGENCR30203.jpg,Watchguard,WGENCR30203,47.00,60.00
NWG-WGM39020801,Cloud  Server Security,WatchGuard APT Blocker 1-yr for Firebox M390,https://www.leadersystems.com.au/Images/NWG-WGM39020801.jpg,Watchguard,WGM39020801,1119.00,1395.00
NWG-WGWFC201,Subscriptions  Licensing,"WatchGuard 1-yr Basic Wi-Fi Renewal/Upgrade, 1 AP",https://www.leadersystems.com.au/Images/NWG-WGWFC201.jpg,Watchguard,WGWFC201,131.00,163.00
NWG-WGT15181,Subscriptions  Licensing,WatchGuard Network Discovery 1-yr for Firebox T15,https://www.leadersystems.com.au/Images/NWG-WGT15181.jpg,Watchguard,WGT15181,137.00,171.00
NWG-WGT16261,Subscriptions  Licensing,WatchGuard Gold Support Renewal/Upgrade 1-yr for Firebox T15-W,https://www.leadersystems.com.au/Images/NWG-WGT16261.jpg,Watchguard,WGT16261,172.00,214.00
NWG-WGT16131,Subscriptions  Licensing,WatchGuard Intrusion Prevention Service 1-yr for Firebox T15-W,https://www.leadersystems.com.au/Images/NWG-WGT16131.jpg,Watchguard,WGT16131,174.00,217.00
NWG-WGM27101,Cloud  Server Security,WatchGuard WebBlocker 1-yr for Firebox M270,https://www.leadersystems.com.au/Images/NWG-WGM27101.jpg,Watchguard,WGM27101,628.00,783.00
NWG-WG9023,Watchguard Accessories,WatchGuard Firebox T25/T45 Rack Kit,https://www.leadersystems.com.au/Images/NWG-WG9023.jpg,Watchguard,WG9023,72.00,99.00
NWG-WGT25353,Subscriptions  Licensing,WatchGuard Total Security Suite Renewal/Upgrade 3-yr for Firebox T25,https://www.leadersystems.com.au/Images/NWG-WGT25353.jpg,Watchguard,WGT25353,1921.00,2394.00
NWG-WGT45341,Subscriptions  Licensing,WatchGuard Basic Security SuiteRenewal/Upgrade 1-yr for Firebox T45,https://www.leadersystems.com.au/Images/NWG-WGT45341.jpg,Watchguard,WGT45341,696.00,868.00
NWG-WGT47341,Subscriptions  Licensing,WatchGuard Basic Security Suite Renewal/Upgrade 1-yr for Firebox T45-PoE,https://www.leadersystems.com.au/Images/NWG-WGT47341.jpg,Watchguard,WGT47341,696.00,868.00
NWG-WGT48351,Subscriptions  Licensing,WatchGuard Total Security Suite Renewal/Upgrade 1-yr for Firebox T45-W-PoE,https://www.leadersystems.com.au/Images/NWG-WGT48351.jpg,Watchguard,WGT48351,1810.00,2255.00
NWG-WGT85173,Cloud  Server Security,WatchGuard APT Blocker 3-yr for Firebox T85-PoE,https://www.leadersystems.com.au/Images/NWG-WGT85173.jpg,Watchguard,WGT85173,1505.00,1875.00
NWG-WGT85343,Subscriptions  Licensing,WatchGuard Basic Security Suite Renewal/Upgrade 3-yr for Firebox T85-PoE,https://www.leadersystems.com.au/Images/NWG-WGT85343.jpg,Watchguard,WGT85343,3084.00,3843.00
NWG-WGT25341,Subscriptions  Licensing,WatchGuard Basic Security Suite Renewal/Upgrade 1-yr for Firebox T25,https://www.leadersystems.com.au/Images/NWG-WGT25341.jpg,Watchguard,WGT25341,400.00,499.00
NWG-WGT25351,Subscriptions  Licensing,WatchGuard Total Security Suite Renewal/Upgrade 1-yr for Firebox T25,https://www.leadersystems.com.au/Images/NWG-WGT25351.jpg,Watchguard,WGT25351,796.00,992.00
NWG-WGPTCH30701,Endpoint  Mobile Protection,Watchguard Endpoint Module - Patch Management - 1 Year - 5001+ licenses,https://www.leadersystems.com.au/Images/NWG-WGPTCH30701.jpg,Watchguard,WGPTCH30701,13.00,17.00
NWG-WGPTCH30301,Endpoint  Mobile Protection,Watchguard Endpoint Module - Patch Management - 1 Year - 101 to 250 licenses,https://www.leadersystems.com.au/Images/NWG-WGPTCH30301.jpg,Watchguard,WGPTCH30301,23.00,30.00
NWG-WGINSG30501,Endpoint  Mobile Protection,Watchguard Endpoint Module - Advanced Reporting Tool - 1 Year - 501 to 1000 licenses,https://www.leadersystems.com.au/Images/NWG-WGINSG30501.jpg,Watchguard,WGINSG30501,13.00,17.00
NWG-WGINSG30403,Endpoint  Mobile Protection,Watchguard Endpoint Module - Advanced Reporting Tool - 3 Year - 251 to 500 licenses,https://www.leadersystems.com.au/Images/NWG-WGINSG30403.jpg,Watchguard,WGINSG30403,37.00,46.00
NWG-WGENCR30601,Endpoint  Mobile Protection,Watchguard Endpoint Module - Full Encryption - 1 Year - 1001 to 5000 licenses,https://www.leadersystems.com.au/Images/NWG-WGENCR30601.jpg,Watchguard,WGENCR30601,12.00,15.00
NWG-WGT26261,Subscriptions  Licensing,WatchGuard Gold Support Renewal/Upgrade 1-yr for Firebox T25-W,https://www.leadersystems.com.au/Images/NWG-WGT26261.jpg,Watchguard,WGT26261,255.00,318.00
NWG-WGT26341,Subscriptions  Licensing,WatchGuard Basic Security Suite Renewal/Upgrade 1-yr for Firebox T25-W,https://www.leadersystems.com.au/Images/NWG-WGT26341.jpg,Watchguard,WGT26341,469.00,585.00
NWG-WGT47203,Subscriptions  Licensing,WatchGuard Standard Support Renewal 3-yr for Firebox T45-PoE,https://www.leadersystems.com.au/Images/NWG-WGT47203.jpg,Watchguard,WGT47203,603.00,751.00
NWG-WGMDR30403,Managed Detection  Response (MDR),WatchGuard Core MDR - 3 Year - 251 to 500 licenses,https://www.leadersystems.com.au/Images/NWG-WGMDR30403.jpg,Watchguard,WGMDR30403,143.00,170.00
NWG-WGMDR30501,Managed Detection  Response (MDR),WatchGuard Core MDR - 1 Year - 501 to 1000 licenses,https://www.leadersystems.com.au/Images/NWG-WGMDR30501.jpg,Watchguard,WGMDR30501,53.00,63.00
NWG-WGT47263,Subscriptions  Licensing,WatchGuard Gold Support Renewal/Upgrade 3-yr for Firebox T45-PoE,https://www.leadersystems.com.au/Images/NWG-WGT47263.jpg,Watchguard,WGT47263,838.00,1045.00
NWG-WGT48175,Cloud  Server Security,WatchGuard APT Blocker 5-yr for Firebox T45-W-PoE,https://www.leadersystems.com.au/Images/NWG-WGT48175.jpg,Watchguard,WGT48175,1926.00,2444.00
NWG-WGT48201,Subscriptions  Licensing,WatchGuard Standard Support Renewal 1-yr for Firebox T45-W-PoE,https://www.leadersystems.com.au/Images/NWG-WGT48201.jpg,Watchguard,WGT48201,330.00,411.00
NWG-WGENCR30101,Endpoint  Mobile Protection,Watchguard Endpoint Module - Full Encryption - 1 Year - 1 to 50 licenses,https://www.leadersystems.com.au/Images/NWG-WGENCR30101.jpg,Watchguard,WGENCR30101,22.00,28.00
NWG-WGCSM061,Firewalls  Network Security,Trade up to WatchGuard Firebox Cloud Small with 1-yr Basic Security Suite,https://www.leadersystems.com.au/Images/NWG-WGCSM061.jpg,Watchguard,WGCSM061,1465.00,1984.00
NWG-WGCLG063,Firewalls  Network Security,Trade up to WatchGuard Firebox Cloud Large with 3-yr Basic Security Suite,https://www.leadersystems.com.au/Images/NWG-WGCLG063.jpg,Watchguard,WGCLG063,12962.00,17875.00
NWG-WGCXL671,Firewalls  Network Security,Trade up to WatchGuard Firebox Cloud XLarge with 1-yr Total Security Suite,https://www.leadersystems.com.au/Images/NWG-WGCXL671.jpg,Watchguard,WGCXL671,24443.00,33708.00
NWG-WGCXL061,Firewalls  Network Security,Trade up to WatchGuard Firebox Cloud XLarge with 1-yr Basic Security Suite,https://www.leadersystems.com.au/Images/NWG-WGCXL061.jpg,Watchguard,WGCXL061,14581.00,20107.00
NWG-WGVSM001,Firewalls  Network Security,WatchGuard FireboxV Small with 1-yr Standard Support - Only available to WGOne Silver/Gold Partners,https://www.leadersystems.com.au/Images/NWG-WGVSM001.jpg,Watchguard,WGVSM001,1396.00,1891.00
NWG-WGVME673,Firewalls  Network Security,Trade up to WatchGuard FireboxV Medium with 3-yr Total Security Suite,https://www.leadersystems.com.au/Images/NWG-WGVME673.jpg,Watchguard,WGVME673,11373.00,15400.00
NWG-WGVME063,Firewalls  Network Security,Trade up to WatchGuard FireboxV Medium with 3-yr Basic Security Suite,https://www.leadersystems.com.au/Images/NWG-WGVME063.jpg,Watchguard,WGVME063,6081.00,8235.00
NWG-WGVLG003,Firewalls  Network Security,WatchGuard FireboxV Large with 3-yr Standard Support - Only available to WGOne Silver/Gold Partners,https://www.leadersystems.com.au/Images/NWG-WGVLG003.jpg,Watchguard,WGVLG003,8814.00,12155.00
NWG-WGVXL641,Firewalls  Network Security,WatchGuard FireboxV XLarge with 1-yr Total Security Suite,https://www.leadersystems.com.au/Images/NWG-WGVXL641.jpg,Watchguard,WGVXL641,29019.00,40017.00
NWG-WGVXL001,Firewalls  Network Security,WatchGuard FireboxV XLarge with 1-yr Standard Support - Only available to WGOne Silver/Gold Partners,https://www.leadersystems.com.au/Images/NWG-WGVXL001.jpg,Watchguard,WGVXL001,13885.00,19148.00
NWG-WG8585,Watchguard Accessories,Transceiver 1Gb Short-Range SFP for WatchGuard Firebox M,https://www.leadersystems.com.au/Images/NWG-WG8585.jpg,Watchguard,WG8585,146.00,205.00
NWG-WG8593,Watchguard Accessories,WatchGuard Firebox M 8 Port 1Gb SFP Fiber Module,https://www.leadersystems.com.au/Images/NWG-WG8593.jpg,Watchguard,WG8593,1535.00,2067.00
NWG-WGMDR30201,Managed Detection  Response (MDR),WatchGuard Core MDR - 1 Year - 51 to 100 licenses,https://www.leadersystems.com.au/Images/NWG-WGMDR30201.jpg,Watchguard,WGMDR30201,86.00,103.00
NWG-WGT25171,Cloud  Server Security,WatchGuard APT Blocker 1-yr for Firebox T25,https://www.leadersystems.com.au/Images/NWG-WGT25171.jpg,Watchguard,WGT25171,192.00,239.00
NWG-WGT25175,Cloud  Server Security,WatchGuard APT Blocker 5-yr for Firebox T25,https://www.leadersystems.com.au/Images/NWG-WGT25175.jpg,Watchguard,WGT25175,845.00,1072.00
NWG-WGT25201,Subscriptions  Licensing,WatchGuard Standard Support Renewal 1-yr for Firebox T25,https://www.leadersystems.com.au/Images/NWG-WGT25201.jpg,Watchguard,WGT25201,141.00,176.00
NWG-WGT25261,Subscriptions  Licensing,WatchGuard Gold Support Renewal/Upgrade 1-yr for Firebox T25,https://www.leadersystems.com.au/Images/NWG-WGT25261.jpg,Watchguard,WGT25261,221.00,275.00
NWG-WGT26351,Subscriptions  Licensing,WatchGuard Total Security Suite Renewal/Upgrade 1-yr for Firebox T25-W,https://www.leadersystems.com.au/Images/NWG-WGT26351.jpg,Watchguard,WGT26351,960.00,1197.00
NWG-WGMDR30503,Managed Detection  Response (MDR),WatchGuard Core MDR - 3 Year - 501 to 1000 licenses,https://www.leadersystems.com.au/Images/NWG-WGMDR30503.jpg,Watchguard,WGMDR30503,127.00,151.00
NWG-WGT49171,Cloud  Server Security,WatchGuard APT Blocker 1-yr for Firebox T45-CW,https://www.leadersystems.com.au/Images/NWG-WGT49171.jpg,Watchguard,WGT49171,386.00,481.00
NWG-WGT49341,Subscriptions  Licensing,WatchGuard Basic Security Suite Renewal/Upgrade 1-yr for Firebox T45-CW,https://www.leadersystems.com.au/Images/NWG-WGT49341.jpg,Watchguard,WGT49341,909.00,1133.00
NWG-WGT45173,Cloud  Server Security,WatchGuard APT Blocker 3-yr for Firebox T45,https://www.leadersystems.com.au/Images/NWG-WGT45173.jpg,Watchguard,WGT45173,815.00,1015.00
NWG-WGT45201,Subscriptions  Licensing,WatchGuard Standard Support Renewal 1-yr for Firebox T45,https://www.leadersystems.com.au/Images/NWG-WGT45201.jpg,Watchguard,WGT45201,255.00,318.00
NWG-WGT47171,Cloud  Server Security,WatchGuard APT Blocker 1-yr for Firebox T45-PoE,https://www.leadersystems.com.au/Images/NWG-WGT47171.jpg,Watchguard,WGT47171,342.00,427.00
NWG-WGT45203,Subscriptions  Licensing,WatchGuard Standard Support Renewal 3-yr for Firebox T45,https://www.leadersystems.com.au/Images/NWG-WGT45203.jpg,Watchguard,WGT45203,585.00,729.00
NWG-WGT45263,Subscriptions  Licensing,WatchGuard Gold Support Renewal/Upgrade 3-yr for Firebox T45,https://www.leadersystems.com.au/Images/NWG-WGT45263.jpg,Watchguard,WGT45263,838.00,1045.00
NWG-WGT48353,Subscriptions  Licensing,WatchGuard Total Security Suite Renewal/Upgrade 3-yr for Firebox T45-W-PoE,https://www.leadersystems.com.au/Images/NWG-WGT48353.jpg,Watchguard,WGT48353,4340.00,5408.00
NWG-WGT47175,Cloud  Server Security,WatchGuard APT Blocker 5-yr for Firebox T45-PoE,https://www.leadersystems.com.au/Images/NWG-WGT47175.jpg,Watchguard,WGT47175,1493.00,1894.00
NWG-WGT48261,Subscriptions  Licensing,WatchGuard Gold Support Renewal/Upgrade 1-yr for Firebox T45-W-PoE,https://www.leadersystems.com.au/Images/NWG-WGT48261.jpg,Watchguard,WGT48261,492.00,613.00
NWG-WGT48341,Subscriptions  Licensing,WatchGuard Basic Security Suite Renewal/Upgrade 1-yr for Firebox T45-W-PoE,https://www.leadersystems.com.au/Images/NWG-WGT48341.jpg,Watchguard,WGT48341,910.00,1135.00
NWG-WGT85171,Cloud  Server Security,WatchGuard APT Blocker 1-yr for Firebox T85-PoE,https://www.leadersystems.com.au/Images/NWG-WGT85171.jpg,Watchguard,WGT85171,623.00,777.00
NWG-WGT85175,Cloud  Server Security,WatchGuard APT Blocker 5-yr for Firebox T85-PoE,https://www.leadersystems.com.au/Images/NWG-WGT85175.jpg,Watchguard,WGT85175,2739.00,3475.00
NWG-WGT85341,Subscriptions  Licensing,WatchGuard Basic Security Suite Renewal/Upgrade 1-yr for Firebox T85-PoE,https://www.leadersystems.com.au/Images/NWG-WGT85341.jpg,Watchguard,WGT85341,1281.00,1596.00
NWG-WGT85351,Subscriptions  Licensing,WatchGuard Total Security Suite Renewal/Upgrade 1-yr for Firebox T85-PoE,https://www.leadersystems.com.au/Images/NWG-WGT85351.jpg,Watchguard,WGT85351,2574.00,3208.00
NWG-WGT26175,Cloud  Server Security,WatchGuard APT Blocker 5-yr for Firebox T25-W,https://www.leadersystems.com.au/Images/NWG-WGT26175.jpg,Watchguard,WGT26175,1014.00,1287.00
NWG-WGT49263,Subscriptions  Licensing,WatchGuard Gold Support Renewal/Upgrade 3-yr for Firebox T45-CW,https://www.leadersystems.com.au/Images/NWG-WGT49263.jpg,Watchguard,WGT49263,980.00,1221.00
NWG-WGT49343,Subscriptions  Licensing,WatchGuard Basic Security Suite Renewal/Upgrade 3-yr for Firebox T45-CW,https://www.leadersystems.com.au/Images/NWG-WGT49343.jpg,Watchguard,WGT49343,2164.00,2696.00
NWG-WGTIS30701,Identity  Access Security,WatchGuard AuthPoint Total Identity Security - 1 Year - 5001+ users,https://www.leadersystems.com.au/Images/NWG-WGTIS30701.jpg,Watchguard,WGTIS30701,24.00,31.00
NWG-WGTIS30703,Identity  Access Security,WatchGuard AuthPoint Total Identity Security - 3 Year - 5001+ users,https://www.leadersystems.com.au/Images/NWG-WGTIS30703.jpg,Watchguard,WGTIS30703,58.00,73.00
NWG-WGT26201,Subscriptions  Licensing,WatchGuard Standard Support Renewal 1-yr for Firebox T25-W,https://www.leadersystems.com.au/Images/NWG-WGT26201.jpg,Watchguard,WGT26201,173.00,216.00
NWG-WGT45353,Subscriptions  Licensing,WatchGuard Total Security SuiteRenewal/Upgrade 3-yr for Firebox T45,https://www.leadersystems.com.au/Images/NWG-WGT45353.jpg,Watchguard,WGT45353,3115.00,3881.00
NWG-WGT47353,Subscriptions  Licensing,WatchGuard Total Security Suite Renewal/Upgrade 3-yr for Firebox T45-PoE,https://www.leadersystems.com.au/Images/NWG-WGT47353.jpg,Watchguard,WGT47353,3215.00,4005.00
NWG-WGCXL521,Subscriptions  Licensing,WatchGuard Cloud 1-month data retention for Firebox Cloud XLarge - 1-yr,https://www.leadersystems.com.au/Images/NWG-WGCXL521.jpg,Watchguard,WGCXL521,4533.00,5752.00
NWG-WGVXL523,Subscriptions  Licensing,WatchGuard Cloud 1-month data retention for FireboxV XLarge - 3-yr,https://www.leadersystems.com.au/Images/NWG-WGVXL523.jpg,Watchguard,WGVXL523,13594.00,17247.00
NWG-WG460521,Subscriptions  Licensing,WatchGuard Cloud 1-month data retention for M4600 - 1-yr,https://www.leadersystems.com.au/Images/NWG-WG460521.jpg,Watchguard,WG460521,4546.00,5768.00
NWG-WGT48171,Cloud  Server Security,WatchGuard APT Blocker 1-yr for Firebox T45-W-PoE,https://www.leadersystems.com.au/Images/NWG-WGT48171.jpg,Watchguard,WGT48171,437.00,544.00
NWG-WGT85203,Subscriptions  Licensing,WatchGuard Standard Support Renewal 3-yr for Firebox T85-PoE,https://www.leadersystems.com.au/Images/NWG-WGT85203.jpg,Watchguard,WGT85203,1126.00,1403.00
NWG-WGT85261,Subscriptions  Licensing,WatchGuard Gold Support Renewal/Upgrade 1-yr for Firebox T85-PoE,https://www.leadersystems.com.au/Images/NWG-WGT85261.jpg,Watchguard,WGT85261,696.00,868.00
NWG-WGT25203,Subscriptions  Licensing,WatchGuard Standard Support Renewal 3-yr for Firebox T25,https://www.leadersystems.com.au/Images/NWG-WGT25203.jpg,Watchguard,WGT25203,346.00,431.00
NWG-WGT25263,Subscriptions  Licensing,WatchGuard Gold Support Renewal/Upgrade 3-yr for Firebox T25,https://www.leadersystems.com.au/Images/NWG-WGT25263.jpg,Watchguard,WGT25263,509.00,635.00
NWG-WGT26353,Subscriptions  Licensing,WatchGuard Total Security Suite Renewal/Upgrade 3-yr for Firebox T25-W,https://www.leadersystems.com.au/Images/NWG-WGT26353.jpg,Watchguard,WGT26353,2301.00,2867.00
NWG-WGTIS30403,Identity  Access Security,WatchGuard AuthPoint Total Identity Security - 3 Year - 251 to 500 users,https://www.leadersystems.com.au/Images/NWG-WGTIS30403.jpg,Watchguard,WGTIS30403,90.00,112.00
NWG-WGTIS30601,Identity  Access Security,WatchGuard AuthPoint Total Identity Security - 1 Year - 1001 to 5000 users,https://www.leadersystems.com.au/Images/NWG-WGTIS30601.jpg,Watchguard,WGTIS30601,28.00,35.00
NWG-WGTIS30503,Identity  Access Security,WatchGuard AuthPoint Total Identity Security - 3 Year - 501 to 1000 users,https://www.leadersystems.com.au/Images/NWG-WGTIS30503.jpg,Watchguard,WGTIS30503,78.00,97.00
NWG-WGT45171,Cloud  Server Security,WatchGuard APT Blocker 1-yr for Firebox T45,https://www.leadersystems.com.au/Images/NWG-WGT45171.jpg,Watchguard,WGT45171,342.00,427.00
NWG-WGT45175,Cloud  Server Security,WatchGuard APT Blocker 5-yr for Firebox T45,https://www.leadersystems.com.au/Images/NWG-WGT45175.jpg,Watchguard,WGT45175,1493.00,1894.00
NWG-WGT47173,Cloud  Server Security,WatchGuard APT Blocker 3-yr for Firebox T45-PoE,https://www.leadersystems.com.au/Images/NWG-WGT47173.jpg,Watchguard,WGT47173,815.00,1015.00
NWG-WGMDR30101,Managed Detection  Response (MDR),WatchGuard Core MDR - 1 Year - 1 to 50 licenses,https://www.leadersystems.com.au/Images/NWG-WGMDR30101.jpg,Watchguard,WGMDR30101,99.00,118.00
NWG-WGT47201,Subscriptions  Licensing,WatchGuard Standard Support Renewal 1-yr for Firebox T45-PoE,https://www.leadersystems.com.au/Images/NWG-WGT47201.jpg,Watchguard,WGT47201,255.00,318.00
NWG-WGT48263,Subscriptions  Licensing,WatchGuard Gold Support Renewal/Upgrade 3-yr for Firebox T45-W-PoE,https://www.leadersystems.com.au/Images/NWG-WGT48263.jpg,Watchguard,WGT48263,1145.00,1427.00
NWG-WGT48343,Subscriptions  Licensing,WatchGuard Basic Security Suite Renewal/Upgrade 3-yr for Firebox T45-W-PoE,https://www.leadersystems.com.au/Images/NWG-WGT48343.jpg,Watchguard,WGT48343,2170.00,2704.00
NWG-WGMDR30103,Managed Detection  Response (MDR),WatchGuard Core MDR - 3 Year - 1 to 50 licenses,https://www.leadersystems.com.au/Images/NWG-WGMDR30103.jpg,Watchguard,WGMDR30103,238.00,283.00
NWG-WGMDR30203,Managed Detection  Response (MDR),WatchGuard Core MDR - 3 Year - 51 to 100 licenses,https://www.leadersystems.com.au/Images/NWG-WGMDR30203.jpg,Watchguard,WGMDR30203,206.00,246.00
NWG-WGMDR30601,Managed Detection  Response (MDR),WatchGuard Core MDR - 1 Year - 1001 to 5000 licenses,https://www.leadersystems.com.au/Images/NWG-WGMDR30601.jpg,Watchguard,WGMDR30601,46.00,55.00
NWG-WGMDR30701,Managed Detection  Response (MDR),WatchGuard Core MDR - 1 Year - 5001+ licenses,https://www.leadersystems.com.au/Images/NWG-WGMDR30701.jpg,Watchguard,WGMDR30701,43.00,52.00
NWG-WGMDR30703,Managed Detection  Response (MDR),WatchGuard Core MDR - 3 Year - 5001+ licenses,https://www.leadersystems.com.au/Images/NWG-WGMDR30703.jpg,Watchguard,WGMDR30703,103.00,123.00
NWG-WGT49175,Cloud  Server Security,WatchGuard APT Blocker 5-yr for Firebox T45-CW,https://www.leadersystems.com.au/Images/NWG-WGT49175.jpg,Watchguard,WGT49175,1704.00,2123.00
NWG-WGT49203,Subscriptions  Licensing,WatchGuard Standard Support Renewal 3-yr for Firebox T45-CW,https://www.leadersystems.com.au/Images/NWG-WGT49203.jpg,Watchguard,WGT49203,650.00,811.00
NWG-WGT9014,Watchguard Accessories,Power Adapter with Round Connector (Tan) for WatchGuard Firebox T45-CW (AU),https://www.leadersystems.com.au/Images/NWG-WGT9014.jpg,Watchguard,WGT9014,45.00,61.00
NWG-WGT49173,Cloud  Server Security,WatchGuard APT Blocker 3-yr for Firebox T45-CW,https://www.leadersystems.com.au/Images/NWG-WGT49173.jpg,Watchguard,WGT49173,933.00,1162.00
NWG-WGT80351,Subscriptions  Licensing,WatchGuard Total Security Suite Renewal/Upgrade 1-yr for Firebox T80,https://www.leadersystems.com.au/Images/NWG-WGT80351.jpg,Watchguard,WGT80351,2425.00,3022.00
NWG-WGT41351,Subscriptions  Licensing,WatchGuard Total Security Suite Renewal/Upgrade 1-yr for Firebox T40-W,https://www.leadersystems.com.au/Images/NWG-WGT41351.jpg,Watchguard,WGT41351,1704.00,2123.00
NWG-WGWUM22023,Subscriptions  Licensing,"WatchGuard USP Wi-Fi Management License 3-yr - Renewal/Upgrade, 1 AP",https://www.leadersystems.com.au/Images/NWG-WGWUM22023.jpg,Watchguard,WGWUM22023,311.00,388.00
NWG-WGT20341,Subscriptions  Licensing,WatchGuard Basic Security Suite Renewal/Upgrade 1-yr for Firebox T20,https://www.leadersystems.com.au/Images/NWG-WGT20341.jpg,Watchguard,WGT20341,394.00,492.00
NWG-WGWUM22025,Subscriptions  Licensing,"WatchGuard USP Wi-Fi Management License 5-yr - Renewal/Upgrade, 1 AP",https://www.leadersystems.com.au/Images/NWG-WGWUM22025.jpg,Watchguard,WGWUM22025,466.00,581.00
NWG-WGTIS30201,Identity  Access Security,WatchGuard AuthPoint Total Identity Security - 1 Year - 51 to 100 users,https://www.leadersystems.com.au/Images/NWG-WGTIS30201.jpg,Watchguard,WGTIS30201,47.00,59.00
NWG-WGMDR30303,Managed Detection  Response (MDR),WatchGuard Core MDR - 3 Year - 101 to 250 licenses,https://www.leadersystems.com.au/Images/NWG-WGMDR30303.jpg,Watchguard,WGMDR30303,174.00,208.00
NWG-WGMDR30401,Managed Detection  Response (MDR),WatchGuard Core MDR - 1 Year - 251 to 500 licenses,https://www.leadersystems.com.au/Images/NWG-WGMDR30401.jpg,Watchguard,WGMDR30401,59.00,71.00
NWG-WGT49353,Subscriptions  Licensing,WatchGuard Total Security Suite Renewal/Upgrade 3-yr for Firebox T45-CW,https://www.leadersystems.com.au/Images/NWG-WGT49353.jpg,Watchguard,WGT49353,4322.00,5384.00
NWG-WGTIS30401,Identity  Access Security,WatchGuard AuthPoint Total Identity Security - 1 Year - 251 to 500 users,https://www.leadersystems.com.au/Images/NWG-WGTIS30401.jpg,Watchguard,WGTIS30401,37.00,47.00
NWG-WGTIS30501,Identity  Access Security,WatchGuard AuthPoint Total Identity Security - 1 Year - 501 to 1000 users,https://www.leadersystems.com.au/Images/NWG-WGTIS30501.jpg,Watchguard,WGTIS30501,32.00,41.00
NWG-WGTIS30603,Identity  Access Security,WatchGuard AuthPoint Total Identity Security - 3 Year - 1001 to 5000 users,https://www.leadersystems.com.au/Images/NWG-WGTIS30603.jpg,Watchguard,WGTIS30603,67.00,84.00
NWG-WGT49201,Subscriptions  Licensing,WatchGuard Standard Support Renewal 1-yr for Firebox T45-CW,https://www.leadersystems.com.au/Images/NWG-WGT49201.jpg,Watchguard,WGT49201,274.00,341.00
NWG-WGT49261,Subscriptions  Licensing,WatchGuard Gold Support Renewal/Upgrade 1-yr for Firebox T45-CW,https://www.leadersystems.com.au/Images/NWG-WGT49261.jpg,Watchguard,WGT49261,409.00,510.00
NWG-WGEMA041,Email Security,Panda Email Protection - 1 Year - 51 to 100 users,https://www.leadersystems.com.au/Images/NWG-WGEMA041.jpg,Watchguard,WGEMA041,22.00,30.00
NWG-WGEMA023,Email Security,Panda Email Protection - 3 Year - 11 to 25 users,https://www.leadersystems.com.au/Images/NWG-WGEMA023.jpg,Watchguard,WGEMA023,63.00,83.00
NWG-WGTIS30103,Identity  Access Security,WatchGuard AuthPoint Total Identity Security - 3 Year - 1 to 50 users,https://www.leadersystems.com.au/Images/NWG-WGTIS30103.jpg,Watchguard,WGTIS30103,128.00,160.00
NWG-WGTIS30303,Identity  Access Security,WatchGuard AuthPoint Total Identity Security - 3 Year - 101 to 250 users,https://www.leadersystems.com.au/Images/NWG-WGTIS30303.jpg,Watchguard,WGTIS30303,100.00,125.00
NWG-WGTIS30101,Identity  Access Security,WatchGuard AuthPoint Total Identity Security - 1 Year - 1 to 50 users,https://www.leadersystems.com.au/Images/NWG-WGTIS30101.jpg,Watchguard,WGTIS30101,53.00,67.00
NWG-WGTIS30203,Identity  Access Security,WatchGuard AuthPoint Total Identity Security - 3 Year - 51 to 100 users,https://www.leadersystems.com.au/Images/NWG-WGTIS30203.jpg,Watchguard,WGTIS30203,114.00,142.00
NWG-WGWSM00625,Subscriptions  Licensing,"WatchGuard Standard Wi-Fi Management License 5-yr - Renewal, 1 AP",https://www.leadersystems.com.au/Images/NWG-WGWSM00625.jpg,Watchguard,WGWSM00625,280.00,349.00
NWG-WGWSM00621,Subscriptions  Licensing,"WatchGuard Standard Wi-Fi Management License 1-yr - Renewal, 1 AP",https://www.leadersystems.com.au/Images/NWG-WGWSM00621.jpg,Watchguard,WGWSM00621,93.00,117.00
NWG-WGWUM22021,Subscriptions  Licensing,"WatchGuard USP Wi-Fi Management License 1-yr - Renewal/Upgrade, 1 AP",https://www.leadersystems.com.au/Images/NWG-WGWUM22021.jpg,Watchguard,WGWUM22021,155.00,194.00
NWG-WGPSP30301,Endpoint  Mobile Protection,WatchGuard Passport (EPDR + AuthPoint + DNSWatchGO) - 1 Year - 101 to 250 Users - License Per User,https://www.leadersystems.com.au/Images/NWG-WGPSP30301.jpg,Watchguard,WGPSP30301,98.00,123.00
NWG-WGATH30401,Identity  Access Security,WatchGuard AuthPoint - 1 Year - 251 to 500 Users - License Per User,https://www.leadersystems.com.au/Images/NWG-WGATH30401.jpg,Watchguard,WGATH30401,25.00,31.00
NWG-WGATH30703,Identity  Access Security,WatchGuard AuthPoint - 3 Year - 5001+ Users - License Per User,https://www.leadersystems.com.au/Images/NWG-WGATH30703.jpg,Watchguard,WGATH30703,39.00,49.00
NWG-WGDNS30603,Cloud  Server Security,WatchGuard DNSWatchGO - 3 Year - 1001 to 5000 Users - License Per User,https://www.leadersystems.com.au/Images/NWG-WGDNS30603.jpg,Watchguard,WGDNS30603,59.00,74.00
NWG-WGM48223,Subscriptions  Licensing,WatchGuard Gold Support Renewal/Upgrade 3-yr for Firebox M4800,https://www.leadersystems.com.au/Images/NWG-WGM48223.jpg,Watchguard,WGM48223,13569.00,17215.00
NWG-WGM58171,Cloud  Server Security,WatchGuard APT Blocker 1-yr for Firebox M5800,https://www.leadersystems.com.au/Images/NWG-WGM58171.jpg,Watchguard,WGM58171,12678.00,16084.00
NWG-WGM58333,Subscriptions  Licensing,WatchGuard Basic Security Suite Renewal/Upgrade 3-yr for Firebox M5800,https://www.leadersystems.com.au/Images/NWG-WGM58333.jpg,Watchguard,WGM58333,64781.00,88279.00
NWG-WGPSP30403,Subscriptions  Licensing,WatchGuard Passport (EPDR + AuthPoint + DNSWatchGO) - 3 Year - 251 to 500 Users - License Per User,https://www.leadersystems.com.au/Images/NWG-WGPSP30403.jpg,Watchguard,WGPSP30403,211.00,263.00
NWG-WGM69021801,Subscriptions  Licensing,WatchGuard Cloud 1-month data retention for M690 - 1-yr,https://www.leadersystems.com.au/Images/NWG-WGM69021801.jpg,Watchguard,WGM69021801,2612.00,3254.00
NWG-WGM59040703,Subscriptions  Licensing,WatchGuard Gold Support Renewal/Upgrade 3-yr for Firebox M590,https://www.leadersystems.com.au/Images/NWG-WGM59040703.jpg,Watchguard,WGM59040703,5516.00,6872.00
NWG-WGM59040101,Subscriptions  Licensing,WatchGuard Standard Support Renewal 1-yr for Firebox M590,https://www.leadersystems.com.au/Images/NWG-WGM59040101.jpg,Watchguard,WGM59040101,1648.00,2053.00
NWG-WGM29040201,Subscriptions  Licensing,WatchGuard Basic Security Suite Renewal/Upgrade 1-yr for Firebox M290,https://www.leadersystems.com.au/Images/NWG-WGM29040201.jpg,Watchguard,WGM29040201,1517.00,1891.00
NWG-WGM39040301,Subscriptions  Licensing,WatchGuard Total Security Suite Renewal/Upgrade 1-yr for Firebox M390,https://www.leadersystems.com.au/Images/NWG-WGM39040301.jpg,Watchguard,WGM39040301,4378.00,5454.00
NWG-WGM39040103,Subscriptions  Licensing,WatchGuard Standard Support Renewal 3-yr for Firebox M390,https://www.leadersystems.com.au/Images/NWG-WGM39040103.jpg,Watchguard,WGM39040103,1996.00,2487.00
NWG-WGPTCH30501,Endpoint  Mobile Protection,Watchguard Endpoint Module - Patch Management - 1 Year - 501 to 1000 licenses,https://www.leadersystems.com.au/Images/NWG-WGPTCH30501.jpg,Watchguard,WGPTCH30501,18.00,23.00
NWG-WGPTCH30203,Endpoint  Mobile Protection,Watchguard Endpoint Module - Patch Management - 3 Year - 51 to 100 licenses,https://www.leadersystems.com.au/Images/NWG-WGPTCH30203.jpg,Watchguard,WGPTCH30203,63.00,79.00
NWG-WGINSG30301,Endpoint  Mobile Protection,Watchguard Endpoint Module - Advanced Reporting Tool - 1 Year - 101 to 250 licenses,https://www.leadersystems.com.au/Images/NWG-WGINSG30301.jpg,Watchguard,WGINSG30301,17.00,22.00
NWG-WGENCR30201,Endpoint  Mobile Protection,Watchguard Endpoint Module - Full Encryption - 1 Year - 51 to 100 licenses,https://www.leadersystems.com.au/Images/NWG-WGENCR30201.jpg,Watchguard,WGENCR30201,20.00,25.00
NWG-WGT25173,Cloud  Server Security,WatchGuard APT Blocker 3-yr for Firebox T25,https://www.leadersystems.com.au/Images/NWG-WGT25173.jpg,Watchguard,WGT25173,465.00,580.00
NWG-WGT25343,Subscriptions  Licensing,WatchGuard Basic Security Suite Renewal/Upgrade 3-yr for Firebox T25,https://www.leadersystems.com.au/Images/NWG-WGT25343.jpg,Watchguard,WGT25343,956.00,1192.00
NWG-WGT26203,Subscriptions  Licensing,WatchGuard Standard Support Renewal 3-yr for Firebox T25-W,https://www.leadersystems.com.au/Images/NWG-WGT26203.jpg,Watchguard,WGT26203,415.00,518.00
NWG-WGT26343,Subscriptions  Licensing,WatchGuard Basic Security Suite Renewal/Upgrade 3-yr for Firebox T25-W,https://www.leadersystems.com.au/Images/NWG-WGT26343.jpg,Watchguard,WGT26343,1145.00,1427.00
NWG-WGT45261,Subscriptions  Licensing,WatchGuard Gold Support Renewal/Upgrade 1-yr for Firebox T45,https://www.leadersystems.com.au/Images/NWG-WGT45261.jpg,Watchguard,WGT45261,363.00,452.00
NWG-WGT47261,Subscriptions  Licensing,WatchGuard Gold Support Renewal/Upgrade 1-yr for Firebox T45-PoE,https://www.leadersystems.com.au/Images/NWG-WGT47261.jpg,Watchguard,WGT47261,363.00,452.00
NWG-WGT48203,Subscriptions  Licensing,WatchGuard Standard Support Renewal 3-yr for Firebox T45-W-PoE,https://www.leadersystems.com.au/Images/NWG-WGT48203.jpg,Watchguard,WGT48203,784.00,977.00
NWG-WGT85353,Subscriptions  Licensing,WatchGuard Total Security Suite Renewal/Upgrade 3-yr for Firebox T85-PoE,https://www.leadersystems.com.au/Images/NWG-WGT85353.jpg,Watchguard,WGT85353,6169.00,7685.00
NWG-WG9022,Watchguard Accessories,WatchGuard Firebox M 3rd Gen 8 x 1 Gb Copper Module,https://www.leadersystems.com.au/Images/NWG-WG9022.jpg,Watchguard,WG9022,912.00,1258.00
NWG-WGMDR30301,Managed Detection  Response (MDR),WatchGuard Core MDR - 1 Year - 101 to 250 licenses,https://www.leadersystems.com.au/Images/NWG-WGMDR30301.jpg,Watchguard,WGMDR30301,73.00,87.00
NWG-WGMDR30603,Managed Detection  Response (MDR),WatchGuard Core MDR - 3 Year - 1001 to 5000 licenses,https://www.leadersystems.com.au/Images/NWG-WGMDR30603.jpg,Watchguard,WGMDR30603,111.00,132.00
NWG-WGT49351,Subscriptions  Licensing,WatchGuard Total Security Suite Renewal/Upgrade 1-yr for Firebox T45-CW,https://www.leadersystems.com.au/Images/NWG-WGT49351.jpg,Watchguard,WGT49351,1803.00,2247.00
NWG-WGTIS30301,Identity  Access Security,WatchGuard AuthPoint Total Identity Security - 1 Year - 101 to 250 users,https://www.leadersystems.com.au/Images/NWG-WGTIS30301.jpg,Watchguard,WGTIS30301,42.00,52.00
NWG-WGWSM00623,Subscriptions  Licensing,"WatchGuard Standard Wi-Fi Management License 3-yr - Renewal, 1 AP",https://www.leadersystems.com.au/Images/NWG-WGWSM00623.jpg,Watchguard,WGWSM00623,187.00,233.00
NWG-WGTSNDR30101,Cloud  Server Security,WatchGuard ThreatSync+ NDR   - 1 Year - 1 to 50 licenses,https://www.leadersystems.com.au/Images/NWG-WGTSNDR30101.jpg,Watchguard,WGTSNDR30101,85.00,106.00
NWG-WGTSNDR30203,Cloud  Server Security,WatchGuard ThreatSync+ NDR   - 3 Year - 51 to 100 licenses,https://www.leadersystems.com.au/Images/NWG-WGTSNDR30203.jpg,Watchguard,WGTSNDR30203,179.00,224.00
NWG-WGTSNDR30403,Cloud  Server Security,WatchGuard ThreatSync+ NDR   - 3 Year - 251 to 500 licenses,https://www.leadersystems.com.au/Images/NWG-WGTSNDR30403.jpg,Watchguard,WGTSNDR30403,149.00,186.00
NWG-WGCR20401,Firewalls  Network Security,WatchGuard Compliance Reporting - 1 Year - 251 to 500 licenses,https://www.leadersystems.com.au/Images/NWG-WGCR20401.jpg,Watchguard,WGCR20401,23.00,29.00
NWG-WGTSSAAS30203,Cloud  Server Security,WatchGuard ThreatSync+ SAAS  - 3 Year - 51 to 100 licenses,https://www.leadersystems.com.au/Images/NWG-WGTSSAAS30203.jpg,Watchguard,WGTSSAAS30203,80.00,100.00
NWG-WGTSSAAS30401,Cloud  Server Security,WatchGuard ThreatSync+ SAAS  - 1 Year - 251+ licenses,https://www.leadersystems.com.au/Images/NWG-WGTSSAAS30401.jpg,Watchguard,WGTSSAAS30401,27.00,35.00
NWG-WGTSSAAS30201,Cloud  Server Security,WatchGuard ThreatSync+ SAAS - 1 Year - 51 to 100 licenses,https://www.leadersystems.com.au/Images/NWG-WGTSSAAS30201.jpg,Watchguard,WGTSSAAS30201,33.00,42.00
NWG-WGTSFS30401,Firewalls  Network Security,WatchGuard Orion - 1 Year - 251 to 500 licenses,https://www.leadersystems.com.au/Images/NWG-WGTSFS30401.jpg,Watchguard,WGTSFS30401,55.00,70.00
NWG-WGTSFS30601,Firewalls  Network Security,WatchGuard Orion - 1 Year - 1001 to 5000 licenses,https://www.leadersystems.com.au/Images/NWG-WGTSFS30601.jpg,Watchguard,WGTSFS30601,40.00,51.00
NWG-WGTSFS30101,Firewalls  Network Security,WatchGuard Orion - 1 Year - 1 to 50 licenses,https://www.leadersystems.com.au/Images/NWG-WGTSFS30101.jpg,Watchguard,WGTSFS30101,77.00,98.00
NWG-WGTSFS30201,Firewalls  Network Security,WatchGuard Orion - 1 Year - 51 to 100 licenses,https://www.leadersystems.com.au/Images/NWG-WGTSFS30201.jpg,Watchguard,WGTSFS30201,68.00,87.00
NWG-WGVMC001,Firewalls  Network Security,WatchGuard FireboxV Micro with 1-yr Standard Support,https://www.leadersystems.com.au/Images/NWG-WGVMC001.jpg,Watchguard,WGVMC001,704.00,953.00
NWG-WGVMC263,Subscriptions  Licensing,WatchGuard Gold Support Renewal/Upgrade 3-yr for FireboxV Micro,https://www.leadersystems.com.au/Images/NWG-WGVMC263.jpg,Watchguard,WGVMC263,531.00,662.00
NWG-WGVMC333,Subscriptions  Licensing,WatchGuard Basic Security Suite Renewal/Upgrade 3-yr for FireboxV Micro,https://www.leadersystems.com.au/Images/NWG-WGVMC333.jpg,Watchguard,WGVMC333,1087.00,1355.00
NWG-WGTSFS30503,Firewalls  Network Security,WatchGuard Orion - 3 Year - 501 to 1000 licenses,https://www.leadersystems.com.au/Images/NWG-WGTSFS30503.jpg,Watchguard,WGTSFS30503,111.00,142.00
NWG-WGTSFS30603,Firewalls  Network Security,WatchGuard Orion - 3 Year - 1001 to 5000 licenses,https://www.leadersystems.com.au/Images/NWG-WGTSFS30603.jpg,Watchguard,WGTSFS30603,97.00,123.00
NWG-WGSIEM30303,Firewalls  Network Security,WatchGuard SIEMFeeder - 3 Year - 101 to 250 licenses,https://www.leadersystems.com.au/Images/NWG-WGSIEM30303.jpg,Watchguard,WGSIEM30303,22.00,28.00
NWG-WGSIEM30401,Firewalls  Network Security,WatchGuard SIEMFeeder - 1 Year - 251 to 500 licenses,https://www.leadersystems.com.au/Images/NWG-WGSIEM30401.jpg,Watchguard,WGSIEM30401,8.00,11.00
NWG-WGVMC031,Firewalls  Network Security,WatchGuard FireboxV Micro with 1-yr Basic Security Suite,https://www.leadersystems.com.au/Images/NWG-WGVMC031.jpg,Watchguard,WGVMC031,944.00,1279.00
NWG-WGVMC033,Firewalls  Network Security,WatchGuard FireboxV Micro with 3-yr Basic Security Suite,https://www.leadersystems.com.au/Images/NWG-WGVMC033.jpg,Watchguard,WGVMC033,1510.00,2046.00
NWG-WGSIEM30103,Firewalls  Network Security,WatchGuard SIEMFeeder - 3 Year - 1 to 50 licenses,https://www.leadersystems.com.au/Images/NWG-WGSIEM30103.jpg,Watchguard,WGSIEM30103,29.00,36.00
NWG-WGSIEM30203,Firewalls  Network Security,WatchGuard SIEMFeeder - 3 Year - 51 to 100 licenses,https://www.leadersystems.com.au/Images/NWG-WGSIEM30203.jpg,Watchguard,WGSIEM30203,25.00,32.00
NWG-WGSIEM30601,Firewalls  Network Security,WatchGuard SIEMFeeder - 1 Year - 1001 to 5000 licenses,https://www.leadersystems.com.au/Images/NWG-WGSIEM30601.jpg,Watchguard,WGSIEM30601,6.00,8.00
NWG-WGSIEM30701,Firewalls  Network Security,WatchGuard SIEMFeeder - 1 Year - 5001+ licenses,https://www.leadersystems.com.au/Images/NWG-WGSIEM30701.jpg,Watchguard,WGSIEM30701,5.00,7.00
NWG-WGVMC353,Subscriptions  Licensing,WatchGuard Total Security Suite Renewal/Upgrade 3-yr for FireboxV Micro,https://www.leadersystems.com.au/Images/NWG-WGVMC353.jpg,Watchguard,WGVMC353,2307.00,2874.00
NWG-WGVMC643,Firewalls  Network Security,WatchGuard FireboxV Micro with 3-yr Total Security Suite,https://www.leadersystems.com.au/Images/NWG-WGVMC643.jpg,Watchguard,WGVMC643,2666.00,3610.00
NWG-WGFCI30503,Firewalls  Network Security,WatchGuard FireCloud Internet Access - 3 Year - 501 to 1000 licenses,https://www.leadersystems.com.au/Images/NWG-WGFCI30503.jpg,Watchguard,WGFCI30503,213.00,265.00
NWG-WGFCI30603,Firewalls  Network Security,WatchGuard FireCloud Internet Access - 3 Year - 1001 to 5000 licenses,https://www.leadersystems.com.au/Images/NWG-WGFCI30603.jpg,Watchguard,WGFCI30603,198.00,247.00
NWG-WGFCI30201,Firewalls  Network Security,WatchGuard FireCloud Internet Access - 1 Year - 51 to 100 licenses,https://www.leadersystems.com.au/Images/NWG-WGFCI30201.jpg,Watchguard,WGFCI30201,93.00,117.00
NWG-WGFCI30401,Firewalls  Network Security,WatchGuard FireCloud Internet Access - 1 Year - 251 to 500 licenses,https://www.leadersystems.com.au/Images/NWG-WGFCI30401.jpg,Watchguard,WGFCI30401,78.00,97.00
NWG-WGMDRM30701,Managed Detection  Response (MDR),WatchGuard Core MDR for Microsoft - 1 Year - 5001+ licenses,https://www.leadersystems.com.au/Images/NWG-WGMDRM30701.jpg,Watchguard,WGMDRM30701,43.00,51.08
NWG-WGFCI30601,Firewalls  Network Security,WatchGuard FireCloud Internet Access - 1 Year - 1001 to 5000 licenses,https://www.leadersystems.com.au/Images/NWG-WGFCI30601.jpg,Watchguard,WGFCI30601,66.00,83.00
NWG-WGFCI30103,Firewalls  Network Security,WatchGuard FireCloud Internet Access - 3 Year - 1 to 50 licenses,https://www.leadersystems.com.au/Images/NWG-WGFCI30103.jpg,Watchguard,WGFCI30103,317.00,396.00
NWG-WGM48000,WatchGuard Blank Appliance,WatchGuard Firebox M4800 Appliance Only – License Not Included (Requires Separate WG License Purchase),https://www.leadersystems.com.au/Images/NWG-WGM48000.jpg,Watchguard,WGM48000,8246.00,11079.00
NWG-WGM58000,WatchGuard Blank Appliance,WatchGuard Firebox M5800 Appliance Only – License Not Included (Requires Separate WG License Purchase),https://www.leadersystems.com.au/Images/NWG-WGM58000.jpg,Watchguard,WGM58000,10971.00,14772.00
NWG-WGT490085,Firewalls  Network Security,WatchGuard Total Security Suite for Firebox T45-CW - 5-Year (License ONLY; HW SKU: WGT49000-AU),https://www.leadersystems.com.au/Images/NWG-WGT490085.jpg,Watchguard,WGT490085,7450.00,10088.00
NWG-WGA13022101,Firewalls  Network Security,Standard Wi-Fi Management for WatchGuard AP130 - 1-year (License ONLY; HW SKU: WGA130000),https://www.leadersystems.com.au/Images/NWG-WGA13022101.jpg,Watchguard,WGA13022101,86.00,117.00
NWG-WGA13022103,Firewalls  Network Security,Standard Wi-Fi Management for WatchGuard AP130 - 3-year (License ONLY; HW SKU: WGA130000),https://www.leadersystems.com.au/Images/NWG-WGA13022103.jpg,Watchguard,WGA13022103,172.00,233.00
NWG-WGT480085,Firewalls  Network Security,WatchGuard Total Security Suite for Firebox T45-W-PoE - 5-Year (License ONLY; HW SKU: WGT48000-AU),https://www.leadersystems.com.au/Images/NWG-WGT480085.jpg,Watchguard,WGT480085,7104.00,9797.00
NWG-WGT480083,Firewalls  Network Security,WatchGuard Total Security Suite for Firebox T45-W-PoE - 3-Year (License ONLY; HW SKU: WGT48000-AU),https://www.leadersystems.com.au/Images/NWG-WGT480083.jpg,Watchguard,WGT480083,3982.00,5491.00
NWG-WGA330000,WatchGuard Blank Appliance,WatchGuard AP330 Appliance Only – License Not Included (Requires Separate WG License Purchase),https://www.leadersystems.com.au/Images/NWG-WGA330000.jpg,Watchguard,WGA330000,699.00,970.00
NWG-WGA430000,WatchGuard Blank Appliance,"WatchGuard AP430CR Appliance Only – License Not Included (Requires Separate WG License Purchase), Antennas (WG9004) are sold separately",https://www.leadersystems.com.au/Images/NWG-WGA430000.jpg,Watchguard,WGA430000,1541.00,2152.00
NWG-WGT49000-AU,WatchGuard Blank Appliance,WatchGuard Firebox T45-CW  Appliance Only (AU) – License Not Included (Requires Separate WG License Purchase),https://www.leadersystems.com.au/Images/NWG-WGT49000-AU.jpg,Watchguard,WGT49000-AU,1061.00,1397.00
NWG-WGT480061,Firewalls  Network Security,WatchGuard Standard Support for Firebox T45-W-PoE - 1-Year (License ONLY; HW SKU: WGT48000-AU),https://www.leadersystems.com.au/Images/NWG-WGT480061.jpg,Watchguard,WGT480061,609.00,840.00
NWG-WGT470215,Firewalls  Network Security,Trade Up to WatchGuard Total Security Suite for Firebox T45-PoE - 5-Year (License ONLY; HW SKU: WGT47000-AU),https://www.leadersystems.com.au/Images/NWG-WGT470215.jpg,Watchguard,WGT470215,5112.00,6923.00
NWG-WGT470213,Firewalls  Network Security,Trade Up to WatchGuard Total Security Suite for Firebox T45-PoE - 3-Year (License ONLY; HW SKU: WGT47000-AU),https://www.leadersystems.com.au/Images/NWG-WGT470213.jpg,Watchguard,WGT470213,2624.00,3553.00
NWG-WGT470061,Firewalls  Network Security,WatchGuard Standard Support for Firebox T45-PoE - 1-Year (License ONLY; HW SKU: WGT47000-AU),https://www.leadersystems.com.au/Images/NWG-WGT470061.jpg,Watchguard,WGT470061,478.00,648.00
NWG-WGT260215,Firewalls  Network Security,Trade Up to WatchGuard Total Security Suite for Firebox T25-W - 5-Year (License ONLY; HW SKU: WGT26000),https://www.leadersystems.com.au/Images/NWG-WGT260215.jpg,Watchguard,WGT260215,3576.00,4842.00
NWG-WGT260063,Firewalls  Network Security,WatchGuard Standard Support for Firebox T25-W - 3-Year (License ONLY; HW SKU: WGT26000),https://www.leadersystems.com.au/Images/NWG-WGT260063.jpg,Watchguard,WGT260063,532.00,721.00
NWG-WGT490213,Firewalls  Network Security,Trade Up to WatchGuard Total Security Suite for Firebox T45-CW - 3-Year (License ONLY; HW SKU: WGT49000-AU),https://www.leadersystems.com.au/Images/NWG-WGT490213.jpg,Watchguard,WGT490213,3731.00,5053.00
NWG-WGT260061,Firewalls  Network Security,WatchGuard Standard Support for Firebox T25-W - 1-Year (License ONLY; HW SKU: WGT26000),https://www.leadersystems.com.au/Images/NWG-WGT260061.jpg,Watchguard,WGT260061,320.00,434.00
NWG-WGT250061,Firewalls  Network Security,WatchGuard Standard Support for Firebox T25 - 1-Year (License ONLY; HW SKU: WGT25000),https://www.leadersystems.com.au/Images/NWG-WGT250061.jpg,Watchguard,WGT250061,263.00,363.00
NWG-WGM6900083,Firewalls  Network Security,WatchGuard Total Security Suite for Firebox M690 - 3-Year (License ONLY; HW SKU: WGM690000),https://www.leadersystems.com.au/Images/NWG-WGM6900083.jpg,Watchguard,WGM6900083,25789.00,34922.00
NWG-WGT480215,Firewalls  Network Security,Trade Up to WatchGuard Total Security Suite for Firebox T45-W-PoE - 5-Year (License ONLY; HW SKU: WGT48000-AU),https://www.leadersystems.com.au/Images/NWG-WGT480215.jpg,Watchguard,WGT480215,6717.00,9262.00
NWG-WGT470075,Firewalls  Network Security,WatchGuard Basic Security Suite for Firebox T45-PoE - 5-Year (License ONLY; HW SKU: WGT47000-AU),https://www.leadersystems.com.au/Images/NWG-WGT470075.jpg,Watchguard,WGT470075,2772.00,3754.00
NWG-WGM6900073,Firewalls  Network Security,WatchGuard Basic Security Suite for Firebox M690 - 3-Year (License ONLY; HW SKU: WGM690000),https://www.leadersystems.com.au/Images/NWG-WGM6900073.jpg,Watchguard,WGM6900073,13558.00,18360.00
NWG-WGM3900083,Firewalls  Network Security,WatchGuard Total Security Suite for Firebox M390 - 3-Year (License ONLY; HW SKU: WGM390000),https://www.leadersystems.com.au/Images/NWG-WGM3900083.jpg,Watchguard,WGM3900083,9342.00,12650.00
NWG-WGM3900081,Firewalls  Network Security,WatchGuard Total Security Suite for Firebox M390 - 1-Year (License ONLY; HW SKU: WGM390000),https://www.leadersystems.com.au/Images/NWG-WGM3900081.jpg,Watchguard,WGM3900081,3999.00,5415.00
NWG-WGM2900071,Firewalls  Network Security,WatchGuard Basic Security Suite for Firebox M290 - 1-Year (License ONLY; HW SKU: WGM290000),https://www.leadersystems.com.au/Images/NWG-WGM2900071.jpg,Watchguard,WGM2900071,1413.00,1914.00
NWG-WGT260203,Firewalls  Network Security,Trade Up to WatchGuard Basic Security Suite for Firebox T25-W - 3-Year (License ONLY; HW SKU: WGT26000),https://www.leadersystems.com.au/Images/NWG-WGT260203.jpg,Watchguard,WGT260203,875.00,1186.00
NWG-WGT260085,Firewalls  Network Security,WatchGuard Total Security Suite for Firebox T25-W - 5-Year (License ONLY; HW SKU: WGT26000),https://www.leadersystems.com.au/Images/NWG-WGT260085.jpg,Watchguard,WGT260085,3781.00,5121.00
NWG-WGMDRM30603,Managed Detection  Response (MDR),WatchGuard Core MDR for Microsoft - 3 Year - 1001 to 5000 licenses,https://www.leadersystems.com.au/Images/NWG-WGMDRM30603.jpg,Watchguard,WGMDRM30603,111.00,131.87
NWG-WGMDRM30101,Managed Detection  Response (MDR),WatchGuard Core MDR for Microsoft - 1 Year - 1 to 50 licenses,https://www.leadersystems.com.au/Images/NWG-WGMDRM30101.jpg,Watchguard,WGMDRM30101,99.00,117.61
NWG-WGM2900063,Firewalls  Network Security,WatchGuard Standard Support for Firebox M290 - 3-Year (License ONLY; HW SKU: WGM290000),https://www.leadersystems.com.au/Images/NWG-WGM2900063.jpg,Watchguard,WGM2900063,1539.00,2084.00
NWG-WGA43022103,Firewalls  Network Security,Standard Wi-Fi Management for WatchGuard AP430CR - 3-year (License ONLY; HW SKU: WGA430000),https://www.leadersystems.com.au/Images/NWG-WGA43022103.jpg,Watchguard,WGA43022103,172.00,233.00
NWG-WGA43022101,Firewalls  Network Security,Standard Wi-Fi Management for WatchGuard AP430CR - 1-year (License ONLY; HW SKU: WGA430000),https://www.leadersystems.com.au/Images/NWG-WGA43022101.jpg,Watchguard,WGA43022101,86.00,117.00
NWG-WGA33222003,Firewalls  Network Security,USP Wi-Fi Management for WatchGuard AP332CR - 3-year (License ONLY; HW SKU: WGA332000),https://www.leadersystems.com.au/Images/NWG-WGA33222003.jpg,Watchguard,WGA33222003,286.00,388.00
NWG-WGA33022105,Firewalls  Network Security,Standard Wi-Fi Management for WatchGuard AP330 - 5-year (License ONLY; HW SKU: WGA330000),https://www.leadersystems.com.au/Images/NWG-WGA33022105.jpg,Watchguard,WGA33022105,257.00,349.00
NWG-WGM48000063,Firewalls  Network Security,WatchGuard Standard Support for Firebox M4800 - 3-Year (License ONLY; HW SKU: WGM48000),https://www.leadersystems.com.au/Images/NWG-WGM48000063.jpg,Watchguard,WGM48000063,15515.00,21009.00
NWG-WGM580001603,Firewalls  Network Security,WatchGuard High Availability for M5800 - 3-Year (License ONLY; HW SKU: WGM58000),https://www.leadersystems.com.au/Images/NWG-WGM580001603.jpg,Watchguard,WGM580001603,19336.00,26184.00
NWG-WGM58000201,Firewalls  Network Security,Trade Up to WatchGuard Basic Security Suite for M5800 - 1-Year (License ONLY; HW SKU: WGM58000),https://www.leadersystems.com.au/Images/NWG-WGM58000201.jpg,Watchguard,WGM58000201,31018.00,42002.00
NWG-WGT250205,Firewalls  Network Security,Trade Up to WatchGuard Basic Security Suite for Firebox T25 - 5-Year (License ONLY; HW SKU: WGT25000),https://www.leadersystems.com.au/Images/NWG-WGT250205.jpg,Watchguard,WGT250205,1419.00,1958.00
NWG-WGT250085,Firewalls  Network Security,WatchGuard Total Security Suite for Firebox T25 - 5-Year (License ONLY; HW SKU: WGT25000),https://www.leadersystems.com.au/Images/NWG-WGT250085.jpg,Watchguard,WGT250085,3129.00,4315.00
NWG-WGM5901603,Firewalls  Network Security,WatchGuard High Availability for M590 - 3-Year (License ONLY; HW SKU: WGM590000),https://www.leadersystems.com.au/Images/NWG-WGM5901603.jpg,Watchguard,WGM5901603,1842.00,2495.00
NWG-WGM5900071,Firewalls  Network Security,WatchGuard Basic Security Suite for Firebox M590 - 1-Year (License ONLY; HW SKU: WGM590000),https://www.leadersystems.com.au/Images/NWG-WGM5900071.jpg,Watchguard,WGM5900071,4245.00,5748.00
NWG-WGM5900061,Firewalls  Network Security,WatchGuard Standard Support for Firebox M590 - 1-Year (License ONLY; HW SKU: WGM590000),https://www.leadersystems.com.au/Images/NWG-WGM5900061.jpg,Watchguard,WGM5900061,2609.00,3533.00
NWG-WGA230000,WatchGuard Blank Appliance,WatchGuard AP230W Appliance Only – License Not Included (Requires Separate WG License Purchase),https://www.leadersystems.com.au/Images/NWG-WGA230000.jpg,Watchguard,WGA230000,579.00,802.00
NWG-WGT490211,Firewalls  Network Security,Trade Up to WatchGuard Total Security Suite for Firebox T45-CW - 1-Year (License ONLY; HW SKU: WGT49000-AU),https://www.leadersystems.com.au/Images/NWG-WGT490211.jpg,Watchguard,WGT490211,1397.00,1892.00
NWG-WGT490203,Firewalls  Network Security,Trade Up to WatchGuard Basic Security Suite for Firebox T45-CW - 3-Year (License ONLY; HW SKU: WGT49000-AU),https://www.leadersystems.com.au/Images/NWG-WGT490203.jpg,Watchguard,WGT490203,1100.00,1489.00
NWG-WGT490083,Firewalls  Network Security,WatchGuard Total Security Suite for Firebox T45-CW - 3-Year (License ONLY; HW SKU: WGT49000-AU),https://www.leadersystems.com.au/Images/NWG-WGT490083.jpg,Watchguard,WGT490083,4154.00,5626.00
NWG-WGA13022001,Firewalls  Network Security,USP Wi-Fi Management for WatchGuard AP130 - 1-year (License ONLY; HW SKU: WGA130000),https://www.leadersystems.com.au/Images/NWG-WGA13022001.jpg,Watchguard,WGA13022001,143.00,194.00
NWG-WGT480211,Firewalls  Network Security,Trade Up to WatchGuard Total Security Suite for Firebox T45-W-PoE - 1-Year (License ONLY; HW SKU: WGT48000-AU),https://www.leadersystems.com.au/Images/NWG-WGT480211.jpg,Watchguard,WGT480211,1388.00,1914.00
NWG-WGT480203,Firewalls  Network Security,Trade Up to WatchGuard Basic Security Suite for Firebox T45-W-PoE - 3-Year (License ONLY; HW SKU: WGT48000-AU),https://www.leadersystems.com.au/Images/NWG-WGT480203.jpg,Watchguard,WGT480203,1648.00,2273.00
NWG-WGM2900211,Firewalls  Network Security,Trade Up to WatchGuard Total Security Suite for Firebox M290 - 1-Year (License ONLY; HW SKU: WGM290000),https://www.leadersystems.com.au/Images/NWG-WGM2900211.jpg,Watchguard,WGM2900211,2025.00,2743.00
NWG-WGA43222003,Firewalls  Network Security,USP Wi-Fi Management for WatchGuard AP432 - 3-year (License ONLY; HW SKU: WGA432000),https://www.leadersystems.com.au/Images/NWG-WGA43222003.jpg,Watchguard,WGA43222003,286.00,388.00
NWG-WGA33022001,Firewalls  Network Security,USP Wi-Fi Management for WatchGuard AP330 - 1-year (License ONLY; HW SKU: WGA330000),https://www.leadersystems.com.au/Images/NWG-WGA33022001.jpg,Watchguard,WGA33022001,143.00,194.00
NWG-WGM48000213,Firewalls  Network Security,Trade Up to WatchGuard Total Security Suite for Firebox M4800 - 3-Year (License ONLY; HW SKU: WGM48000),https://www.leadersystems.com.au/Images/NWG-WGM48000213.jpg,Watchguard,WGM48000213,45235.00,86819.00
NWG-WGT480075,Firewalls  Network Security,WatchGuard Basic Security Suite for Firebox T45-W-PoE - 5-Year (License ONLY; HW SKU: WGT48000-AU),https://www.leadersystems.com.au/Images/NWG-WGT480075.jpg,Watchguard,WGT480075,3600.00,4965.00
NWG-WGT470083,Firewalls  Network Security,WatchGuard Total Security Suite for Firebox T45-PoE - 3-Year (License ONLY; HW SKU: WGT47000-AU),https://www.leadersystems.com.au/Images/NWG-WGT470083.jpg,Watchguard,WGT470083,2921.00,3956.00
NWG-WGM58000063,Firewalls  Network Security,WatchGuard Standard Support for Firebox M5800 - 3-Year (License ONLY; HW SKU: WGM58000),https://www.leadersystems.com.au/Images/NWG-WGM58000063.jpg,Watchguard,WGM58000063,44010.00,89199.00
NWG-WGT470071,Firewalls  Network Security,WatchGuard Basic Security Suite for Firebox T45-PoE - 1-Year (License ONLY; HW SKU: WGT47000-AU),https://www.leadersystems.com.au/Images/NWG-WGT470071.jpg,Watchguard,WGT470071,730.00,989.00
NWG-WGT470063,Firewalls  Network Security,WatchGuard Standard Support for Firebox T45-PoE - 3-Year (License ONLY; HW SKU: WGT47000-AU),https://www.leadersystems.com.au/Images/NWG-WGT470063.jpg,Watchguard,WGT470063,781.00,1059.00
NWG-WGT260213,Firewalls  Network Security,Trade Up to WatchGuard Total Security Suite for Firebox T25-W - 3-Year (License ONLY; HW SKU: WGT26000),https://www.leadersystems.com.au/Images/NWG-WGT260213.jpg,Watchguard,WGT260213,1905.00,2580.00
NWG-WGT250081,Firewalls  Network Security,WatchGuard Total Security Suite for Firebox T25 - 1-Year (License ONLY; HW SKU: WGT25000),https://www.leadersystems.com.au/Images/NWG-WGT250081.jpg,Watchguard,WGT250081,781.00,1078.00
NWG-WGT250073,Firewalls  Network Security,WatchGuard Basic Security Suite for Firebox T25 - 3-Year (License ONLY; HW SKU: WGT25000),https://www.leadersystems.com.au/Images/NWG-WGT250073.jpg,Watchguard,WGT250073,893.00,1232.00
NWG-WGM5900203,Firewalls  Network Security,Trade Up to WatchGuard Basic Security Suite for Firebox M590 - 3-Year (License ONLY; HW SKU: WGM590000),https://www.leadersystems.com.au/Images/NWG-WGM5900203.jpg,Watchguard,WGM5900203,7878.00,10667.00
NWG-WGM5900081,Firewalls  Network Security,WatchGuard Total Security Suite for Firebox M590 - 1-Year (License ONLY; HW SKU: WGM590000),https://www.leadersystems.com.au/Images/NWG-WGM5900081.jpg,Watchguard,WGM5900081,7952.00,10768.00
NWG-WGM2901603,Firewalls  Network Security,WatchGuard High Availability for M290 - 3-Year (License ONLY; HW SKU: WGM290000),https://www.leadersystems.com.au/Images/NWG-WGM2901603.jpg,Watchguard,WGM2901603,635.00,860.00
NWG-WGM2901601,Firewalls  Network Security,WatchGuard High Availability for M290 - 1-Year (License ONLY; HW SKU: WGM290000),https://www.leadersystems.com.au/Images/NWG-WGM2901601.jpg,Watchguard,WGM2901601,263.00,357.00
NWG-WGA43022005,Firewalls  Network Security,USP Wi-Fi Management for WatchGuard AP430CR - 5-year (License ONLY; HW SKU: WGA430000),https://www.leadersystems.com.au/Images/NWG-WGA43022005.jpg,Watchguard,WGA43022005,429.00,581.00
NWG-WGA43022001,Firewalls  Network Security,USP Wi-Fi Management for WatchGuard AP430CR - 1-year (License ONLY; HW SKU: WGA430000),https://www.leadersystems.com.au/Images/NWG-WGA43022001.jpg,Watchguard,WGA43022001,143.00,194.00
NWG-WGA23022103,Firewalls  Network Security,Standard Wi-Fi Management for WatchGuard AP230W - 3-year (License ONLY; HW SKU: WGA230000),https://www.leadersystems.com.au/Images/NWG-WGA23022103.jpg,Watchguard,WGA23022103,172.00,233.00
NWG-WGA23022005,Firewalls  Network Security,USP Wi-Fi Management for WatchGuard AP230W - 5-year (License ONLY; HW SKU: WGA230000),https://www.leadersystems.com.au/Images/NWG-WGA23022005.jpg,Watchguard,WGA23022005,429.00,581.00
NWG-WGM48000083,Firewalls  Network Security,WatchGuard Total Security Suite for Firebox M4800 - 3-Year (License ONLY; HW SKU: WGM48000),https://www.leadersystems.com.au/Images/NWG-WGM48000083.jpg,Watchguard,WGM48000083,49977.00,94539.00
NWG-WGM480001603,Firewalls  Network Security,WatchGuard High Availability for M4800 - 3-Year (License ONLY; HW SKU: WGM48000),https://www.leadersystems.com.au/Images/NWG-WGM480001603.jpg,Watchguard,WGM480001603,4891.00,6624.00
NWG-WGMDRT30401,Managed Detection  Response (MDR),WatchGuard Total MDR - 1 Year - 251 to 500 licenses,https://www.leadersystems.com.au/Images/NWG-WGMDRT30401.jpg,Watchguard,WGMDRT30401,92.00,109.30
NWG-WGMDRT30601,Managed Detection  Response (MDR),WatchGuard Total MDR - 1 Year - 1001 to 5000 licenses,https://www.leadersystems.com.au/Images/NWG-WGMDRT30601.jpg,Watchguard,WGMDRT30601,78.00,92.66
NWG-WGMDRT30303,Managed Detection  Response (MDR),WatchGuard Total MDR - 3 Year - 101 to 250 licenses,https://www.leadersystems.com.au/Images/NWG-WGMDRT30303.jpg,Watchguard,WGMDRT30303,318.00,377.78
NWG-WGMDRT30201,Managed Detection  Response (MDR),WatchGuard Total MDR - 1 Year - 51 to 100 licenses,https://www.leadersystems.com.au/Images/NWG-WGMDRT30201.jpg,Watchguard,WGMDRT30201,111.00,131.87
NWG-WGT1850071,Firewalls  Network Security,WatchGuard Basic Security Suite for Firebox T185 - 1-Year (License ONLY; HW SKU: WGT185000),https://www.leadersystems.com.au/Images/NWG-WGT1850071.jpg,Watchguard,WGT1850071,2082.00,2820.00
NWG-WGT1850085,Firewalls  Network Security,WatchGuard Total Security Suite for Firebox T185 - 5-Year (License ONLY; HW SKU: WGT185000),https://www.leadersystems.com.au/Images/NWG-WGT1850085.jpg,Watchguard,WGT1850085,11871.00,16074.00
NWG-WGT185203,Subscriptions  Licensing,WatchGuard Standard Support Renewal 3-yr for Firebox T185,https://www.leadersystems.com.au/Images/NWG-WGT185203.jpg,Watchguard,WGT185203,1604.00,1999.00
NWG-WGT18521801,Subscriptions  Licensing,WatchGuard Cloud 1-month data retention for T185 - 1-yr,https://www.leadersystems.com.au/Images/NWG-WGT18521801.jpg,Watchguard,WGT18521801,473.00,589.00
NWG-WGT1850211,Firewalls  Network Security,Trade Up to WatchGuard Total Security Suite for Firebox T185 - 1-Year (License ONLY; HW SKU: WGT185000),https://www.leadersystems.com.au/Images/NWG-WGT1850211.jpg,Watchguard,WGT1850211,3284.00,4447.00
NWG-WGT1850215,Firewalls  Network Security,Trade Up to WatchGuard Total Security Suite for Firebox T185 - 5-Year (License ONLY; HW SKU: WGT185000),https://www.leadersystems.com.au/Images/NWG-WGT1850215.jpg,Watchguard,WGT1850215,11247.00,15230.00
NWG-WGT185353,Subscriptions  Licensing,WatchGuard Total Security Suite Renewal/Upgrade 3-yr for Firebox T185,https://www.leadersystems.com.au/Images/NWG-WGT185353.jpg,Watchguard,WGT185353,6977.00,8692.00
NWG-WGT185000,WatchGuard Blank Appliance,WatchGuard Firebox T185 Appliance Only – License Not Included (Requires Separate WG License Purchase),https://www.leadersystems.com.au/Images/NWG-WGT185000.jpg,Watchguard,WGT185000,931.00,1226.00
NWG-WGT1850083,Firewalls  Network Security,WatchGuard Total Security Suite for Firebox T185 - 3-Year (License ONLY; HW SKU: WGT185000),https://www.leadersystems.com.au/Images/NWG-WGT1850083.jpg,Watchguard,WGT1850083,6533.00,8847.00
NWG-WGT18501603,Firewalls  Network Security,WatchGuard  Standard Support for Firebox T185 High Availability - 3-Year (License ONLY; HW SKU: WGT185000),https://www.leadersystems.com.au/Images/NWG-WGT18501603.jpg,Watchguard,WGT18501603,1322.00,1790.00
NWG-WGT1850203,Firewalls  Network Security,Trade Up to WatchGuard Basic Security Suite for Firebox T185 - 3-Year (License ONLY; HW SKU: WGT185000),https://www.leadersystems.com.au/Images/NWG-WGT1850203.jpg,Watchguard,WGT1850203,3638.00,4927.00
NWG-WGFCT30603,Firewalls  Network Security,WatchGuard FireCloud Total Access   - 3 Year - 1001 to 5000 licenses,https://www.leadersystems.com.au/Images/NWG-WGFCT30603.jpg,Watchguard,WGFCT30603,305.00,381.00
NWG-WGT1160205,Firewalls  Network Security,Trade Up to WatchGuard Basic Security Suite for Firebox T115-W - 5-Year  (License ONLY; HW SKU: WGT116000),https://www.leadersystems.com.au/Images/NWG-WGT1160205.jpg,Watchguard,WGT1160205,1808.00,2448.00
NWG-WGT1260203,Firewalls  Network Security,Trade Up to WatchGuard Basic Security Suite for Firebox T125-W - 3-Year (License ONLY; HW SKU: WGT126000),https://www.leadersystems.com.au/Images/NWG-WGT1260203.jpg,Watchguard,WGT1260203,1293.00,1751.00
NWG-WGT1260205,Firewalls  Network Security,Trade Up to WatchGuard Basic Security Suite for Firebox T125-W - 5-Year (License ONLY; HW SKU: WGT126000),https://www.leadersystems.com.au/Images/NWG-WGT1260205.jpg,Watchguard,WGT1260205,2346.00,3177.00
NWG-WGT126173,Cloud  Server Security,WatchGuard APT Blocker 3-yr for Firebox T125-W,https://www.leadersystems.com.au/Images/NWG-WGT126173.jpg,Watchguard,WGT126173,560.00,698.00
NWG-WGT116203,Subscriptions  Licensing,WatchGuard Standard Support Renewal 3-yr for Firebox T115-W,https://www.leadersystems.com.au/Images/NWG-WGT116203.jpg,Watchguard,WGT116203,466.00,581.00
NWG-WGFCT30301,Firewalls  Network Security,WatchGuard FireCloud Total Access   - 1 Year - 101 to 250 licenses,https://www.leadersystems.com.au/Images/NWG-WGFCT30301.jpg,Watchguard,WGFCT30301,139.00,173.00
NWG-WGT1160073,Firewalls  Network Security,WatchGuard Basic Security Suite for Firebox T115-W - 3-Year (License ONLY; HW SKU: WGT116000),https://www.leadersystems.com.au/Images/NWG-WGT1160073.jpg,Watchguard,WGT1160073,1064.00,1441.00
NWG-WGT1160075,Firewalls  Network Security,WatchGuard Basic Security Suite for Firebox T115-W - 5-Year (License ONLY; HW SKU: WGT116000),https://www.leadersystems.com.au/Images/NWG-WGT1160075.jpg,Watchguard,WGT1160075,1922.00,2603.00
NWG-WGT1260073,Firewalls  Network Security,WatchGuard Basic Security Suite for Firebox T125-W - 3-Year (License ONLY; HW SKU: WGT126000),https://www.leadersystems.com.au/Images/NWG-WGT1260073.jpg,Watchguard,WGT1260073,1373.00,1860.00
NWG-WGT116261,Subscriptions  Licensing,WatchGuard Gold Support Renewal/Upgrade 1-yr for Firebox T115-W,https://www.leadersystems.com.au/Images/NWG-WGT116261.jpg,Watchguard,WGT116261,292.00,365.00
NWG-WGT1160061,Firewalls  Network Security,WatchGuard Standard Support for Firebox T115-W - 1-Year (License ONLY; HW SKU: WGT116000),https://www.leadersystems.com.au/Images/NWG-WGT1160061.jpg,Watchguard,WGT1160061,435.00,589.00
NWG-WGT1160063,Firewalls  Network Security,WatchGuard Standard Support for Firebox T115-W - 3-Year (License ONLY; HW SKU: WGT116000),https://www.leadersystems.com.au/Images/NWG-WGT1160063.jpg,Watchguard,WGT1160063,778.00,1054.00
NWG-WGT1260065,Firewalls  Network Security,WatchGuard Standard Support for Firebox T125-W - 5-Year (License ONLY; HW SKU: WGT126000),https://www.leadersystems.com.au/Images/NWG-WGT1260065.jpg,Watchguard,WGT1260065,1453.00,1968.00
NWG-WGT1250213,Firewalls  Network Security,Trade Up to WatchGuard Total Security Suite for Firebox T125 - 3-Year (License ONLY; HW SKU: WGT125000),https://www.leadersystems.com.au/Images/NWG-WGT1250213.jpg,Watchguard,WGT1250213,1808.00,2448.00
NWG-WGT1250215,Firewalls  Network Security,Trade Up to WatchGuard Total Security Suite for Firebox T125 - 5-Year (License ONLY; HW SKU: WGT125000),https://www.leadersystems.com.au/Images/NWG-WGT1250215.jpg,Watchguard,WGT1250215,3284.00,4447.00
NWG-WGT1250071,Firewalls  Network Security,WatchGuard Basic Security Suite for Firebox T125 - 1-Year (License ONLY; HW SKU: WGT125000),https://www.leadersystems.com.au/Images/NWG-WGT1250071.jpg,Watchguard,WGT1250071,601.00,814.00
NWG-WGT1250073,Firewalls  Network Security,WatchGuard Basic Security Suite for Firebox T125 - 3-Year (License ONLY; HW SKU: WGT125000),https://www.leadersystems.com.au/Images/NWG-WGT1250073.jpg,Watchguard,WGT1250073,1127.00,1527.00
NWG-WGT1450073,Firewalls  Network Security,WatchGuard Basic Security Suite for Firebox T145 - 3-Year (License ONLY; HW SKU: WGT145000),https://www.leadersystems.com.au/Images/NWG-WGT1450073.jpg,Watchguard,WGT1450073,1916.00,2596.00
NWG-WGT125343,Subscriptions  Licensing,WatchGuard Basic Security Suite Renewal/Upgrade 3-yr for Firebox T125,https://www.leadersystems.com.au/Images/NWG-WGT125343.jpg,Watchguard,WGT125343,1194.00,1488.00
NWG-WGT116353,Subscriptions  Licensing,WatchGuard Total Security Suite Renewal/Upgrade 3-yr for Firebox T115-W,https://www.leadersystems.com.au/Images/NWG-WGT116353.jpg,Watchguard,WGT116353,1890.00,2355.00
NWG-WGT1260083,Firewalls  Network Security,WatchGuard Total Security Suite for Firebox T125-W - 3-Year (License ONLY; HW SKU: WGT126000),https://www.leadersystems.com.au/Images/NWG-WGT1260083.jpg,Watchguard,WGT1260083,2300.00,3115.00
NWG-WGT125175,Cloud  Server Security,WatchGuard APT Blocker 5-yr for Firebox T125,https://www.leadersystems.com.au/Images/NWG-WGT125175.jpg,Watchguard,WGT125175,852.00,1062.00
NWG-WGT1450215,Firewalls  Network Security,Trade Up to WatchGuard Total Security Suite for Firebox T145 - 5-Year (License ONLY; HW SKU: WGT145000),https://www.leadersystems.com.au/Images/NWG-WGT1450215.jpg,Watchguard,WGT1450215,5578.00,7553.00
NWG-WGT14521801,Subscriptions  Licensing,WatchGuard Cloud 1-month data retention for T145 - 1-yr,https://www.leadersystems.com.au/Images/NWG-WGT14521801.jpg,Watchguard,WGT14521801,292.00,365.00
NWG-WGT145351,Subscriptions  Licensing,WatchGuard Total Security Suite Renewal/Upgrade 1-yr for Firebox T145,https://www.leadersystems.com.au/Images/NWG-WGT145351.jpg,Watchguard,WGT145351,1455.00,1813.00
NWG-WGT1250085,Firewalls  Network Security,WatchGuard Total Security Suite for Firebox T125 - 5-Year (License ONLY; HW SKU: WGT125000),https://www.leadersystems.com.au/Images/NWG-WGT1250085.jpg,Watchguard,WGT1250085,3455.00,4679.00
NWG-WGT146175,Cloud  Server Security,WatchGuard APT Blocker 5-yr for Firebox T145-W,https://www.leadersystems.com.au/Images/NWG-WGT146175.jpg,Watchguard,WGT146175,1803.00,2247.00
NWG-WGT1460075,Firewalls  Network Security,WatchGuard Basic Security Suite for Firebox T145-W - 5-Year (License ONLY; HW SKU: WGT146000),https://www.leadersystems.com.au/Images/NWG-WGT1460075.jpg,Watchguard,WGT1460075,4211.00,5702.00
NWG-WGT146341,Subscriptions  Licensing,WatchGuard Basic Security Suite Renewal/Upgrade 1-yr for Firebox T145-W,https://www.leadersystems.com.au/Images/NWG-WGT146341.jpg,Watchguard,WGT146341,1032.00,1286.00
NWG-WGT1460061,Firewalls  Network Security,WatchGuard Standard Support for Firebox T145-W - 1-Year (License ONLY; HW SKU: WGT146000),https://www.leadersystems.com.au/Images/NWG-WGT1460061.jpg,Watchguard,WGT1460061,973.00,1317.00
NWG-WGT145261,Subscriptions  Licensing,WatchGuard Gold Support Renewal/Upgrade 1-yr for Firebox T145,https://www.leadersystems.com.au/Images/NWG-WGT145261.jpg,Watchguard,WGT145261,560.00,698.00
NWG-WGT145201,Subscriptions  Licensing,WatchGuard Standard Support Renewal 1-yr for Firebox T145,https://www.leadersystems.com.au/Images/NWG-WGT145201.jpg,Watchguard,WGT145201,373.00,465.00
NWG-WGT145203,Subscriptions  Licensing,WatchGuard Standard Support Renewal 3-yr for Firebox T145,https://www.leadersystems.com.au/Images/NWG-WGT145203.jpg,Watchguard,WGT145203,864.00,1077.00
NWG-WGT1460205,Firewalls  Network Security,Trade Up to WatchGuard Basic Security Suite for Firebox T145-W - 5-Year (License ONLY; HW SKU: WGT146000),https://www.leadersystems.com.au/Images/NWG-WGT1460205.jpg,Watchguard,WGT1460205,3970.00,5377.00
NWG-WGT1460213,Firewalls  Network Security,Trade Up to WatchGuard Total Security Suite for Firebox T145-W - 3-Year (License ONLY; HW SKU: WGT146000),https://www.leadersystems.com.au/Images/NWG-WGT1460213.jpg,Watchguard,WGT1460213,3719.00,5036.00
NWG-WGT146261,Subscriptions  Licensing,WatchGuard Gold Support Renewal/Upgrade 1-yr for Firebox T145-W,https://www.leadersystems.com.au/Images/NWG-WGT146261.jpg,Watchguard,WGT146261,684.00,853.00
NWG-WGT1460085,Firewalls  Network Security,WatchGuard Total Security Suite for Firebox T145-W - 5-Year (License ONLY; HW SKU: WGT146000),https://www.leadersystems.com.au/Images/NWG-WGT1460085.jpg,Watchguard,WGT1460085,7117.00,9637.00
NWG-WGTSST30203,Managed Detection  Response (MDR),WatchGuard Total NDR - 3 Year - 51 to 100 licenses,https://www.leadersystems.com.au/Images/NWG-WGTSST30203.jpg,Watchguard,WGTSST30203,260.00,324.00
NWG-WGT146353,Subscriptions  Licensing,WatchGuard Total Security Suite Renewal/Upgrade 3-yr for Firebox T145-W,https://www.leadersystems.com.au/Images/NWG-WGT146353.jpg,Watchguard,WGT146353,4166.00,5191.00
NWG-WGT125341.,Subscriptions  Licensing,WatchGuard Basic Security Suite Renewal/Upgrade 1-yr for Firebox T125,https://www.leadersystems.com.au/Images/NWG-WGT125341..jpg,Watchguard,WGT125341.,514.00,695.00
NWG-WGFCT30401,Firewalls  Network Security,WatchGuard FireCloud Total Access   - 1 Year - 251 to 500 licenses,https://www.leadersystems.com.au/Images/NWG-WGFCT30401.jpg,Watchguard,WGFCT30401,121.00,152.00
NWG-WGFCT30501,Firewalls  Network Security,WatchGuard FireCloud Total Access   - 1 Year - 501 to 1000 licenses,https://www.leadersystems.com.au/Images/NWG-WGFCT30501.jpg,Watchguard,WGFCT30501,109.00,137.00
NWG-WGT1160213,Firewalls  Network Security,Trade Up to WatchGuard Total Security Suite for Firebox T115-W - 3-Year (License ONLY; HW SKU: WGT116000),https://www.leadersystems.com.au/Images/NWG-WGT1160213.jpg,Watchguard,WGT1160213,1682.00,2278.00
NWG-WGT116171,Cloud  Server Security,WatchGuard APT Blocker 1-yr for Firebox T115-W,https://www.leadersystems.com.au/Images/NWG-WGT116171.jpg,Watchguard,WGT116171,180.00,225.00
NWG-WGT126343,Subscriptions  Licensing,WatchGuard Basic Security Suite Renewal/Upgrade 3-yr for Firebox T125-W,https://www.leadersystems.com.au/Images/NWG-WGT126343.jpg,Watchguard,WGT126343,1443.00,1798.00
NWG-WGT12621803,Subscriptions  Licensing,WatchGuard Cloud 1-month data retention for T125-W - 3-yr,https://www.leadersystems.com.au/Images/NWG-WGT12621803.jpg,Watchguard,WGT12621803,410.00,512.00
NWG-WGT116351,Subscriptions  Licensing,WatchGuard Total Security Suite Renewal/Upgrade 1-yr for Firebox T115-W,https://www.leadersystems.com.au/Images/NWG-WGT116351.jpg,Watchguard,WGT116351,796.00,992.00
NWG-WGT1260061,Firewalls  Network Security,WatchGuard Standard Support for Firebox T125-W - 1-Year (License ONLY; HW SKU: WGT126000),https://www.leadersystems.com.au/Images/NWG-WGT1260061.jpg,Watchguard,WGT1260061,538.00,729.00
NWG-WGT1260063,Firewalls  Network Security,WatchGuard Standard Support for Firebox T125-W - 3-Year (License ONLY; HW SKU: WGT126000),https://www.leadersystems.com.au/Images/NWG-WGT1260063.jpg,Watchguard,WGT1260063,995.00,1348.00
NWG-WGT1250075,Firewalls  Network Security,WatchGuard Basic Security Suite for Firebox T125 - 5-Year (License ONLY; HW SKU: WGT125000),https://www.leadersystems.com.au/Images/NWG-WGT1250075.jpg,Watchguard,WGT1250075,2048.00,2774.00
NWG-WGM69540701,Subscriptions  Licensing,WatchGuard Gold Support Renewal/Upgrade 1-yr for Firebox M695,https://www.leadersystems.com.au/Images/NWG-WGM69540701.jpg,Watchguard,WGM69540701,6591.00,8212.00
NWG-WGM39540703,Subscriptions  Licensing,WatchGuard Gold Support Renewal/Upgrade 3-yr for Firebox M395,https://www.leadersystems.com.au/Images/NWG-WGM39540703.jpg,Watchguard,WGM39540703,4664.00,5810.00
NWG-WGT145171,Cloud  Server Security,WatchGuard APT Blocker 1-yr for Firebox T145,https://www.leadersystems.com.au/Images/NWG-WGT145171.jpg,Watchguard,WGT145171,342.00,427.00
NWG-WGT145175,Cloud  Server Security,WatchGuard APT Blocker 5-yr for Firebox T145,https://www.leadersystems.com.au/Images/NWG-WGT145175.jpg,Watchguard,WGT145175,1499.00,1867.00
NWG-WGT1450063,Firewalls  Network Security,WatchGuard Standard Support for Firebox T145 - 3-Year (License ONLY; HW SKU: WGT145000),https://www.leadersystems.com.au/Images/NWG-WGT1450063.jpg,Watchguard,WGT1450063,1373.00,1860.00
NWG-WGT1450065,Firewalls  Network Security,WatchGuard Standard Support for Firebox T145 - 5-Year (License ONLY; HW SKU: WGT145000),https://www.leadersystems.com.au/Images/NWG-WGT1450065.jpg,Watchguard,WGT1450065,2054.00,2781.00
NWG-WGT146171,Cloud  Server Security,WatchGuard APT Blocker 1-yr for Firebox T145-W,https://www.leadersystems.com.au/Images/NWG-WGT146171.jpg,Watchguard,WGT146171,410.00,512.00
NWG-WGT125000,WatchGuard Blank Appliance,WatchGuard Firebox T125 Appliance Only – License Not Included (Requires Separate WG License Purchase),https://www.leadersystems.com.au/Images/NWG-WGT125000.jpg,Watchguard,WGT125000,329.00,409.00
NWG-WGT14621801,Subscriptions  Licensing,WatchGuard Cloud 1-month data retention for T145-W - 1-yr,https://www.leadersystems.com.au/Images/NWG-WGT14621801.jpg,Watchguard,WGT14621801,292.00,365.00
NWG-WGT146000,WatchGuard Blank Appliance,WatchGuard Firebox T145-W Appliance Only – License Not Included (Requires Separate WG License Purchase),https://www.leadersystems.com.au/Images/NWG-WGT146000.jpg,Watchguard,WGT146000,538.00,692.00
NWG-WGM59540101,Subscriptions  Licensing,WatchGuard Standard Support Renewal 1-yr for Firebox M595,https://www.leadersystems.com.au/Images/NWG-WGM59540101.jpg,Watchguard,WGM59540101,6280.00,7460.64
NWG-WGM29540103,Subscriptions  Licensing,WatchGuard Standard Support Renewal 3-yr for Firebox M295,https://www.leadersystems.com.au/Images/NWG-WGM29540103.jpg,Watchguard,WGM29540103,3432.00,4077.22
NWG-WGM69540303,Subscriptions  Licensing,WatchGuard Total Security Suite Renewal/Upgrade 3-yr for Firebox M695,https://www.leadersystems.com.au/Images/NWG-WGM69540303.jpg,Watchguard,WGM69540303,47707.00,78031.80
NWG-WGM4950213,Firewalls  Network Security,Trade Up to WatchGuard Total Security Suite for Firebox M495 - 3-Year (License ONLY; HW SKU: WGM495000),https://www.leadersystems.com.au/Images/NWG-WGM4950213.jpg,Watchguard,WGM4950213,21854.00,34534.00
NWG-WGTSST30101,Managed Detection  Response (MDR),WatchGuard Total NDR - 1 Year - 1 to 50 licenses,https://www.leadersystems.com.au/Images/NWG-WGTSST30101.jpg,Watchguard,WGTSST30101,123.00,153.00
NWG-WGTSST30303,Managed Detection  Response (MDR),WatchGuard Total NDR - 3 Year - 101 to 250 licenses,https://www.leadersystems.com.au/Images/NWG-WGTSST30303.jpg,Watchguard,WGTSST30303,230.00,287.00
NWG-WGTSST30401,Managed Detection  Response (MDR),WatchGuard Total NDR - 1 Year - 251+ licenses,https://www.leadersystems.com.au/Images/NWG-WGTSST30401.jpg,Watchguard,WGTSST30401,86.00,107.00
NWG-WGM29540203,Subscriptions  Licensing,WatchGuard Basic Security Suite Renewal/Upgrade 3-yr for Firebox M295,https://www.leadersystems.com.au/Images/NWG-WGM29540203.jpg,Watchguard,WGM29540203,5397.00,6724.00
NWG-WGM39540203,Subscriptions  Licensing,WatchGuard Basic Security Suite Renewal/Upgrade 3-yr for Firebox M395,https://www.leadersystems.com.au/Images/NWG-WGM39540203.jpg,Watchguard,WGM39540203,9303.00,11589.00
NWG-WGM59540203,Subscriptions  Licensing,WatchGuard Basic Security Suite Renewal/Upgrade 3-yr for Firebox M595,https://www.leadersystems.com.au/Images/NWG-WGM59540203.jpg,Watchguard,WGM59540203,23654.00,29468.00
NWG-WGM5950213,Firewalls  Network Security,Trade Up to WatchGuard Total Security Suite for Firebox M595 - 3-Year (License ONLY; HW SKU: WGM595000),https://www.leadersystems.com.au/Images/NWG-WGM5950213.jpg,Watchguard,WGM5950213,30481.00,48137.00
NWG-WGM3951601,Firewalls  Network Security,WatchGuard High Availability for M395 - 1-Year (License ONLY; HW SKU: WGM395000),https://www.leadersystems.com.au/Images/NWG-WGM3951601.jpg,Watchguard,WGM3951601,1064.00,1264.03
NWG-WGM4951601,Firewalls  Network Security,WatchGuard High Availability for M495 - 1-Year (License ONLY; HW SKU: WGM495000),https://www.leadersystems.com.au/Images/NWG-WGM4951601.jpg,Watchguard,WGM4951601,2025.00,2743.00
NWG-WGM5951601,Firewalls  Network Security,WatchGuard High Availability for M595 - 1-Year (License ONLY; HW SKU: WGM595000),https://www.leadersystems.com.au/Images/NWG-WGM5951601.jpg,Watchguard,WGM5951601,2860.00,4013.00
NWG-WGM4950061,Firewalls  Network Security,WatchGuard Standard Support for Firebox M495 - 1-Year (License ONLY; HW SKU: WGM495000),https://www.leadersystems.com.au/Images/NWG-WGM4950061.jpg,Watchguard,WGM4950061,4130.00,9188.00
NWG-WGM5950061,Firewalls  Network Security,WatchGuard Standard Support for Firebox M595 - 1-Year (License ONLY; HW SKU: WGM595000),https://www.leadersystems.com.au/Images/NWG-WGM5950061.jpg,Watchguard,WGM5950061,5778.00,12984.00
NWG-WGM29520801,Cloud  Server Security,WatchGuard APT Blocker 1-yr for Firebox M295,https://www.leadersystems.com.au/Images/NWG-WGM29520801.jpg,Watchguard,WGM29520801,821.00,1023.00
NWG-WGM49520801,Cloud  Server Security,WatchGuard APT Blocker 1-yr for Firebox M495,https://www.leadersystems.com.au/Images/NWG-WGM49520801.jpg,Watchguard,WGM49520801,1480.00,1844.00
NWG-WGM39540301,Subscriptions  Licensing,WatchGuard Total Security Suite Renewal/Upgrade 1-yr for Firebox M395,https://www.leadersystems.com.au/Images/NWG-WGM39540301.jpg,Watchguard,WGM39540301,6131.00,8413.00
NWG-WGM69540301,Subscriptions  Licensing,WatchGuard Total Security Suite Renewal/Upgrade 1-yr for Firebox M695,https://www.leadersystems.com.au/Images/NWG-WGM69540301.jpg,Watchguard,WGM69540301,19886.00,27253.00
NWG-WGM3950203,Firewalls  Network Security,Trade Up to WatchGuard Basic Security Suite for Firebox M395 - 3-Year (License ONLY; HW SKU: WGM395000),https://www.leadersystems.com.au/Images/NWG-WGM3950203.jpg,Watchguard,WGM3950203,7002.00,11124.00
NWG-WGM4950203,Firewalls  Network Security,Trade Up to WatchGuard Basic Security Suite for Firebox M495 - 3-Year (License ONLY; HW SKU: WGM495000),https://www.leadersystems.com.au/Images/NWG-WGM4950203.jpg,Watchguard,WGM4950203,12746.00,20203.00
NWG-WGWESS30301,Endpoint  Mobile Protection,WatchGuard Endpoint Security for Servers  - 1 Year - 101 to 250 licenses,https://www.leadersystems.com.au/Images/NWG-WGWESS30301.jpg,Watchguard,WGWESS30301,107.00,134.00
NWG-WGM29540303.,Subscriptions  Licensing,WatchGuard Total Security Suite Renewal/Upgrade 3-yr for Firebox M295,https://www.leadersystems.com.au/Images/NWG-WGM29540303..jpg,Watchguard,WGM29540303.,0.00,0.00
NWG-WGM3950071,Firewalls  Network Security,WatchGuard Basic Security Suite for Firebox M395 - 1-Year (License ONLY; HW SKU: WGM395000),https://www.leadersystems.com.au/Images/NWG-WGM3950071.jpg,Watchguard,WGM3950071,3249.00,6461.00
NWG-WGM3950073,Firewalls  Network Security,WatchGuard Basic Security Suite for Firebox M395 - 3-Year (License ONLY; HW SKU: WGM395000),https://www.leadersystems.com.au/Images/NWG-WGM3950073.jpg,Watchguard,WGM3950073,8741.00,11837.00
NWG-WGM2950063,Firewalls  Network Security,WatchGuard Standard Support for Firebox M295 - 3-Year (License ONLY; HW SKU: WGM295000),https://www.leadersystems.com.au/Images/NWG-WGM2950063.jpg,Watchguard,WGM2950063,3593.00,4865.00
NWG-WGM2951601,Firewalls  Network Security,WatchGuard  Standard Support for Firebox M295 High Availability - 1-Year (License ONLY; HW SKU: WGM295000),https://www.leadersystems.com.au/Images/NWG-WGM2951601.jpg,Watchguard,WGM2951601,606.00,719.93
NWG-WGM3950081,Firewalls  Network Security,WatchGuard Total Security Suite for Firebox M395 - 1-Year (License ONLY; HW SKU: WGM395000),https://www.leadersystems.com.au/Images/NWG-WGM3950081.jpg,Watchguard,WGM3950081,5641.00,10071.00
NWG-WGM4950083,Firewalls  Network Security,WatchGuard Total Security Suite for Firebox M495 - 3-Year (License ONLY; HW SKU: WGM495000),https://www.leadersystems.com.au/Images/NWG-WGM4950083.jpg,Watchguard,WGM4950083,26991.00,36548.00
NWG-WGM5950081,Firewalls  Network Security,WatchGuard Total Security Suite for Firebox M595 - 1-Year (License ONLY; HW SKU: WGM595000),https://www.leadersystems.com.au/Images/NWG-WGM5950081.jpg,Watchguard,WGM5950081,14108.00,25672.00
NWG-WGM59520803,Cloud  Server Security,WatchGuard APT Blocker 3-yr for Firebox M595,https://www.leadersystems.com.au/Images/NWG-WGM59520803.jpg,Watchguard,WGM59520803,5323.00,7298.00
NWG-WGM69520803,Cloud  Server Security,WatchGuard APT Blocker 3-yr for Firebox M695,https://www.leadersystems.com.au/Images/NWG-WGM69520803.jpg,Watchguard,WGM69520803,7387.00,10133.00
NWG-WGWESS30503,Endpoint  Mobile Protection,WatchGuard Endpoint Security for Servers  - 3 Year - 501 to 1000 licenses,https://www.leadersystems.com.au/Images/NWG-WGWESS30503.jpg,Watchguard,WGWESS30503,198.00,247.00
NWG-WGWESS30403,Endpoint  Mobile Protection,WatchGuard Endpoint Security for Servers  - 3 Year - 251 to 500 licenses,https://www.leadersystems.com.au/Images/NWG-WGWESS30403.jpg,Watchguard,WGWESS30403,231.00,289.00
NWG-WGZTC30203,Subscriptions  Licensing,WatchGuard Zero-Trust - 3-Year - 51 to 100 Seats,https://www.leadersystems.com.au/Images/NWG-WGZTC30203.jpg,Watchguard,WGZTC30203,487.00,607.00
NWG-WGZTC30403,Subscriptions  Licensing,WatchGuard Zero-Trust - 3-Year - 251 to 500 Seats,https://www.leadersystems.com.au/Images/NWG-WGZTC30403.jpg,Watchguard,WGZTC30403,405.00,505.00
NWG-WGCR20301,Firewalls  Network Security,WatchGuard Compliance Reporting - 1 Year - 101 to 250 licenses,https://www.leadersystems.com.au/Images/NWG-WGCR20301.jpg,Watchguard,WGCR20301,26.00,33.00
NWG-WGCR20303,Firewalls  Network Security,WatchGuard Compliance Reporting - 3 Year - 101 to 250 licenses,https://www.leadersystems.com.au/Images/NWG-WGCR20303.jpg,Watchguard,WGCR20303,63.00,79.00
NWG-WGM29540201,Subscriptions  Licensing,WatchGuard Basic Security Suite Renewal/Upgrade 1-yr for Firebox M295,https://www.leadersystems.com.au/Images/NWG-WGM29540201.jpg,Watchguard,WGM29540201,2052.00,2805.00
NWG-WGM395000,WatchGuard Blank Appliance,WatchGuard Firebox M395 Appliance Only – License Not Included (Requires Separate WG License Purchase),https://www.leadersystems.com.au/Images/NWG-WGM395000.jpg,Watchguard,WGM395000,1923.00,2515.00
NWG-WGM595000,WatchGuard Blank Appliance,WatchGuard Firebox M595 Appliance Only – License Not Included (Requires Separate WG License Purchase),https://www.leadersystems.com.au/Images/NWG-WGM595000.jpg,Watchguard,WGM595000,3779.00,5029.00
NWG-WGM39540101,Subscriptions  Licensing,WatchGuard Standard Support Renewal 1-yr for Firebox M395,https://www.leadersystems.com.au/Images/NWG-WGM39540101.jpg,Watchguard,WGM39540101,2475.00,2940.30
NWG-WG9036,Watchguard Accessories,Power Cord for for WatchGuard Firebox T185/M295/M395/M495/M595/M695 (AU),https://www.leadersystems.com.au/Images/NWG-WG9036.jpg,Watchguard,WG9036,20.00,32.08
NWG-WGM2950213,Firewalls  Network Security,Trade Up to WatchGuard Total Security Suite for Firebox M295 - 3-Year (License ONLY; HW SKU: WGM295000),https://www.leadersystems.com.au/Images/NWG-WGM2950213.jpg,Watchguard,WGM2950213,7105.00,11248.00
NWG-WGM3950213,Firewalls  Network Security,Trade Up to WatchGuard Total Security Suite for Firebox M395 - 3-Year (License ONLY; HW SKU: WGM395000),https://www.leadersystems.com.au/Images/NWG-WGM3950213.jpg,Watchguard,WGM3950213,12185.00,19274.00
NWG-WGM6951601,Firewalls  Network Security,WatchGuard High Availability for M695 - 1-Year (License ONLY; HW SKU: WGM695000),https://www.leadersystems.com.au/Images/NWG-WGM6951601.jpg,Watchguard,WGM6951601,3638.00,4881.00
NWG-WGM69520801,Cloud  Server Security,WatchGuard APT Blocker 1-yr for Firebox M695,https://www.leadersystems.com.au/Images/NWG-WGM69520801.jpg,Watchguard,WGM69520801,3395.00,4230.00
NWG-WGM39520803,Cloud  Server Security,WatchGuard APT Blocker 3-yr for Firebox M395,https://www.leadersystems.com.au/Images/NWG-WGM39520803.jpg,Watchguard,WGM39520803,2686.00,3688.00
NWG-WGM29521803,Subscriptions  Licensing,WatchGuard Cloud 1-month data retention for M295 - 3-yr,https://www.leadersystems.com.au/Images/NWG-WGM29521803.jpg,Watchguard,WGM29521803,1735.00,2386.00
NWG-WGM39521803,Subscriptions  Licensing,WatchGuard Cloud 1-month data retention for M395 - 3-yr,https://www.leadersystems.com.au/Images/NWG-WGM39521803.jpg,Watchguard,WGM39521803,2239.00,3068.00
NWG-WGZTC30405,Subscriptions  Licensing,WatchGuard Zero-Trust - 5-Year - 251 to 500 Seats,https://www.leadersystems.com.au/Images/NWG-WGZTC30405.jpg,Watchguard,WGZTC30405,742.00,925.00
NWG-WGZTC30705,Subscriptions  Licensing,WatchGuard Zero-Trust - 5-Year - 5001+ Seats,https://www.leadersystems.com.au/Images/NWG-WGZTC30705.jpg,Watchguard,WGZTC30705,558.00,696.00
NWG-WGZTC30101,Subscriptions  Licensing,WatchGuard Zero-Trust - 1-Year - 1 to 50 Seats,https://www.leadersystems.com.au/Images/NWG-WGZTC30101.jpg,Watchguard,WGZTC30101,230.00,287.00
NWG-WGMZTC30605,Subscriptions  Licensing,WatchGuard Managed Zero-Trust - 5-Year - 1001 to 5000 Seats,https://www.leadersystems.com.au/Images/NWG-WGMZTC30605.jpg,Watchguard,WGMZTC30605,887.00,1105.00
NWG-WGMZTC30501,Subscriptions  Licensing,WatchGuard Managed Zero-Trust - 1-Year - 501 to 1000 Seats,https://www.leadersystems.com.au/Images/NWG-WGMZTC30501.jpg,Watchguard,WGMZTC30501,218.00,272.00
NWG-WGMZTC30601,Subscriptions  Licensing,WatchGuard Managed Zero-Trust - 1-Year - 1001 to 5000 Seats,https://www.leadersystems.com.au/Images/NWG-WGMZTC30601.jpg,Watchguard,WGMZTC30601,201.00,251.00
NWG-WGMZTC30603,Subscriptions  Licensing,WatchGuard Managed Zero-Trust - 3-Year - 1001 to 5000 Seats,https://www.leadersystems.com.au/Images/NWG-WGMZTC30603.jpg,Watchguard,WGMZTC30603,484.00,603.00
NWG-WGZTC30501,Subscriptions  Licensing,WatchGuard Zero-Trust - 1-Year - 501 to 1000 Seats,https://www.leadersystems.com.au/Images/NWG-WGZTC30501.jpg,Watchguard,WGZTC30501,154.00,193.00
NWG-WGZTC30701,Subscriptions  Licensing,WatchGuard Zero-Trust - 1-Year - 5001+ Seats,https://www.leadersystems.com.au/Images/NWG-WGZTC30701.jpg,Watchguard,WGZTC30701,127.00,159.00
NWG-WGESA30603,Endpoint  Mobile Protection,WatchGuard Endpoint Security Basic - 3 Year - 1001 to 5000 licenses,https://www.leadersystems.com.au/Images/NWG-WGESA30603.jpg,Watchguard,WGESA30603,62.00,77.00
NWG-WGESB30503,Endpoint  Mobile Protection,WatchGuard Endpoint Security 360 - 3 Year - 501 to 1000 licenses,https://www.leadersystems.com.au/Images/NWG-WGESB30503.jpg,Watchguard,WGESB30503,124.00,154.00
NWG-WGESC30303,Endpoint  Mobile Protection,WatchGuard Endpoint Security Elite - 3 Year - 101 to 250 licenses,https://www.leadersystems.com.au/Images/NWG-WGESC30303.jpg,Watchguard,WGESC30303,208.00,259.00
NWG-WGESC30403,Endpoint  Mobile Protection,WatchGuard Endpoint Security Elite - 3 Year - 251 to 500 licenses,https://www.leadersystems.com.au/Images/NWG-WGESC30403.jpg,Watchguard,WGESC30403,187.00,233.00
NWG-WGWEDP30103,Endpoint  Mobile Protection,WatchGuard Endpoint Security Prime - 3 Year - 1 to 50 licenses,https://www.leadersystems.com.au/Images/NWG-WGWEDP30103.jpg,Watchguard,WGWEDP30103,147.00,183.00
NWG-WGWEDP30203,Endpoint  Mobile Protection,WatchGuard Endpoint Security Prime - 3 Year - 51 to 100 licenses,https://www.leadersystems.com.au/Images/NWG-WGWEDP30203.jpg,Watchguard,WGWEDP30203,130.00,162.00
NWG-WGMDRO30201,Managed Detection  Response (MDR),WatchGuard Open MDR  - 1 Year - 51 to 100 licenses,https://www.leadersystems.com.au/Images/NWG-WGMDRO30201.jpg,Watchguard,WGMDRO30201,162.00,192.46
NWG-WGTSO30120,Cloud  Server Security,WatchGuard ThreatSync Open - Monthly Subscription - 1 to 50 licenses,https://www.leadersystems.com.au/Images/NWG-WGTSO30120.jpg,Watchguard,WGTSO30120,62.00,79.00
NWG-WGTSO30203,Cloud  Server Security,WatchGuard ThreatSync Open - 3 Year - 51 to 100 licenses,https://www.leadersystems.com.au/Images/NWG-WGTSO30203.jpg,Watchguard,WGTSO30203,40.00,51.00
NWG-WGTSO30601,Cloud  Server Security,WatchGuard ThreatSync Open - 1 Year - 1001 to 5000 licenses,https://www.leadersystems.com.au/Images/NWG-WGTSO30601.jpg,Watchguard,WGTSO30601,12.00,15.00
NWG-WGTSO30605,Cloud  Server Security,WatchGuard ThreatSync Open - 5 year - 1001 to 5000 licenses,https://www.leadersystems.com.au/Images/NWG-WGTSO30605.jpg,Watchguard,WGTSO30605,52.00,65.00
NWG-WGCDR30105,Cloud  Server Security,WatchGuard CloudDR - 5 Year - 1 to 50 licenses,https://www.leadersystems.com.au/Images/NWG-WGCDR30105.jpg,Watchguard,WGCDR30105,4546.00,5768.00
NWG-WGCDR30305,Cloud  Server Security,WatchGuard CloudDR - 5 Year - 101 to 250 licenses,https://www.leadersystems.com.au/Images/NWG-WGCDR30305.jpg,Watchguard,WGCDR30305,4546.00,5768.00
NWG-WGESA30303,Endpoint  Mobile Protection,WatchGuard Endpoint Security Basic - 3 Year - 101 to 250 licenses,https://www.leadersystems.com.au/Images/NWG-WGESA30303.jpg,Watchguard,WGESA30303,92.00,115.00
NWG-WGESA30401,Endpoint  Mobile Protection,WatchGuard Endpoint Security Basic - 1 Year - 251 to 500 licenses,https://www.leadersystems.com.au/Images/NWG-WGESA30401.jpg,Watchguard,WGESA30401,34.00,43.00
NWG-WGESB30101,Endpoint  Mobile Protection,WatchGuard Endpoint Security 360 - 1 Year - 1 to 50 licenses,https://www.leadersystems.com.au/Images/NWG-WGESB30101.jpg,Watchguard,WGESB30101,86.00,107.00
NWG-WGESB30203,Endpoint  Mobile Protection,WatchGuard Endpoint Security 360 - 3 Year - 51 to 100 licenses,https://www.leadersystems.com.au/Images/NWG-WGESB30203.jpg,Watchguard,WGESB30203,182.00,227.00
NWG-WGESC30701,Endpoint  Mobile Protection,WatchGuard Endpoint Security Elite - 1 Year - 5001+ licenses,https://www.leadersystems.com.au/Images/NWG-WGESC30701.jpg,Watchguard,WGESC30701,50.00,63.00
NWG-WGESC30703,Endpoint  Mobile Protection,WatchGuard Endpoint Security Elite - 3 Year - 5001+ licenses,https://www.leadersystems.com.au/Images/NWG-WGESC30703.jpg,Watchguard,WGESC30703,121.00,152.00
NWG-WGWEDP30501,Endpoint  Mobile Protection,WatchGuard Endpoint Security Prime - 1 Year - 501 to 1000 licenses,https://www.leadersystems.com.au/Images/NWG-WGWEDP30501.jpg,Watchguard,WGWEDP30501,37.00,47.00
NWG-WGWEDP30601,Endpoint  Mobile Protection,WatchGuard Endpoint Security Prime - 1 Year - 1001 to 5000 licenses,https://www.leadersystems.com.au/Images/NWG-WGWEDP30601.jpg,Watchguard,WGWEDP30601,32.00,41.00
NWG-WGESA30701,Endpoint  Mobile Protection,WatchGuard Endpoint Security Basic - 1 Year - 5001+ licenses,https://www.leadersystems.com.au/Images/NWG-WGESA30701.jpg,Watchguard,WGESA30701,22.00,28.00
NWG-WGTSO30401,Cloud  Server Security,WatchGuard ThreatSync Open - 1 Year - 251 to 500 licenses,https://www.leadersystems.com.au/Images/NWG-WGTSO30401.jpg,Watchguard,WGTSO30401,14.00,18.00
NWG-WGESB30301,Endpoint  Mobile Protection,WatchGuard Endpoint Security 360 - 1 Year - 101 to 250 licenses,https://www.leadersystems.com.au/Images/NWG-WGESB30301.jpg,Watchguard,WGESB30301,67.00,84.00
NWG-WGESB30401,Endpoint  Mobile Protection,WatchGuard Endpoint Security 360 - 1 Year - 251 to 500 licenses,https://www.leadersystems.com.au/Images/NWG-WGESB30401.jpg,Watchguard,WGESB30401,60.00,75.00
NWG-WGESC30501,Endpoint  Mobile Protection,WatchGuard Endpoint Security Elite - 1 Year - 501 to 1000 licenses,https://www.leadersystems.com.au/Images/NWG-WGESC30501.jpg,Watchguard,WGESC30501,67.00,83.00
NWG-WGESD321801,Endpoint  Mobile Protection,WatchGuard Endpoint Security 1yr Data Retention - 1 Year,https://www.leadersystems.com.au/Images/NWG-WGESD321801.jpg,Watchguard,WGESD321801,15.00,19.00
NWG-WGWEDP3001,Endpoint  Mobile Protection,WatchGuard Endpoint Security Prime NFR - 1 year - 1+ licenses,https://www.leadersystems.com.au/Images/NWG-WGWEDP3001.jpg,Watchguard,WGWEDP3001,37.00,79.00
NWG-WGTSO30403,Cloud  Server Security,WatchGuard ThreatSync Open - 3 Year - 251 to 500 licenses,https://www.leadersystems.com.au/Images/NWG-WGTSO30403.jpg,Watchguard,WGTSO30403,33.00,42.00
NWG-WGTSNDR30201,Cloud  Server Security,WatchGuard ThreatSync+ NDR   - 1 Year - 51 to 100 licenses,https://www.leadersystems.com.au/Images/NWG-WGTSNDR30201.jpg,Watchguard,WGTSNDR30201,75.00,93.00
NWG-WGTSNDR30103,Cloud  Server Security,WatchGuard ThreatSync+ NDR   - 3 Year - 1 to 50 licenses,https://www.leadersystems.com.au/Images/NWG-WGTSNDR30103.jpg,Watchguard,WGTSNDR30103,203.00,254.00
NWG-WGCR20101,Firewalls  Network Security,WatchGuard Compliance Reporting - 1 Year - 1 to 50 licenses,https://www.leadersystems.com.au/Images/NWG-WGCR20101.jpg,Watchguard,WGCR20101,31.00,39.00
NWG-WGCR20103,Firewalls  Network Security,WatchGuard Compliance Reporting - 3 Year - 1 to 50 licenses,https://www.leadersystems.com.au/Images/NWG-WGCR20103.jpg,Watchguard,WGCR20103,75.00,93.00
NWG-WGATH30104,Identity  Access Security,WatchGuard AuthPoint MFA - 4 Year - 1 to 50 Users,https://www.leadersystems.com.au/Images/NWG-WGATH30104.jpg,Watchguard,WGATH30104,33.00,45.00
NWG-WGATH30202,Identity  Access Security,WatchGuard AuthPoint MFA - 2 Year - 51 to 100 Users,https://www.leadersystems.com.au/Images/NWG-WGATH30202.jpg,Watchguard,WGATH30202,33.00,45.00
NWG-WGCDR30103,Cloud  Server Security,WatchGuard CloudDR - 3 Year - 1 to 50 licenses,https://www.leadersystems.com.au/Images/NWG-WGCDR30103.jpg,Watchguard,WGCDR30103,4546.00,5768.00
NWG-WGCDR30203,Cloud  Server Security,WatchGuard CloudDR - 3 Year - 51 to 100 licenses,https://www.leadersystems.com.au/Images/NWG-WGCDR30203.jpg,Watchguard,WGCDR30203,4546.00,5768.00
NWG-WGCDR30220,Cloud  Server Security,WatchGuard CloudDR - Monthly Subscription - 51 to 100 licenses,https://www.leadersystems.com.au/Images/NWG-WGCDR30220.jpg,Watchguard,WGCDR30220,4546.00,5768.00
NWG-WGCDR30320,Cloud  Server Security,WatchGuard CloudDR - Monthly Subscription - 101 to 250 licenses,https://www.leadersystems.com.au/Images/NWG-WGCDR30320.jpg,Watchguard,WGCDR30320,4546.00,5768.00
NWG-WGCR20404,Firewalls  Network Security,WatchGuard Compliance Reporting - 4 Year - 251 to 500 licenses,https://www.leadersystems.com.au/Images/NWG-WGCR20404.jpg,Watchguard,WGCR20404,30.00,39.00
NWG-WGMDR30104,Firewalls  Network Security,WatchGuard Core MDR - 4 Year - 1 to 50 licenses,https://www.leadersystems.com.au/Images/NWG-WGMDR30104.jpg,Watchguard,WGMDR30104,30.00,39.00
NWG-WGMDR30204,Firewalls  Network Security,WatchGuard Core MDR - 4 Year - 51 to 100 licenses,https://www.leadersystems.com.au/Images/NWG-WGMDR30204.jpg,Watchguard,WGMDR30204,30.00,39.00
NWG-WGMDR30704,Firewalls  Network Security,WatchGuard Core MDR - 4 Year - 5001+ licenses,https://www.leadersystems.com.au/Images/NWG-WGMDR30704.jpg,Watchguard,WGMDR30704,30.00,39.00
NWG-WGMDRM30104,Firewalls  Network Security,WatchGuard Core MDR for Microsoft - 4 Year - 1 to 50 licenses,https://www.leadersystems.com.au/Images/NWG-WGMDRM30104.jpg,Watchguard,WGMDRM30104,30.00,39.00
NWG-WGMDRM30405,Managed Detection  Response (MDR),WatchGuard Core MDR for Microsoft - 5 Year - 251 to 500 licenses,https://www.leadersystems.com.au/Images/NWG-WGMDRM30405.jpg,Watchguard,WGMDRM30405,95.00,117.00
NWG-WGMDRM30504,Managed Detection  Response (MDR),WatchGuard Core MDR for Microsoft - 4 Year - 501 to 1000 licenses,https://www.leadersystems.com.au/Images/NWG-WGMDRM30504.jpg,Watchguard,WGMDRM30504,95.00,117.00
NWG-WGMDRO30205,Managed Detection  Response (MDR),Watchguard Open MDR- 5 Year - 51 to 100 licenses,https://www.leadersystems.com.au/Images/NWG-WGMDRO30205.jpg,Watchguard,WGMDRO30205,174.00,212.00
NWG-WGMDRO30304,Managed Detection  Response (MDR),Watchguard Open MDR- 4 Year - 101 to 250 licenses,https://www.leadersystems.com.au/Images/NWG-WGMDRO30304.jpg,Watchguard,WGMDRO30304,174.00,212.00
NWG-WGMDRO30705,Managed Detection  Response (MDR),Watchguard Open MDR- 5 Year - 5001+ licenses,https://www.leadersystems.com.au/Images/NWG-WGMDRO30705.jpg,Watchguard,WGMDRO30705,174.00,212.00
NWG-WGAP13000622,Subscriptions  Licensing,WatchGuard Standard Wi-Fi Management Renewal/Upgrade 2-yr for AP130,https://www.leadersystems.com.au/Images/NWG-WGAP13000622.jpg,Watchguard,WGAP13000622,93.00,117.00
NWG-WGAP13000624,Subscriptions  Licensing,WatchGuard Standard Wi-Fi Management Renewal/Upgrade 4-yr for AP130,https://www.leadersystems.com.au/Images/NWG-WGAP13000624.jpg,Watchguard,WGAP13000624,93.00,117.00
NWG-WGAP13022102,Firewalls  Network Security,Standard Wi-Fi Management for WatchGuard AP130 - 2-year,https://www.leadersystems.com.au/Images/NWG-WGAP13022102.jpg,Watchguard,WGAP13022102,86.00,117.00
NWG-WGAP13022104,Firewalls  Network Security,Standard Wi-Fi Management for WatchGuard AP130 - 4-year,https://www.leadersystems.com.au/Images/NWG-WGAP13022104.jpg,Watchguard,WGAP13022104,86.00,117.00
NWG-WGAP23000624,Subscriptions  Licensing,WatchGuard Standard Wi-Fi Management Renewal/Upgrade 4-yr for AP230W,https://www.leadersystems.com.au/Images/NWG-WGAP23000624.jpg,Watchguard,WGAP23000624,93.00,117.00
NWG-WGAP33000621,Subscriptions  Licensing,WatchGuard Standard Wi-Fi Management Renewal/Upgrade 1-yr for AP330,https://www.leadersystems.com.au/Images/NWG-WGAP33000621.jpg,Watchguard,WGAP33000621,93.00,117.00
NWG-WGCME034,Firewalls  Network Security,WatchGuard Firebox Cloud Medium with 4-yr Basic Security Suite,https://www.leadersystems.com.au/Images/NWG-WGCME034.jpg,Watchguard,WGCME034,4405.00,5965.00
NWG-WGCME172,Firewalls  Network Security,WatchGuard APT Blocker 2-yr for Firebox Cloud Medium,https://www.leadersystems.com.au/Images/NWG-WGCME172.jpg,Watchguard,WGCME172,4405.00,5965.00
NWG-WGCSM002,Firewalls  Network Security,WatchGuard Firebox Cloud Small with 2-yr Standard Support,https://www.leadersystems.com.au/Images/NWG-WGCSM002.jpg,Watchguard,WGCSM002,4405.00,5965.00
NWG-WGCSM005,Firewalls  Network Security,WatchGuard Firebox Cloud Small with 5-yr Standard Support,https://www.leadersystems.com.au/Images/NWG-WGCSM005.jpg,Watchguard,WGCSM005,4405.00,5965.00
NWG-WGAP33022102,Firewalls  Network Security,Standard Wi-Fi Management for WatchGuard AP330 - 2-year,https://www.leadersystems.com.au/Images/NWG-WGAP33022102.jpg,Watchguard,WGAP33022102,86.00,117.00
NWG-WGAP33022104,Firewalls  Network Security,Standard Wi-Fi Management for WatchGuard AP330 - 4-year,https://www.leadersystems.com.au/Images/NWG-WGAP33022104.jpg,Watchguard,WGAP33022104,86.00,117.00
NWG-WGAP43022101,Firewalls  Network Security,Standard Wi-Fi Management for WatchGuard AP430CR - 1-year,https://www.leadersystems.com.au/Images/NWG-WGAP43022101.jpg,Watchguard,WGAP43022101,86.00,117.00
NWG-WGAP43022103,Firewalls  Network Security,Standard Wi-Fi Management for WatchGuard AP430CR - 3-year,https://www.leadersystems.com.au/Images/NWG-WGAP43022103.jpg,Watchguard,WGAP43022103,86.00,117.00
NWG-WGAP33022001,Firewalls  Network Security,USP Wi-Fi Management for WatchGuard AP330 - 1-year,https://www.leadersystems.com.au/Images/NWG-WGAP33022001.jpg,Watchguard,WGAP33022001,143.00,194.00
NWG-WGMDRO30101,Managed Detection  Response (MDR),WatchGuard Open MDR  - 1 Year - 1 to 50 licenses,https://www.leadersystems.com.au/Images/NWG-WGMDRO30101.jpg,Watchguard,WGMDRO30101,181.00,215.03
NWG-WGMDRO30501,Managed Detection  Response (MDR),WatchGuard Open MDR  - 1 Year - 501 to 1000 licenses,https://www.leadersystems.com.au/Images/NWG-WGMDRO30501.jpg,Watchguard,WGMDRO30501,115.00,136.62
NWG-WGMDRO30603,Managed Detection  Response (MDR),WatchGuard Open MDR  - 3 Year - 1001 to 5000 licenses,https://www.leadersystems.com.au/Images/NWG-WGMDRO30603.jpg,Watchguard,WGMDRO30603,335.00,397.98
NWG-WGTSO30103,Cloud  Server Security,WatchGuard ThreatSync Open - 3 Year - 1 to 50 licenses,https://www.leadersystems.com.au/Images/NWG-WGTSO30103.jpg,Watchguard,WGTSO30103,45.00,56.00
NWG-WGTSO30701,Cloud  Server Security,WatchGuard ThreatSync Open - 1 Year - 5001+ licenses,https://www.leadersystems.com.au/Images/NWG-WGTSO30701.jpg,Watchguard,WGTSO30701,10.00,13.00
NWG-WGTSO30705,Cloud  Server Security,WatchGuard ThreatSync Open - 5 year - 5001+ licenses,https://www.leadersystems.com.au/Images/NWG-WGTSO30705.jpg,Watchguard,WGTSO30705,46.00,58.00
NWG-WGAP33022003,Firewalls  Network Security,USP Wi-Fi Management for WatchGuard AP330 - 3-year,https://www.leadersystems.com.au/Images/NWG-WGAP33022003.jpg,Watchguard,WGAP33022003,143.00,194.00
NWG-WGAP43022004,Firewalls  Network Security,USP Wi-Fi Management for WatchGuard AP430CR - 4-year,https://www.leadersystems.com.au/Images/NWG-WGAP43022004.jpg,Watchguard,WGAP43022004,143.00,194.00
NWG-WGWESS30505,Endpoint  Mobile Protection,WatchGuard Endpoint Security for Servers  - 5 Year - 501 to 1000 licenses,https://www.leadersystems.com.au/Images/NWG-WGWESS30505.jpg,Watchguard,WGWESS30505,137.00,171.00
NWG-WGWESS30502,Endpoint  Mobile Protection,WatchGuard Endpoint Security for Servers  - 2 Year - 501 to 1000 licenses,https://www.leadersystems.com.au/Images/NWG-WGWESS30502.jpg,Watchguard,WGWESS30502,137.00,171.00
NWG-WGDNS30405,Cloud  Server Security,WatchGuard DNSWatchGO - 5 Year - 251 to 500 Users,https://www.leadersystems.com.au/Images/NWG-WGDNS30405.jpg,Watchguard,WGDNS30405,47.00,59.00
NWG-WGENCR30102,Endpoint  Mobile Protection,Full Encryption - 2 Year - 1 to 50 licenses,https://www.leadersystems.com.au/Images/NWG-WGENCR30102.jpg,Watchguard,WGENCR30102,22.00,28.00
NWG-WGENCR30505,Endpoint  Mobile Protection,Full Encryption - 5 Year - 501 to 1000 licenses,https://www.leadersystems.com.au/Images/NWG-WGENCR30505.jpg,Watchguard,WGENCR30505,22.00,28.00
NWG-WGENCR30604,Endpoint  Mobile Protection,Full Encryption - 4 Year - 1001 to 5000 licenses,https://www.leadersystems.com.au/Images/NWG-WGENCR30604.jpg,Watchguard,WGENCR30604,22.00,28.00
NWG-WGCDR30401,Cloud  Server Security,WatchGuard CloudDR - 1 Year - 251 to 500 licenses,https://www.leadersystems.com.au/Images/NWG-WGCDR30401.jpg,Watchguard,WGCDR30401,4546.00,5768.00
NWG-WGCDR30601,Cloud  Server Security,WatchGuard CloudDR - 1 Year - 1001 to 5000 licenses,https://www.leadersystems.com.au/Images/NWG-WGCDR30601.jpg,Watchguard,WGCDR30601,4546.00,5768.00
NWG-WGESA30302,Endpoint  Mobile Protection,WatchGuard Endpoint Security Basic - 2 Year - 101 to 250 licenses,https://www.leadersystems.com.au/Images/NWG-WGESA30302.jpg,Watchguard,WGESA30302,49.00,62.00
NWG-WGESA30305,Endpoint  Mobile Protection,WatchGuard Endpoint Security Basic - 5 Year - 101 to 250 licenses,https://www.leadersystems.com.au/Images/NWG-WGESA30305.jpg,Watchguard,WGESA30305,49.00,62.00
NWG-WGESB30104,Endpoint  Mobile Protection,WatchGuard Endpoint Security 360 - 4 Year - 1 to 50 licenses,https://www.leadersystems.com.au/Images/NWG-WGESB30104.jpg,Watchguard,WGESB30104,86.00,107.00
NWG-WGT146172,Cloud  Server Security,WatchGuard APT Blocker 2-yr for Firebox T145-W,https://www.leadersystems.com.au/Images/NWG-WGT146172.jpg,Watchguard,WGT146172,342.00,427.00
NWG-WGT49172,Cloud  Server Security,WatchGuard APT Blocker 2-yr for Firebox T45-CW,https://www.leadersystems.com.au/Images/NWG-WGT49172.jpg,Watchguard,WGT49172,342.00,427.00
NWG-WGESB30604,Endpoint  Mobile Protection,WatchGuard Endpoint Security 360 - 4 Year - 1001 to 5000 licenses,https://www.leadersystems.com.au/Images/NWG-WGESB30604.jpg,Watchguard,WGESB30604,86.00,107.00
NWG-WGESC30302,Endpoint  Mobile Protection,WatchGuard Endpoint Security Elite - 2 Year - 101 to 250 licenses,https://www.leadersystems.com.au/Images/NWG-WGESC30302.jpg,Watchguard,WGESC30302,111.00,138.00
NWG-WGT126174,Cloud  Server Security,WatchGuard APT Blocker 4-yr for Firebox T125-W,https://www.leadersystems.com.au/Images/NWG-WGT126174.jpg,Watchguard,WGT126174,342.00,427.00
NWG-WGCDR30403,Cloud  Server Security,WatchGuard CloudDR - 3 Year - 251 to 500 licenses,https://www.leadersystems.com.au/Images/NWG-WGCDR30403.jpg,Watchguard,WGCDR30403,4546.00,5768.00
NWG-WGCDR30603,Cloud  Server Security,WatchGuard CloudDR - 3 Year - 1001 to 5000 licenses,https://www.leadersystems.com.au/Images/NWG-WGCDR30603.jpg,Watchguard,WGCDR30603,4546.00,5768.00
NWG-WGCR20204,Firewalls  Network Security,WatchGuard Compliance Reporting - 4 Year - 51 to 100 licenses,https://www.leadersystems.com.au/Images/NWG-WGCR20204.jpg,Watchguard,WGCR20204,30.00,39.00
NWG-WGCR20205,Firewalls  Network Security,WatchGuard Compliance Reporting - 5 Year - 51 to 100 licenses,https://www.leadersystems.com.au/Images/NWG-WGCR20205.jpg,Watchguard,WGCR20205,30.00,39.00
NWG-WGWEDP30204,Endpoint  Mobile Protection,WatchGuard Endpoint Security Prime - 4 Year - 51 to 100 licenses,https://www.leadersystems.com.au/Images/NWG-WGWEDP30204.jpg,Watchguard,WGWEDP30204,61.00,77.00
NWG-WGT1250072,Firewalls  Network Security,WatchGuard Basic Security Suite for Firebox T125 - 2-Year,https://www.leadersystems.com.au/Images/NWG-WGT1250072.jpg,Watchguard,WGT1250072,601.00,814.00
NWG-WGESC30702,Endpoint  Mobile Protection,WatchGuard Endpoint Security Elite - 2 Year - 5001+ licenses,https://www.leadersystems.com.au/Images/NWG-WGESC30702.jpg,Watchguard,WGESC30702,111.00,138.00
NWG-WGESC30704,Endpoint  Mobile Protection,WatchGuard Endpoint Security Elite - 4 Year - 5001+ licenses,https://www.leadersystems.com.au/Images/NWG-WGESC30704.jpg,Watchguard,WGESC30704,111.00,138.00
NWG-WGWEDP30504,Endpoint  Mobile Protection,WatchGuard Endpoint Security Prime - 4 Year - 501 to 1000 licenses,https://www.leadersystems.com.au/Images/NWG-WGWEDP30504.jpg,Watchguard,WGWEDP30504,61.00,77.00
NWG-WGWEDP30602,Endpoint  Mobile Protection,WatchGuard Endpoint Security Prime - 2 Year - 1001 to 5000 licenses,https://www.leadersystems.com.au/Images/NWG-WGWEDP30602.jpg,Watchguard,WGWEDP30602,61.00,77.00
NWG-WGVSM005,Firewalls  Network Security,WatchGuard FireboxV Small with 5-yr Standard Support,https://www.leadersystems.com.au/Images/NWG-WGVSM005.jpg,Watchguard,WGVSM005,2918.00,3951.00
NWG-WGVSM034,Firewalls  Network Security,WatchGuard FireboxV Small with 4-yr Basic Security Suite,https://www.leadersystems.com.au/Images/NWG-WGVSM034.jpg,Watchguard,WGVSM034,2918.00,3951.00
NWG-WGCR20604,Firewalls  Network Security,WatchGuard Compliance Reporting - 4 Year - 1001 to 5000 licenses,https://www.leadersystems.com.au/Images/NWG-WGCR20604.jpg,Watchguard,WGCR20604,30.00,39.00
NWG-WGMDR30504,Firewalls  Network Security,WatchGuard Core MDR - 4 Year - 501 to 1000 licenses,https://www.leadersystems.com.au/Images/NWG-WGMDR30504.jpg,Watchguard,WGMDR30504,30.00,39.00
NWG-WGMDR30604,Firewalls  Network Security,WatchGuard Core MDR - 4 Year - 1001 to 5000 licenses,https://www.leadersystems.com.au/Images/NWG-WGMDR30604.jpg,Watchguard,WGMDR30604,30.00,39.00
NWG-WGFCI30102,Firewalls  Network Security,WatchGuard FireCloud Internet Access - 2 Year - 1 to 50 licenses,https://www.leadersystems.com.au/Images/NWG-WGFCI30102.jpg,Watchguard,WGFCI30102,106.00,132.00
NWG-WGVXL172,Firewalls  Network Security,WatchGuard APT Blocker 2-yr for FireboxV X-Large,https://www.leadersystems.com.au/Images/NWG-WGVXL172.jpg,Watchguard,WGVXL172,18740.00,25843.00
NWG-WGVXL644,Firewalls  Network Security,WatchGuard FireboxV X-Large with 4-yr Total Security Suite,https://www.leadersystems.com.au/Images/NWG-WGVXL644.jpg,Watchguard,WGVXL644,18740.00,25843.00
NWG-WGFCI30405,Firewalls  Network Security,WatchGuard FireCloud Internet Access - 5 Year - 251 to 500 licenses,https://www.leadersystems.com.au/Images/NWG-WGFCI30405.jpg,Watchguard,WGFCI30405,106.00,132.00
NWG-NWG-WGFCI30705,Firewalls  Network Security,WatchGuard FireCloud Internet Access - 5 Year - 5001+ licenses,https://www.leadersystems.com.au/Images/NWG-NWG-WGFCI30705.jpg,Watchguard,NWG-WGFCI30705,106.00,132.00
NWG-WGVSM525,Cloud  Server Security,WatchGuard Cloud 1-month data retention for FireboxV Small - 5-yr,https://www.leadersystems.com.au/Images/NWG-WGVSM525.jpg,Watchguard,WGVSM525,1090.00,1383.00
NWG-WGMDRM30702,Managed Detection  Response (MDR),WatchGuard Core MDR for Microsoft - 2 Year - 5001+ licenses,https://www.leadersystems.com.au/Images/NWG-WGMDRM30702.jpg,Watchguard,WGMDRM30702,95.00,117.00
NWG-WGMDRM30704,Managed Detection  Response (MDR),WatchGuard Core MDR for Microsoft - 4 Year - 5001+ licenses,https://www.leadersystems.com.au/Images/NWG-WGMDRM30704.jpg,Watchguard,WGMDRM30704,95.00,117.00
NWG-WGMDRO30502,Managed Detection  Response (MDR),Watchguard Open MDR- 2 Year - 501 to 1000 licenses,https://www.leadersystems.com.au/Images/NWG-WGMDRO30502.jpg,Watchguard,WGMDRO30502,174.00,212.00
NWG-WGMDRO30602,Managed Detection  Response (MDR),Watchguard Open MDR- 2 Year - 1001 to 5000 licenses,https://www.leadersystems.com.au/Images/NWG-WGMDRO30602.jpg,Watchguard,WGMDRO30602,174.00,212.00
NWG-WGAP13022005,Firewalls  Network Security,USP Wi-Fi Management for WatchGuard AP130 - 5-year,https://www.leadersystems.com.au/Images/NWG-WGAP13022005.jpg,Watchguard,WGAP13022005,143.00,194.00
NWG-WGT14621802,Subscriptions  Licensing,WatchGuard Cloud 1-month data retention for T145-W - 2-yr,https://www.leadersystems.com.au/Images/NWG-WGT14621802.jpg,Watchguard,WGT14621802,137.00,171.00
NWG-WGT14621805,Subscriptions  Licensing,WatchGuard Cloud 1-month data retention for T145-W - 5-yr,https://www.leadersystems.com.au/Images/NWG-WGT14621805.jpg,Watchguard,WGT14621805,137.00,171.00
NWG-WGN37022202,Managed Detection  Response (MDR),WatchGuard NDR for Firebox M370 - 2 Year,https://www.leadersystems.com.au/Images/NWG-WGN37022202.jpg,Watchguard,WGN37022202,123.00,153.00
NWG-WGN39022204,Managed Detection  Response (MDR),WatchGuard NDR for Firebox M390 - 4 Year,https://www.leadersystems.com.au/Images/NWG-WGN39022204.jpg,Watchguard,WGN39022204,123.00,153.00
NWG-WGFCT30305,Firewalls  Network Security,WatchGuard FireCloud Total Access  - 5 Year - 101 to 250 licenses,https://www.leadersystems.com.au/Images/NWG-WGFCT30305.jpg,Watchguard,WGFCT30305,163.00,203.00
NWG-WGFCT30404,Firewalls  Network Security,WatchGuard FireCloud Total Access  - 4 Year - 251 to 500 licenses,https://www.leadersystems.com.au/Images/NWG-WGFCT30404.jpg,Watchguard,WGFCT30404,163.00,203.00
NWG-WGN11522202,Managed Detection  Response (MDR),WatchGuard NDR for Firebox T115 - 2 Year,https://www.leadersystems.com.au/Images/NWG-WGN11522202.jpg,Watchguard,WGN11522202,123.00,153.00
NWG-WGN12522202,Managed Detection  Response (MDR),WatchGuard NDR for Firebox T125 - 2 Year,https://www.leadersystems.com.au/Images/NWG-WGN12522202.jpg,Watchguard,WGN12522202,123.00,153.00
NWG-WGCR20201,Firewalls  Network Security,WatchGuard Compliance Reporting - 1 Year - 51 to 100 licenses,https://www.leadersystems.com.au/Images/NWG-WGCR20201.jpg,Watchguard,WGCR20201,27.00,35.00
NWG-WGCR20203,Firewalls  Network Security,WatchGuard Compliance Reporting - 3 Year - 51 to 100 licenses,https://www.leadersystems.com.au/Images/NWG-WGCR20203.jpg,Watchguard,WGCR20203,66.00,83.00
NWG-WGCR20403,Firewalls  Network Security,WatchGuard Compliance Reporting - 3 Year - 251 to 500 licenses,https://www.leadersystems.com.au/Images/NWG-WGCR20403.jpg,Watchguard,WGCR20403,55.00,69.00
NWG-WGCLG174,Cloud  Server Security,WatchGuard APT Blocker 4-yr for Firebox Cloud Large,https://www.leadersystems.com.au/Images/NWG-WGCLG174.jpg,Watchguard,WGCLG174,2267.00,2876.00
NWG-WGAP13022024,Subscriptions  Licensing,WatchGuard USP Wi-Fi Management Renewal/Upgrade 4-yr for AP130,https://www.leadersystems.com.au/Images/NWG-WGAP13022024.jpg,Watchguard,WGAP13022024,155.00,194.00
NWG-WGCLG644,Firewalls  Network Security,WatchGuard Firebox Cloud Large with 4-yr Total Security Suite,https://www.leadersystems.com.au/Images/NWG-WGCLG644.jpg,Watchguard,WGCLG644,14558.00,20075.00
NWG-WGCLG645,Firewalls  Network Security,WatchGuard Firebox Cloud Large with 5-yr Total Security Suite,https://www.leadersystems.com.au/Images/NWG-WGCLG645.jpg,Watchguard,WGCLG645,14558.00,20075.00
NWG-WGAP23022101,Firewalls  Network Security,Standard Wi-Fi Management for WatchGuard AP230W - 1-year,https://www.leadersystems.com.au/Images/NWG-WGAP23022101.jpg,Watchguard,WGAP23022101,86.00,117.00
NWG-WGN4522204,Managed Detection  Response (MDR),WatchGuard NDR for Firebox T45 - 4 Year,https://www.leadersystems.com.au/Images/NWG-WGN4522204.jpg,Watchguard,WGN4522204,123.00,153.00
NWG-WGT1160064,Firewalls  Network Security,WatchGuard Standard Support for Firebox T115-W - 4-Year,https://www.leadersystems.com.au/Images/NWG-WGT1160064.jpg,Watchguard,WGT1160064,435.00,589.00
NWG-WGNVME22202,Managed Detection  Response (MDR),WatchGuard NDR for FireboxV Medium - 2 Year,https://www.leadersystems.com.au/Images/NWG-WGNVME22202.jpg,Watchguard,WGNVME22202,123.00,153.00
NWG-WGNVMC22202,Managed Detection  Response (MDR),WatchGuard NDR for FireboxV Micro - 2 Year,https://www.leadersystems.com.au/Images/NWG-WGNVMC22202.jpg,Watchguard,WGNVMC22202,123.00,153.00
NWG-WGCME175,Firewalls  Network Security,WatchGuard APT Blocker 5-yr for Firebox Cloud Medium,https://www.leadersystems.com.au/Images/NWG-WGCME175.jpg,Watchguard,WGCME175,4405.00,5965.00
NWG-WGCSM524,Firewalls  Network Security,WatchGuard Cloud 1-month data retention for Firebox Cloud Small - 4-yr,https://www.leadersystems.com.au/Images/NWG-WGCSM524.jpg,Watchguard,WGCSM524,4405.00,5965.00
NWG-WGCSM525,Firewalls  Network Security,WatchGuard Cloud 1-month data retention for Firebox Cloud Small - 5-yr,https://www.leadersystems.com.au/Images/NWG-WGCSM525.jpg,Watchguard,WGCSM525,4405.00,5965.00
NWG-WGAP43000621,Subscriptions  Licensing,WatchGuard Standard Wi-Fi Management Renewal/Upgrade 1-yr for AP430CR,https://www.leadersystems.com.au/Images/NWG-WGAP43000621.jpg,Watchguard,WGAP43000621,93.00,117.00
NWG-WGAP33000622,Subscriptions  Licensing,WatchGuard Standard Wi-Fi Management Renewal/Upgrade 2-yr for AP330,https://www.leadersystems.com.au/Images/NWG-WGAP33000622.jpg,Watchguard,WGAP33000622,93.00,117.00
NWG-WGAP43000623,Subscriptions  Licensing,WatchGuard Standard Wi-Fi Management Renewal/Upgrade 3-yr for AP430CR,https://www.leadersystems.com.au/Images/NWG-WGAP43000623.jpg,Watchguard,WGAP43000623,93.00,117.00
NWG-WGAP33000624,Subscriptions  Licensing,WatchGuard Standard Wi-Fi Management Renewal/Upgrade 4-yr for AP330,https://www.leadersystems.com.au/Images/NWG-WGAP33000624.jpg,Watchguard,WGAP33000624,93.00,117.00
NWG-WGTSNDR30304,Cloud  Server Security,WatchGuard ThreatSync+ NDR - 4 Year - 101 to 250 licenses,https://www.leadersystems.com.au/Images/NWG-WGTSNDR30304.jpg,Watchguard,WGTSNDR30304,85.00,106.00
NWG-WGTSNDR30505,Cloud  Server Security,WatchGuard ThreatSync+ NDR - 5 Year - 501 to 1000 licenses,https://www.leadersystems.com.au/Images/NWG-WGTSNDR30505.jpg,Watchguard,WGTSNDR30505,85.00,106.00
NWG-WGAP43222105,Firewalls  Network Security,Standard Wi-Fi Management for WatchGuard AP432 - 5-year,https://www.leadersystems.com.au/Images/NWG-WGAP43222105.jpg,Watchguard,WGAP43222105,86.00,117.00
NWG-WGAP33222003,Firewalls  Network Security,USP Wi-Fi Management for WatchGuard AP332CR - 3-year,https://www.leadersystems.com.au/Images/NWG-WGAP33222003.jpg,Watchguard,WGAP33222003,143.00,194.00
NWG-WGWESS30704,Endpoint  Mobile Protection,WatchGuard Endpoint Security for Servers  - 4 Year - 5001+ licenses,https://www.leadersystems.com.au/Images/NWG-WGWESS30704.jpg,Watchguard,WGWESS30704,137.00,171.00
NWG-WGINSG30304,Endpoint  Mobile Protection,Advanced Reporting Tool - 4 Year - 101 to 250 licenses,https://www.leadersystems.com.au/Images/NWG-WGINSG30304.jpg,Watchguard,WGINSG30304,22.00,28.00
NWG-WGINSG30402,Endpoint  Mobile Protection,Advanced Reporting Tool - 2 Year - 251 to 500 licenses,https://www.leadersystems.com.au/Images/NWG-WGINSG30402.jpg,Watchguard,WGINSG30402,22.00,28.00
NWG-WGINSG30405,Endpoint  Mobile Protection,Advanced Reporting Tool - 5 Year - 251 to 500 licenses,https://www.leadersystems.com.au/Images/NWG-WGINSG30405.jpg,Watchguard,WGINSG30405,22.00,28.00
NWG-WGTSSAAS30402,Cloud  Server Security,WatchGuard ThreatSync+ SAAS - 2 Year - 251 to 500 licenses,https://www.leadersystems.com.au/Images/NWG-WGTSSAAS30402.jpg,Watchguard,WGTSSAAS30402,32.00,40.00
NWG-WGTSSAAS30502,Cloud  Server Security,WatchGuard ThreatSync+ SAAS - 2 Year - 501 to 1000 licenses,https://www.leadersystems.com.au/Images/NWG-WGTSSAAS30502.jpg,Watchguard,WGTSSAAS30502,32.00,40.00
NWG-WGTSSAAS30205,Cloud  Server Security,WatchGuard ThreatSync+ SAAS - 5 Year - 51 to 100 licenses,https://www.leadersystems.com.au/Images/NWG-WGTSSAAS30205.jpg,Watchguard,WGTSSAAS30205,32.00,40.00
NWG-WGMDRT30602,Managed Detection  Response (MDR),WatchGuard Total MDR - 2 Year - 1001 to 5000 licenses,https://www.leadersystems.com.au/Images/NWG-WGMDRT30602.jpg,Watchguard,WGMDRT30602,126.00,149.69
NWG-WGWESS30205,Endpoint  Mobile Protection,WatchGuard Endpoint Security for Servers  - 5 Year - 51 to 100 licenses,https://www.leadersystems.com.au/Images/NWG-WGWESS30205.jpg,Watchguard,WGWESS30205,137.00,171.00
NWG-WGWESS30105,Endpoint  Mobile Protection,WatchGuard Endpoint Security for Servers  - 5 Year - 1 to 50 licenses,https://www.leadersystems.com.au/Images/NWG-WGWESS30105.jpg,Watchguard,WGWESS30105,137.00,171.00
NWG-WGAP230000,WatchGuard Blank Appliance,WatchGuard AP230W Appliance Only,https://www.leadersystems.com.au/Images/NWG-WGAP230000.jpg,Watchguard,WGAP230000,579.00,802.00
NWG-WGAP330000,WatchGuard Blank Appliance,WatchGuard AP330 Appliance Only,https://www.leadersystems.com.au/Images/NWG-WGAP330000.jpg,Watchguard,WGAP330000,699.00,970.00
NWG-WGDNS30204,Cloud  Server Security,WatchGuard DNSWatchGO - 4 Year - 51 to 100 Users,https://www.leadersystems.com.au/Images/NWG-WGDNS30204.jpg,Watchguard,WGDNS30204,47.00,59.00
NWG-WGDNS30205,Cloud  Server Security,WatchGuard DNSWatchGO - 5 Year - 51 to 100 Users,https://www.leadersystems.com.au/Images/NWG-WGDNS30205.jpg,Watchguard,WGDNS30205,47.00,59.00
NWG-WGDNS30605,Cloud  Server Security,WatchGuard DNSWatchGO - 5 Year - 1001 to 5000 Users,https://www.leadersystems.com.au/Images/NWG-WGDNS30605.jpg,Watchguard,WGDNS30605,47.00,59.00
NWG-WGDNS30705,Cloud  Server Security,WatchGuard DNSWatchGO - 5 Year - 5001+ Users,https://www.leadersystems.com.au/Images/NWG-WGDNS30705.jpg,Watchguard,WGDNS30705,47.00,59.00
NWG-WGENCR30304,Endpoint  Mobile Protection,Full Encryption - 4 Year - 101 to 250 licenses,https://www.leadersystems.com.au/Images/NWG-WGENCR30304.jpg,Watchguard,WGENCR30304,22.00,28.00
NWG-WGCR20104,Firewalls  Network Security,WatchGuard Compliance Reporting - 4 Year - 1 to 50 licenses,https://www.leadersystems.com.au/Images/NWG-WGCR20104.jpg,Watchguard,WGCR20104,30.00,39.00
NWG-WGTSST30501,Managed Detection  Response (MDR),WatchGuard Total NDR - 1 Year - 501 to 1000 licenses,https://www.leadersystems.com.au/Images/NWG-WGTSST30501.jpg,Watchguard,WGTSST30501,123.00,153.00
NWG-WGTSST30602,Managed Detection  Response (MDR),WatchGuard Total NDR - 2 Year - 1001 to 5000 licenses,https://www.leadersystems.com.au/Images/NWG-WGTSST30602.jpg,Watchguard,WGTSST30602,123.00,153.00
NWG-WGTSST30305,Managed Detection  Response (MDR),WatchGuard Total NDR - 5 Year - 101 to 250 licenses,https://www.leadersystems.com.au/Images/NWG-WGTSST30305.jpg,Watchguard,WGTSST30305,123.00,153.00
NWG-WGTSST30705,Managed Detection  Response (MDR),WatchGuard Total NDR - 5 Year - 5001+ licenses,https://www.leadersystems.com.au/Images/NWG-WGTSST30705.jpg,Watchguard,WGTSST30705,123.00,153.00
NWG-WGT1260082,Firewalls  Network Security,WatchGuard Total Security Suite for Firebox T125-W - 2-Year,https://www.leadersystems.com.au/Images/NWG-WGT1260082.jpg,Watchguard,WGT1260082,1224.00,1658.00
NWG-WGT1450082,Firewalls  Network Security,WatchGuard Total Security Suite for Firebox T145 - 2-Year,https://www.leadersystems.com.au/Images/NWG-WGT1450082.jpg,Watchguard,WGT1450082,1224.00,1658.00
NWG-WGAP23022022,Subscriptions  Licensing,WatchGuard USP Wi-Fi Management Renewal/Upgrade 2-yr for AP230W,https://www.leadersystems.com.au/Images/NWG-WGAP23022022.jpg,Watchguard,WGAP23022022,155.00,194.00
NWG-WGAP33222022,Subscriptions  Licensing,WatchGuard USP Wi-Fi Management Renewal/Upgrade 2-yr for AP332CR,https://www.leadersystems.com.au/Images/NWG-WGAP33222022.jpg,Watchguard,WGAP33222022,155.00,194.00
NWG-WGCR20202,Firewalls  Network Security,WatchGuard Compliance Reporting - 2 Year - 51 to 100 licenses,https://www.leadersystems.com.au/Images/NWG-WGCR20202.jpg,Watchguard,WGCR20202,30.00,39.00
NWG-WGATH30102,Identity  Access Security,WatchGuard AuthPoint MFA - 2 Year - 1 to 50 Users,https://www.leadersystems.com.au/Images/NWG-WGATH30102.jpg,Watchguard,WGATH30102,33.00,45.00
NWG-WGCR20502,Firewalls  Network Security,WatchGuard Compliance Reporting - 2 Year - 501 to 1000 licenses,https://www.leadersystems.com.au/Images/NWG-WGCR20502.jpg,Watchguard,WGCR20502,30.00,39.00
NWG-WGCR20505,Firewalls  Network Security,WatchGuard Compliance Reporting - 5 Year - 501 to 1000 licenses,https://www.leadersystems.com.au/Images/NWG-WGCR20505.jpg,Watchguard,WGCR20505,30.00,39.00
NWG-WGCR20702,Firewalls  Network Security,WatchGuard Compliance Reporting - 2 Year - 5001+ licenses,https://www.leadersystems.com.au/Images/NWG-WGCR20702.jpg,Watchguard,WGCR20702,30.00,39.00
NWG-WGCR20705,Firewalls  Network Security,WatchGuard Compliance Reporting - 5 Year - 5001+ licenses,https://www.leadersystems.com.au/Images/NWG-WGCR20705.jpg,Watchguard,WGCR20705,30.00,39.00
NWG-WGENCR30305,Endpoint  Mobile Protection,Full Encryption - 5 Year - 101 to 250 licenses,https://www.leadersystems.com.au/Images/NWG-WGENCR30305.jpg,Watchguard,WGENCR30305,22.00,28.00
NWG-WGESA30105,Endpoint  Mobile Protection,WatchGuard Endpoint Security Basic - 5 Year - 1 to 50 licenses,https://www.leadersystems.com.au/Images/NWG-WGESA30105.jpg,Watchguard,WGESA30105,49.00,62.00
NWG-WGESA30505,Endpoint  Mobile Protection,WatchGuard Endpoint Security Basic - 5 Year - 501 to 1000 licenses,https://www.leadersystems.com.au/Images/NWG-WGESA30505.jpg,Watchguard,WGESA30505,49.00,62.00
NWG-WGESA30602,Endpoint  Mobile Protection,WatchGuard Endpoint Security Basic - 2 Year - 1001 to 5000 licenses,https://www.leadersystems.com.au/Images/NWG-WGESA30602.jpg,Watchguard,WGESA30602,49.00,62.00
NWG-WGESB30305,Endpoint  Mobile Protection,WatchGuard Endpoint Security 360 - 5 Year - 101 to 250 licenses,https://www.leadersystems.com.au/Images/NWG-WGESB30305.jpg,Watchguard,WGESB30305,86.00,107.00
NWG-WGESB30402,Endpoint  Mobile Protection,WatchGuard Endpoint Security 360 - 2 Year - 251 to 500 licenses,https://www.leadersystems.com.au/Images/NWG-WGESB30402.jpg,Watchguard,WGESB30402,86.00,107.00
NWG-WGESC30102,Endpoint  Mobile Protection,WatchGuard Endpoint Security Elite - 2 Year - 1 to 50 licenses,https://www.leadersystems.com.au/Images/NWG-WGESC30102.jpg,Watchguard,WGESC30102,86.00,107.00
NWG-WGESC30105,Endpoint  Mobile Protection,WatchGuard Endpoint Security Elite - 5 Year - 1 to 50 licenses,https://www.leadersystems.com.au/Images/NWG-WGESC30105.jpg,Watchguard,WGESC30105,86.00,107.00
NWG-WGAP43222022,Subscriptions  Licensing,WatchGuard USP Wi-Fi Management Renewal/Upgrade 2-yr for AP432,https://www.leadersystems.com.au/Images/NWG-WGAP43222022.jpg,Watchguard,WGAP43222022,155.00,194.00
NWG-WGAP33222025,Subscriptions  Licensing,WatchGuard USP Wi-Fi Management Renewal/Upgrade 5-yr for AP332CR,https://www.leadersystems.com.au/Images/NWG-WGAP33222025.jpg,Watchguard,WGAP33222025,155.00,194.00
NWG-WGAP43222025,Subscriptions  Licensing,WatchGuard USP Wi-Fi Management Renewal/Upgrade 5-yr for AP432,https://www.leadersystems.com.au/Images/NWG-WGAP43222025.jpg,Watchguard,WGAP43222025,155.00,194.00
NWG-WGMDRM30204,Managed Detection  Response (MDR),WatchGuard Core MDR for Microsoft - 4 Year - 51 to 100 licenses,https://www.leadersystems.com.au/Images/NWG-WGMDRM30204.jpg,Watchguard,WGMDRM30204,95.00,117.00
NWG-WGMDRM30304,Managed Detection  Response (MDR),WatchGuard Core MDR for Microsoft - 4 Year - 101 to 250 licenses,https://www.leadersystems.com.au/Images/NWG-WGMDRM30304.jpg,Watchguard,WGMDRM30304,95.00,117.00
NWG-WGMDRM30402,Managed Detection  Response (MDR),WatchGuard Core MDR for Microsoft - 2 Year - 251 to 500 licenses,https://www.leadersystems.com.au/Images/NWG-WGMDRM30402.jpg,Watchguard,WGMDRM30402,95.00,117.00
NWG-WGMDRO30402,Managed Detection  Response (MDR),Watchguard Open MDR- 2 Year - 251 to 500 licenses,https://www.leadersystems.com.au/Images/NWG-WGMDRO30402.jpg,Watchguard,WGMDRO30402,174.00,212.00
NWG-WGMDRO30405,Managed Detection  Response (MDR),Watchguard Open MDR- 5 Year - 251 to 500 licenses,https://www.leadersystems.com.au/Images/NWG-WGMDRO30405.jpg,Watchguard,WGMDRO30405,174.00,212.00
NWG-WGMDRO30604,Managed Detection  Response (MDR),Watchguard Open MDR- 4 Year - 1001 to 5000 licenses,https://www.leadersystems.com.au/Images/NWG-WGMDRO30604.jpg,Watchguard,WGMDRO30604,174.00,212.00
NWG-WGMDRO30702,Managed Detection  Response (MDR),Watchguard Open MDR- 2 Year - 5001+ licenses,https://www.leadersystems.com.au/Images/NWG-WGMDRO30702.jpg,Watchguard,WGMDRO30702,174.00,212.00
NWG-WGAP13022001,Firewalls  Network Security,USP Wi-Fi Management for WatchGuard AP130 - 1-year,https://www.leadersystems.com.au/Images/NWG-WGAP13022001.jpg,Watchguard,WGAP13022001,143.00,194.00
NWG-WGWEDP30102,Endpoint  Mobile Protection,WatchGuard Endpoint Security Prime - 2 Year - 1 to 50 licenses,https://www.leadersystems.com.au/Images/NWG-WGWEDP30102.jpg,Watchguard,WGWEDP30102,61.00,77.00
NWG-WGWEDP30104,Endpoint  Mobile Protection,WatchGuard Endpoint Security Prime - 4 Year - 1 to 50 licenses,https://www.leadersystems.com.au/Images/NWG-WGWEDP30104.jpg,Watchguard,WGWEDP30104,61.00,77.00
NWG-WGESC30604,Endpoint  Mobile Protection,WatchGuard Endpoint Security Elite - 4 Year - 1001 to 5000 licenses,https://www.leadersystems.com.au/Images/NWG-WGESC30604.jpg,Watchguard,WGESC30604,111.00,138.00
NWG-WGESC30605,Endpoint  Mobile Protection,WatchGuard Endpoint Security Elite - 5 Year - 1001 to 5000 licenses,https://www.leadersystems.com.au/Images/NWG-WGESC30605.jpg,Watchguard,WGESC30605,111.00,138.00
NWG-WGT1450074,Firewalls  Network Security,WatchGuard Basic Security Suite for Firebox T145 - 4-Year,https://www.leadersystems.com.au/Images/NWG-WGT1450074.jpg,Watchguard,WGT1450074,601.00,814.00
NWG-WGWEDP30502,Endpoint  Mobile Protection,WatchGuard Endpoint Security Prime - 2 Year - 501 to 1000 licenses,https://www.leadersystems.com.au/Images/NWG-WGWEDP30502.jpg,Watchguard,WGWEDP30502,61.00,77.00
NWG-WGWEDP30704,Endpoint  Mobile Protection,WatchGuard Endpoint Security Prime - 4 Year - 5001+ licenses,https://www.leadersystems.com.au/Images/NWG-WGWEDP30704.jpg,Watchguard,WGWEDP30704,61.00,77.00
NWG-WGT11621804,Subscriptions  Licensing,WatchGuard Cloud 1-month data retention for T115-W - 4-yr,https://www.leadersystems.com.au/Images/NWG-WGT11621804.jpg,Watchguard,WGT11621804,137.00,171.00
NWG-WGAP23000621,Subscriptions  Licensing,WatchGuard Standard Wi-Fi Management Renewal/Upgrade 1-yr for AP230W,https://www.leadersystems.com.au/Images/NWG-WGAP23000621.jpg,Watchguard,WGAP23000621,93.00,117.00
NWG-WGAP23000622,Subscriptions  Licensing,WatchGuard Standard Wi-Fi Management Renewal/Upgrade 2-yr for AP230W,https://www.leadersystems.com.au/Images/NWG-WGAP23000622.jpg,Watchguard,WGAP23000622,93.00,117.00
NWG-WGCSM034,Firewalls  Network Security,WatchGuard Firebox Cloud Small with 4-yr Basic Security Suite,https://www.leadersystems.com.au/Images/NWG-WGCSM034.jpg,Watchguard,WGCSM034,4405.00,5965.00
NWG-WGESD321804,Endpoint  Mobile Protection,WatchGuard Endpoint Security 1yr Data Retention - 4 Year,https://www.leadersystems.com.au/Images/NWG-WGESD321804.jpg,Watchguard,WGESD321804,111.00,138.00
NWG-WGVXL004,Firewalls  Network Security,WatchGuard FireboxV X-Large with 4-yr Standard Support,https://www.leadersystems.com.au/Images/NWG-WGVXL004.jpg,Watchguard,WGVXL004,18740.00,25843.00
NWG-WGVXL522,Firewalls  Network Security,WatchGuard Cloud 1-month data retention for FireboxV X-Large - 2-yr,https://www.leadersystems.com.au/Images/NWG-WGVXL522.jpg,Watchguard,WGVXL522,18740.00,25843.00
NWG-WGVXL524,Firewalls  Network Security,WatchGuard Cloud 1-month data retention for FireboxV X-Large - 4-yr,https://www.leadersystems.com.au/Images/NWG-WGVXL524.jpg,Watchguard,WGVXL524,18740.00,25843.00
NWG-WGVXL525,Firewalls  Network Security,WatchGuard Cloud 1-month data retention for FireboxV X-Large - 5-yr,https://www.leadersystems.com.au/Images/NWG-WGVXL525.jpg,Watchguard,WGVXL525,18740.00,25843.00
NWG-WGFCI30602,Firewalls  Network Security,WatchGuard FireCloud Internet Access - 2 Year - 1001 to 5000 licenses,https://www.leadersystems.com.au/Images/NWG-WGFCI30602.jpg,Watchguard,WGFCI30602,106.00,132.00
NWG-WGVSM172,Cloud  Server Security,WatchGuard APT Blocker 2-yr for FireboxV Small,https://www.leadersystems.com.au/Images/NWG-WGVSM172.jpg,Watchguard,WGVSM172,1090.00,1383.00
NWG-WGCSM172,Firewalls  Network Security,WatchGuard APT Blocker 2-yr for Firebox Cloud Small,https://www.leadersystems.com.au/Images/NWG-WGCSM172.jpg,Watchguard,WGCSM172,4405.00,5965.00
NWG-WGCSM175,Firewalls  Network Security,WatchGuard APT Blocker 5-yr for Firebox Cloud Small,https://www.leadersystems.com.au/Images/NWG-WGCSM175.jpg,Watchguard,WGCSM175,4405.00,5965.00
NWG-WGCSM644,Firewalls  Network Security,WatchGuard Firebox Cloud Small with 4-yr Total Security Suite,https://www.leadersystems.com.au/Images/NWG-WGCSM644.jpg,Watchguard,WGCSM644,4405.00,5965.00
NWG-WGT12521805,Subscriptions  Licensing,WatchGuard Cloud 1-month data retention for T125 - 5-yr,https://www.leadersystems.com.au/Images/NWG-WGT12521805.jpg,Watchguard,WGT12521805,137.00,171.00
NWG-WGT12621802,Subscriptions  Licensing,WatchGuard Cloud 1-month data retention for T125-W - 2-yr,https://www.leadersystems.com.au/Images/NWG-WGT12621802.jpg,Watchguard,WGT12621802,137.00,171.00
NWG-WGNCME22202,Managed Detection  Response (MDR),WatchGuard NDR for Firebox Cloud Medium - 2 Year,https://www.leadersystems.com.au/Images/NWG-WGNCME22202.jpg,Watchguard,WGNCME22202,123.00,153.00
NWG-WGFCT30104,Firewalls  Network Security,WatchGuard FireCloud Total Access  - 4 Year - 1 to 50 licenses,https://www.leadersystems.com.au/Images/NWG-WGFCT30104.jpg,Watchguard,WGFCT30104,163.00,203.00
NWG-WGFCT30105,Firewalls  Network Security,WatchGuard FireCloud Total Access  - 5 Year - 1 to 50 licenses,https://www.leadersystems.com.au/Images/NWG-WGFCT30105.jpg,Watchguard,WGFCT30105,163.00,203.00
NWG-WGFCT30704,Firewalls  Network Security,WatchGuard FireCloud Total Access  - 4 Year - 5001+ licenses,https://www.leadersystems.com.au/Images/NWG-WGFCT30704.jpg,Watchguard,WGFCT30704,163.00,203.00
NWG-WGFCT30705,Firewalls  Network Security,WatchGuard FireCloud Total Access  - 5 Year - 5001+ licenses,https://www.leadersystems.com.au/Images/NWG-WGFCT30705.jpg,Watchguard,WGFCT30705,163.00,203.00
NWG-WGN59522202,Managed Detection  Response (MDR),WatchGuard NDR for Firebox M595 - 2 Year,https://www.leadersystems.com.au/Images/NWG-WGN59522202.jpg,Watchguard,WGN59522202,123.00,153.00
NWG-WGN59522204,Managed Detection  Response (MDR),WatchGuard NDR for Firebox M595 - 4 Year,https://www.leadersystems.com.au/Images/NWG-WGN59522204.jpg,Watchguard,WGN59522204,123.00,153.00
NWG-WGN18522204,Managed Detection  Response (MDR),WatchGuard NDR for Firebox T185 - 4 Year,https://www.leadersystems.com.au/Images/NWG-WGN18522204.jpg,Watchguard,WGN18522204,123.00,153.00
NWG-WGT1450064,Firewalls  Network Security,WatchGuard Standard Support for Firebox T145 - 4-Year,https://www.leadersystems.com.au/Images/NWG-WGT1450064.jpg,Watchguard,WGT1450064,435.00,589.00
NWG-WGT1460062,Firewalls  Network Security,WatchGuard Standard Support for Firebox T145-W - 2-Year,https://www.leadersystems.com.au/Images/NWG-WGT1460062.jpg,Watchguard,WGT1460062,435.00,589.00
NWG-WGT1850064,Firewalls  Network Security,WatchGuard Standard Support for Firebox T185 - 4-Year,https://www.leadersystems.com.au/Images/NWG-WGT1850064.jpg,Watchguard,WGT1850064,435.00,589.00
NWG-WGAP33222102,Firewalls  Network Security,Standard Wi-Fi Management for WatchGuard AP332CR - 2-year,https://www.leadersystems.com.au/Images/NWG-WGAP33222102.jpg,Watchguard,WGAP33222102,86.00,117.00
NWG-WGAP33222104,Firewalls  Network Security,Standard Wi-Fi Management for WatchGuard AP332CR - 4-year,https://www.leadersystems.com.au/Images/NWG-WGAP33222104.jpg,Watchguard,WGAP33222104,86.00,117.00
NWG-WGAP33022005,Firewalls  Network Security,USP Wi-Fi Management for WatchGuard AP330 - 5-year,https://www.leadersystems.com.au/Images/NWG-WGAP33022005.jpg,Watchguard,WGAP33022005,143.00,194.00
NWG-WGAP33222001,Firewalls  Network Security,USP Wi-Fi Management for WatchGuard AP332CR - 1-year,https://www.leadersystems.com.au/Images/NWG-WGAP33222001.jpg,Watchguard,WGAP33222001,143.00,194.00
NWG-WGAP33222004,Firewalls  Network Security,USP Wi-Fi Management for WatchGuard AP332CR - 4-year,https://www.leadersystems.com.au/Images/NWG-WGAP33222004.jpg,Watchguard,WGAP33222004,143.00,194.00
NWG-WGAP43000625,Subscriptions  Licensing,WatchGuard Standard Wi-Fi Management Renewal/Upgrade 5-yr for AP430CR,https://www.leadersystems.com.au/Images/NWG-WGAP43000625.jpg,Watchguard,WGAP43000625,93.00,117.00
NWG-WGTSNDR30302,Cloud  Server Security,WatchGuard ThreatSync+ NDR - 2 Year - 101 to 250 licenses,https://www.leadersystems.com.au/Images/NWG-WGTSNDR30302.jpg,Watchguard,WGTSNDR30302,85.00,106.00
NWG-WGTSNDR30502,Cloud  Server Security,WatchGuard ThreatSync+ NDR - 2 Year - 501 to 1000 licenses,https://www.leadersystems.com.au/Images/NWG-WGTSNDR30502.jpg,Watchguard,WGTSNDR30502,85.00,106.00
NWG-WGTSNDR30504,Cloud  Server Security,WatchGuard ThreatSync+ NDR - 4 Year - 501 to 1000 licenses,https://www.leadersystems.com.au/Images/NWG-WGTSNDR30504.jpg,Watchguard,WGTSNDR30504,85.00,106.00
NWG-WGTSNDR30204,Cloud  Server Security,WatchGuard ThreatSync+ NDR - 4 Year - 51 to 100 licenses,https://www.leadersystems.com.au/Images/NWG-WGTSNDR30204.jpg,Watchguard,WGTSNDR30204,85.00,106.00
NWG-WGAP43022002,Firewalls  Network Security,USP Wi-Fi Management for WatchGuard AP430CR - 2-year,https://www.leadersystems.com.au/Images/NWG-WGAP43022002.jpg,Watchguard,WGAP43022002,143.00,194.00
NWG-WGWESS30404,Endpoint  Mobile Protection,WatchGuard Endpoint Security for Servers  - 4 Year - 251 to 500 licenses,https://www.leadersystems.com.au/Images/NWG-WGWESS30404.jpg,Watchguard,WGWESS30404,137.00,171.00
NWG-WGWESS30305,Endpoint  Mobile Protection,WatchGuard Endpoint Security for Servers  - 5 Year - 101 to 250 licenses,https://www.leadersystems.com.au/Images/NWG-WGWESS30305.jpg,Watchguard,WGWESS30305,137.00,171.00
NWG-WGWESS30302,Endpoint  Mobile Protection,WatchGuard Endpoint Security for Servers  - 2 Year - 101 to 250 licenses,https://www.leadersystems.com.au/Images/NWG-WGWESS30302.jpg,Watchguard,WGWESS30302,137.00,171.00
NWG-WGWESS30104,Endpoint  Mobile Protection,WatchGuard Endpoint Security for Servers  - 4 Year - 1 to 50 licenses,https://www.leadersystems.com.au/Images/NWG-WGWESS30104.jpg,Watchguard,WGWESS30104,137.00,171.00
NWG-WGDNS30102,Cloud  Server Security,WatchGuard DNSWatchGO - 2 Year - 1 to 50 Users,https://www.leadersystems.com.au/Images/NWG-WGDNS30102.jpg,Watchguard,WGDNS30102,47.00,59.00
NWG-WGDNS30304,Cloud  Server Security,WatchGuard DNSWatchGO - 4 Year - 101 to 250 Users,https://www.leadersystems.com.au/Images/NWG-WGDNS30304.jpg,Watchguard,WGDNS30304,47.00,59.00
NWG-WGENCR30702,Endpoint  Mobile Protection,Full Encryption - 2 Year - 5001+ licenses,https://www.leadersystems.com.au/Images/NWG-WGENCR30702.jpg,Watchguard,WGENCR30702,22.00,28.00
NWG-WGENCR30705,Endpoint  Mobile Protection,Full Encryption - 5 Year - 5001+ licenses,https://www.leadersystems.com.au/Images/NWG-WGENCR30705.jpg,Watchguard,WGENCR30705,22.00,28.00
NWG-WGESA30202,Endpoint  Mobile Protection,WatchGuard Endpoint Security Basic - 2 Year - 51 to 100 licenses,https://www.leadersystems.com.au/Images/NWG-WGESA30202.jpg,Watchguard,WGESA30202,49.00,62.00
NWG-WGT126172,Cloud  Server Security,WatchGuard APT Blocker 2-yr for Firebox T125-W,https://www.leadersystems.com.au/Images/NWG-WGT126172.jpg,Watchguard,WGT126172,230.00,287.00
NWG-WGT185172,Cloud  Server Security,WatchGuard APT Blocker 2-yr for Firebox T185,https://www.leadersystems.com.au/Images/NWG-WGT185172.jpg,Watchguard,WGT185172,342.00,427.00
NWG-WGESB30204,Endpoint  Mobile Protection,WatchGuard Endpoint Security 360 - 4 Year - 51 to 100 licenses,https://www.leadersystems.com.au/Images/NWG-WGESB30204.jpg,Watchguard,WGESB30204,86.00,107.00
NWG-WGESB30405,Endpoint  Mobile Protection,WatchGuard Endpoint Security 360 - 5 Year - 251 to 500 licenses,https://www.leadersystems.com.au/Images/NWG-WGESB30405.jpg,Watchguard,WGESB30405,86.00,107.00
NWG-WGESB30504,Endpoint  Mobile Protection,WatchGuard Endpoint Security 360 - 4 Year - 501 to 1000 licenses,https://www.leadersystems.com.au/Images/NWG-WGESB30504.jpg,Watchguard,WGESB30504,86.00,107.00
NWG-WGT145174,Cloud  Server Security,WatchGuard APT Blocker 4-yr for Firebox T145,https://www.leadersystems.com.au/Images/NWG-WGT145174.jpg,Watchguard,WGT145174,342.00,427.00
NWG-WGINSG30104,Endpoint  Mobile Protection,Advanced Reporting Tool - 4 Year - 1 to 50 licenses,https://www.leadersystems.com.au/Images/NWG-WGINSG30104.jpg,Watchguard,WGINSG30104,22.00,28.00
NWG-WGINSG30702,Endpoint  Mobile Protection,Advanced Reporting Tool - 2 Year - 5001+ licenses,https://www.leadersystems.com.au/Images/NWG-WGINSG30702.jpg,Watchguard,WGINSG30702,22.00,28.00
NWG-WGTSSAAS30403,Cloud  Server Security,WatchGuard ThreatSync+ SAAS - 3 Year - 251+ licenses,https://www.leadersystems.com.au/Images/NWG-WGTSSAAS30403.jpg,Watchguard,WGTSSAAS30403,66.00,83.00
NWG-WGTSSAAS30101,Cloud  Server Security,WatchGuard ThreatSync+ SAAS - 1 Year - 1 to 50 licenses,https://www.leadersystems.com.au/Images/NWG-WGTSSAAS30101.jpg,Watchguard,WGTSSAAS30101,37.00,47.00
NWG-WGT185174,Cloud  Server Security,WatchGuard APT Blocker 4-yr for Firebox T185,https://www.leadersystems.com.au/Images/NWG-WGT185174.jpg,Watchguard,WGT185174,342.00,427.00
NWG-WGT1160072,Firewalls  Network Security,WatchGuard Basic Security Suite for Firebox T115-W - 2-Year,https://www.leadersystems.com.au/Images/NWG-WGT1160072.jpg,Watchguard,WGT1160072,601.00,814.00
NWG-WGESC30402,Endpoint  Mobile Protection,WatchGuard Endpoint Security Elite - 2 Year - 251 to 500 licenses,https://www.leadersystems.com.au/Images/NWG-WGESC30402.jpg,Watchguard,WGESC30402,111.00,138.00
NWG-WGT1450072,Firewalls  Network Security,WatchGuard Basic Security Suite for Firebox T145 - 2-Year,https://www.leadersystems.com.au/Images/NWG-WGT1450072.jpg,Watchguard,WGT1450072,601.00,814.00
NWG-WGWEDP30404,Endpoint  Mobile Protection,WatchGuard Endpoint Security Prime - 4 Year - 251 to 500 licenses,https://www.leadersystems.com.au/Images/NWG-WGWEDP30404.jpg,Watchguard,WGWEDP30404,61.00,77.00
NWG-WGT1460074,Firewalls  Network Security,WatchGuard Basic Security Suite for Firebox T145-W - 4-Year,https://www.leadersystems.com.au/Images/NWG-WGT1460074.jpg,Watchguard,WGT1460074,601.00,814.00
NWG-WGT1850074,Firewalls  Network Security,WatchGuard Basic Security Suite for Firebox T185 - 4-Year,https://www.leadersystems.com.au/Images/NWG-WGT1850074.jpg,Watchguard,WGT1850074,601.00,814.00
NWG-WGT490072,Firewalls  Network Security,WatchGuard Basic Security Suite for Firebox T45-CW - 2-Year,https://www.leadersystems.com.au/Images/NWG-WGT490072.jpg,Watchguard,WGT490072,601.00,814.00
NWG-WGINSG30704,Endpoint  Mobile Protection,Advanced Reporting Tool - 4 Year - 5001+ licenses,https://www.leadersystems.com.au/Images/NWG-WGINSG30704.jpg,Watchguard,WGINSG30704,22.00,28.00
NWG-WGTSSAAS30504,Cloud  Server Security,WatchGuard ThreatSync+ SAAS - 4 Year - 501 to 1000 licenses,https://www.leadersystems.com.au/Images/NWG-WGTSSAAS30504.jpg,Watchguard,WGTSSAAS30504,32.00,40.00
NWG-WGTSSAAS30204,Cloud  Server Security,WatchGuard ThreatSync+ SAAS - 4 Year - 51 to 100 licenses,https://www.leadersystems.com.au/Images/NWG-WGTSSAAS30204.jpg,Watchguard,WGTSSAAS30204,32.00,40.00
NWG-WGMDRT30304,Managed Detection  Response (MDR),WatchGuard Total MDR - 4 Year - 101 to 250 licenses,https://www.leadersystems.com.au/Images/NWG-WGMDRT30304.jpg,Watchguard,WGMDRT30304,126.00,149.69
NWG-WGMDRT30404,Managed Detection  Response (MDR),WatchGuard Total MDR - 4 Year - 251 to 500 licenses,https://www.leadersystems.com.au/Images/NWG-WGMDRT30404.jpg,Watchguard,WGMDRT30404,126.00,149.69
NWG-WGTSST30104,Managed Detection  Response (MDR),WatchGuard Total NDR - 4 Year - 1 to 50 licenses,https://www.leadersystems.com.au/Images/NWG-WGTSST30104.jpg,Watchguard,WGTSST30104,123.00,153.00
NWG-WGTSST30404,Managed Detection  Response (MDR),WatchGuard Total NDR - 4 Year - 251 to 500 licenses,https://www.leadersystems.com.au/Images/NWG-WGTSST30404.jpg,Watchguard,WGTSST30404,123.00,153.00
NWG-WGVSM642,Firewalls  Network Security,WatchGuard FireboxV Small with 2-yr Total Security Suite,https://www.leadersystems.com.au/Images/NWG-WGVSM642.jpg,Watchguard,WGVSM642,2918.00,3951.00
NWG-WGVSM645,Firewalls  Network Security,WatchGuard FireboxV Small with 5-yr Total Security Suite,https://www.leadersystems.com.au/Images/NWG-WGVSM645.jpg,Watchguard,WGVSM645,2918.00,3951.00
NWG-WGVXL002,Firewalls  Network Security,WatchGuard FireboxV X-Large with 2-yr Standard Support,https://www.leadersystems.com.au/Images/NWG-WGVXL002.jpg,Watchguard,WGVXL002,18740.00,25843.00
NWG-WGVXL005,Firewalls  Network Security,WatchGuard FireboxV X-Large with 5-yr Standard Support,https://www.leadersystems.com.au/Images/NWG-WGVXL005.jpg,Watchguard,WGVXL005,18740.00,25843.00
NWG-WGVXL034,Firewalls  Network Security,WatchGuard FireboxV X-Large with 4-yr Basic Security Suite,https://www.leadersystems.com.au/Images/NWG-WGVXL034.jpg,Watchguard,WGVXL034,18740.00,25843.00
NWG-WGVXL645,Firewalls  Network Security,WatchGuard FireboxV X-Large with 5-yr Total Security Suite,https://www.leadersystems.com.au/Images/NWG-WGVXL645.jpg,Watchguard,WGVXL645,18740.00,25843.00
NWG-WGVSM175,Cloud  Server Security,WatchGuard APT Blocker 5-yr for FireboxV Small,https://www.leadersystems.com.au/Images/NWG-WGVSM175.jpg,Watchguard,WGVSM175,1090.00,1383.00
NWG-WGFCI30704,Firewalls  Network Security,WatchGuard FireCloud Internet Access - 4 Year - 5001+ licenses,https://www.leadersystems.com.au/Images/NWG-WGFCI30704.jpg,Watchguard,WGFCI30704,106.00,132.00
NWG-WGT490084,Firewalls  Network Security,WatchGuard Total Security Suite for Firebox T45-CW - 4-Year,https://www.leadersystems.com.au/Images/NWG-WGT490084.jpg,Watchguard,WGT490084,1809.00,2450.00
NWG-WGAP23022021,Subscriptions  Licensing,WatchGuard USP Wi-Fi Management Renewal/Upgrade 1-yr for AP230W,https://www.leadersystems.com.au/Images/NWG-WGAP23022021.jpg,Watchguard,WGAP23022021,155.00,194.00
NWG-WGAP43222023,Subscriptions  Licensing,WatchGuard USP Wi-Fi Management Renewal/Upgrade 3-yr for AP432,https://www.leadersystems.com.au/Images/NWG-WGAP43222023.jpg,Watchguard,WGAP43222023,155.00,194.00
NWG-WGAP33222024,Subscriptions  Licensing,WatchGuard USP Wi-Fi Management Renewal/Upgrade 4-yr for AP332CR,https://www.leadersystems.com.au/Images/NWG-WGAP33222024.jpg,Watchguard,WGAP33222024,155.00,194.00
NWG-WGT12621805,Subscriptions  Licensing,WatchGuard Cloud 1-month data retention for T125-W - 5-yr,https://www.leadersystems.com.au/Images/NWG-WGT12621805.jpg,Watchguard,WGT12621805,137.00,171.00
NWG-WGT14521804,Subscriptions  Licensing,WatchGuard Cloud 1-month data retention for T145 - 4-yr,https://www.leadersystems.com.au/Images/NWG-WGT14521804.jpg,Watchguard,WGT14521804,137.00,171.00
NWG-WGN39522204,Managed Detection  Response (MDR),WatchGuard NDR for Firebox M395 - 4 Year,https://www.leadersystems.com.au/Images/NWG-WGN39522204.jpg,Watchguard,WGN39522204,123.00,153.00
NWG-WGFCT30204,Firewalls  Network Security,WatchGuard FireCloud Total Access  - 4 Year - 51 to 100 licenses,https://www.leadersystems.com.au/Images/NWG-WGFCT30204.jpg,Watchguard,WGFCT30204,163.00,203.00
NWG-WGFCT30302,Firewalls  Network Security,WatchGuard FireCloud Total Access  - 2 Year - 101 to 250 licenses,https://www.leadersystems.com.au/Images/NWG-WGFCT30302.jpg,Watchguard,WGFCT30302,163.00,203.00
NWG-WGN59022202,Managed Detection  Response (MDR),WatchGuard NDR for Firebox M590 - 2 Year,https://www.leadersystems.com.au/Images/NWG-WGN59022202.jpg,Watchguard,WGN59022202,123.00,153.00
NWG-WGN69022202,Managed Detection  Response (MDR),WatchGuard NDR for Firebox M690  - 2 Year,https://www.leadersystems.com.au/Images/NWG-WGN69022202.jpg,Watchguard,WGN69022202,123.00,153.00
NWG-WGN69522202,Managed Detection  Response (MDR),WatchGuard NDR for Firebox M695 - 2 Year,https://www.leadersystems.com.au/Images/NWG-WGN69522202.jpg,Watchguard,WGN69522202,123.00,153.00
NWG-WGNVSM22204,Managed Detection  Response (MDR),WatchGuard NDR for FireboxV Small - 4 Year,https://www.leadersystems.com.au/Images/NWG-WGNVSM22204.jpg,Watchguard,WGNVSM22204,123.00,153.00
NWG-WGAP43000622,Subscriptions  Licensing,WatchGuard Standard Wi-Fi Management Renewal/Upgrade 2-yr for AP430CR,https://www.leadersystems.com.au/Images/NWG-WGAP43000622.jpg,Watchguard,WGAP43000622,93.00,117.00
NWG-WGAP33000623,Subscriptions  Licensing,WatchGuard Standard Wi-Fi Management Renewal/Upgrade 3-yr for AP330,https://www.leadersystems.com.au/Images/NWG-WGAP33000623.jpg,Watchguard,WGAP33000623,93.00,117.00
NWG-WGTSNDR30202,Cloud  Server Security,WatchGuard ThreatSync+ NDR - 2 Year - 51 to 100 licenses,https://www.leadersystems.com.au/Images/NWG-WGTSNDR30202.jpg,Watchguard,WGTSNDR30202,85.00,106.00
NWG-WGTSNDR30104,Cloud  Server Security,WatchGuard ThreatSync+ NDR - 4 Year - 1 to 50 licenses,https://www.leadersystems.com.au/Images/NWG-WGTSNDR30104.jpg,Watchguard,WGTSNDR30104,85.00,106.00
NWG-WGINSG30202,Endpoint  Mobile Protection,Advanced Reporting Tool - 2 Year - 51 to 100 licenses,https://www.leadersystems.com.au/Images/NWG-WGINSG30202.jpg,Watchguard,WGINSG30202,22.00,28.00
NWG-WGINSG30205,Endpoint  Mobile Protection,Advanced Reporting Tool - 5 Year - 51 to 100 licenses,https://www.leadersystems.com.au/Images/NWG-WGINSG30205.jpg,Watchguard,WGINSG30205,22.00,28.00
NWG-WGTSSAAS30102,Cloud  Server Security,WatchGuard ThreatSync+ SAAS - 2 Year - 1 to 50 licenses,https://www.leadersystems.com.au/Images/NWG-WGTSSAAS30102.jpg,Watchguard,WGTSSAAS30102,32.00,40.00
NWG-WGMDRT30402,Managed Detection  Response (MDR),WatchGuard Total MDR - 2 Year - 251 to 500 licenses,https://www.leadersystems.com.au/Images/NWG-WGMDRT30402.jpg,Watchguard,WGMDRT30402,126.00,149.69
NWG-WGMDRT30502,Managed Detection  Response (MDR),WatchGuard Total MDR - 2 Year - 501 to 1000 licenses,https://www.leadersystems.com.au/Images/NWG-WGMDRT30502.jpg,Watchguard,WGMDRT30502,126.00,149.69
NWG-WGMDRT30504,Managed Detection  Response (MDR),WatchGuard Total MDR - 4 Year - 501 to 1000 licenses,https://www.leadersystems.com.au/Images/NWG-WGMDRT30504.jpg,Watchguard,WGMDRT30504,126.00,149.69
NWG-WGTSST30601,Managed Detection  Response (MDR),WatchGuard Total NDR - 1 Year - 1001 to 5000 licenses,https://www.leadersystems.com.au/Images/NWG-WGTSST30601.jpg,Watchguard,WGTSST30601,123.00,153.00
NWG-WGTSST30205,Managed Detection  Response (MDR),WatchGuard Total NDR - 5 Year - 51 to 100 licenses,https://www.leadersystems.com.au/Images/NWG-WGTSST30205.jpg,Watchguard,WGTSST30205,123.00,153.00
NWG-WGT1160082,Firewalls  Network Security,WatchGuard Total Security Suite for Firebox T115-W - 2-Year,https://www.leadersystems.com.au/Images/NWG-WGT1160082.jpg,Watchguard,WGT1160082,1224.00,1658.00
NWG-WGT1250082,Firewalls  Network Security,WatchGuard Total Security Suite for Firebox T125 - 2-Year,https://www.leadersystems.com.au/Images/NWG-WGT1250082.jpg,Watchguard,WGT1250082,1224.00,1658.00
NWG-WGAP43022023,Subscriptions  Licensing,WatchGuard USP Wi-Fi Management Renewal/Upgrade 3-yr for AP430CR,https://www.leadersystems.com.au/Images/NWG-WGAP43022023.jpg,Watchguard,WGAP43022023,155.00,194.00
NWG-WGAP43022024,Subscriptions  Licensing,WatchGuard USP Wi-Fi Management Renewal/Upgrade 4-yr for AP430CR,https://www.leadersystems.com.au/Images/NWG-WGAP43022024.jpg,Watchguard,WGAP43022024,155.00,194.00
NWG-WGAP23022025,Subscriptions  Licensing,WatchGuard USP Wi-Fi Management Renewal/Upgrade 5-yr for AP230W,https://www.leadersystems.com.au/Images/NWG-WGAP23022025.jpg,Watchguard,WGAP23022025,155.00,194.00
NWG-WGTSFS30203,Firewalls  Network Security,WatchGuard Orion - 3 Year - 51 to 100 licenses,https://www.leadersystems.com.au/Images/NWG-WGTSFS30203.jpg,Watchguard,WGTSFS30203,164.00,208.00
NWG-WGSIEM30201,Firewalls  Network Security,WatchGuard SIEMFeeder - 1 Year - 51 to 100 licenses,https://www.leadersystems.com.au/Images/NWG-WGSIEM30201.jpg,Watchguard,WGSIEM30201,11.00,14.00
NWG-WGSIEM30503,Firewalls  Network Security,WatchGuard SIEMFeeder - 3 Year - 501 to 1000 licenses,https://www.leadersystems.com.au/Images/NWG-WGSIEM30503.jpg,Watchguard,WGSIEM30503,17.00,22.00
NWG-WGVMC201,Subscriptions  Licensing,WatchGuard Standard Support Renewal 1-yr for FireboxV Micro,https://www.leadersystems.com.au/Images/NWG-WGVMC201.jpg,Watchguard,WGVMC201,153.00,191.00
NWG-WGVMC351,Subscriptions  Licensing,WatchGuard Total Security Suite Renewal/Upgrade 1-yr for FireboxV Micro,https://www.leadersystems.com.au/Images/NWG-WGVMC351.jpg,Watchguard,WGVMC351,996.00,1241.00
NWG-WGSIEM30301,Firewalls  Network Security,WatchGuard SIEMFeeder - 1 Year - 101 to 250 licenses,https://www.leadersystems.com.au/Images/NWG-WGSIEM30301.jpg,Watchguard,WGSIEM30301,9.00,12.00
NWG-WGSIEM30603,Firewalls  Network Security,WatchGuard SIEMFeeder - 3 Year - 1001 to 5000 licenses,https://www.leadersystems.com.au/Images/NWG-WGSIEM30603.jpg,Watchguard,WGSIEM30603,15.00,19.00
NWG-WGVMC261,Subscriptions  Licensing,WatchGuard Gold Support Renewal/Upgrade 1-yr for FireboxV Micro,https://www.leadersystems.com.au/Images/NWG-WGVMC261.jpg,Watchguard,WGVMC261,231.00,288.00
NWG-WGVMC641,Firewalls  Network Security,WatchGuard FireboxV Micro with 1-yr Total Security Suite,https://www.leadersystems.com.au/Images/NWG-WGVMC641.jpg,Watchguard,WGVMC641,1460.00,1977.00
NWG-WGTSNDR30301,Cloud  Server Security,WatchGuard ThreatSync+ NDR   - 1 Year - 101 to 250 licenses,https://www.leadersystems.com.au/Images/NWG-WGTSNDR30301.jpg,Watchguard,WGTSNDR30301,72.00,90.00
NWG-WGTSNDR30401,Cloud  Server Security,WatchGuard ThreatSync+ NDR   - 1 Year - 251 to 500 licenses,https://www.leadersystems.com.au/Images/NWG-WGTSNDR30401.jpg,Watchguard,WGTSNDR30401,62.00,78.00
NWG-WGFCI30203,Firewalls  Network Security,WatchGuard FireCloud Internet Access - 3 Year - 51 to 100 licenses,https://www.leadersystems.com.au/Images/NWG-WGFCI30203.jpg,Watchguard,WGFCI30203,280.00,349.00
NWG-WGMDRM30703,Managed Detection  Response (MDR),WatchGuard Core MDR for Microsoft - 3 Year - 5001+ licenses,https://www.leadersystems.com.au/Images/NWG-WGMDRM30703.jpg,Watchguard,WGMDRM30703,103.00,122.36
NWG-WGMDRM30503,Managed Detection  Response (MDR),WatchGuard Core MDR for Microsoft - 3 Year - 501 to 1000 licenses,https://www.leadersystems.com.au/Images/NWG-WGMDRM30503.jpg,Watchguard,WGMDRM30503,127.00,150.88
NWG-WGNV5000,WatchGuard Blank Appliance,WatchGuard Firebox NV5 Appliance Only – License Not Included (Requires Separate WG License Purchase),https://www.leadersystems.com.au/Images/NWG-WGNV5000.jpg,Watchguard,WGNV5000,118.00,147.00
NWG-WGT47000-AU,WatchGuard Blank Appliance,WatchGuard Firebox T45-PoE  Appliance Only (AU) – License Not Included (Requires Separate WG License Purchase),https://www.leadersystems.com.au/Images/NWG-WGT47000-AU.jpg,Watchguard,WGT47000-AU,648.91,939.00
NWG-WGT490205,Firewalls  Network Security,Trade Up to WatchGuard Basic Security Suite for Firebox T45-CW - 5-Year (License ONLY; HW SKU: WGT49000-AU),https://www.leadersystems.com.au/Images/NWG-WGT490205.jpg,Watchguard,WGT490205,2770.00,3751.00
NWG-WGT490075,Firewalls  Network Security,WatchGuard Basic Security Suite for Firebox T45-CW - 5-Year (License ONLY; HW SKU: WGT49000-AU),https://www.leadersystems.com.au/Images/NWG-WGT490075.jpg,Watchguard,WGT490075,3737.00,5060.00
NWG-WGA13022003,Firewalls  Network Security,USP Wi-Fi Management for WatchGuard AP130 - 3-year (License ONLY; HW SKU: WGA130000),https://www.leadersystems.com.au/Images/NWG-WGA13022003.jpg,Watchguard,WGA13022003,286.00,388.00
NWG-WGT490063,Firewalls  Network Security,WatchGuard Standard Support for Firebox T45-CW - 3-Year (License ONLY; HW SKU: WGT49000-AU),https://www.leadersystems.com.au/Images/NWG-WGT490063.jpg,Watchguard,WGT490063,997.00,1350.00
NWG-WGT480201,Firewalls  Network Security,Trade Up to WatchGuard Basic Security Suite for Firebox T45-W-PoE - 1-Year (License ONLY; HW SKU: WGT48000-AU),https://www.leadersystems.com.au/Images/NWG-WGT480201.jpg,Watchguard,WGT480201,557.00,769.00
NWG-WGT480073,Firewalls  Network Security,WatchGuard Basic Security Suite for Firebox T45-W-PoE - 3-Year (License ONLY; HW SKU: WGT48000-AU),https://www.leadersystems.com.au/Images/NWG-WGT480073.jpg,Watchguard,WGT480073,2027.00,2796.00
NWG-WGT470203,Firewalls  Network Security,Trade Up to WatchGuard Basic Security Suite for Firebox T45-PoE - 3-Year (License ONLY; HW SKU: WGT47000-AU),https://www.leadersystems.com.au/Images/NWG-WGT470203.jpg,Watchguard,WGT470203,1273.00,1725.00
NWG-WGT470073,Firewalls  Network Security,WatchGuard Basic Security Suite for Firebox T45-PoE - 3-Year (License ONLY; HW SKU: WGT47000-AU),https://www.leadersystems.com.au/Images/NWG-WGT470073.jpg,Watchguard,WGT470073,1565.00,2120.00
NWG-WGT260205,Firewalls  Network Security,Trade Up to WatchGuard Basic Security Suite for Firebox T25-W - 5-Year (License ONLY; HW SKU: WGT26000),https://www.leadersystems.com.au/Images/NWG-WGT260205.jpg,Watchguard,WGT260205,1688.00,2286.00
NWG-WGT260073,Firewalls  Network Security,WatchGuard Basic Security Suite for Firebox T25-W - 3-Year (License ONLY; HW SKU: WGT26000),https://www.leadersystems.com.au/Images/NWG-WGT260073.jpg,Watchguard,WGT260073,1076.00,1457.00
NWG-WGTSSAAS30303,Cloud  Server Security,WatchGuard ThreatSync+ SAAS - 3 Year - 101 to 250 licenses,https://www.leadersystems.com.au/Images/NWG-WGTSSAAS30303.jpg,Watchguard,WGTSSAAS30303,76.00,96.00
NWG-WGT250071,Firewalls  Network Security,WatchGuard Basic Security Suite for Firebox T25 - 1-Year (License ONLY; HW SKU: WGT25000),https://www.leadersystems.com.au/Images/NWG-WGT250071.jpg,Watchguard,WGT250071,407.00,562.00
NWG-WGNV50065,Firewalls  Network Security,WatchGuard Standard Support for Firebox NV5 - 5-Year (License ONLY; HW SKU: WGNV5000),https://www.leadersystems.com.au/Images/NWG-WGNV50065.jpg,Watchguard,WGNV50065,477.00,647.00
NWG-WGM6900061,Firewalls  Network Security,WatchGuard Standard Support for Firebox M690 - 1-Year (License ONLY; HW SKU: WGM690000),https://www.leadersystems.com.au/Images/NWG-WGM6900061.jpg,Watchguard,WGM6900061,3633.00,4920.00
NWG-WGM3900213,Firewalls  Network Security,Trade Up to WatchGuard Total Security Suite for Firebox M390 - 3-Year (License ONLY; HW SKU: WGM390000),https://www.leadersystems.com.au/Images/NWG-WGM3900213.jpg,Watchguard,WGM3900213,8375.00,11341.00
NWG-WGM3900063,Firewalls  Network Security,WatchGuard Standard Support for Firebox M390 - 3-Year (License ONLY; HW SKU: WGM390000),https://www.leadersystems.com.au/Images/NWG-WGM3900063.jpg,Watchguard,WGM3900063,2328.00,3153.00
NWG-WGFCI30101,Firewalls  Network Security,WatchGuard FireCloud Internet Access - 1 Year - 1 to 50 licenses,https://www.leadersystems.com.au/Images/NWG-WGFCI30101.jpg,Watchguard,WGFCI30101,106.00,132.00
NWG-WGFCI30701,Firewalls  Network Security,WatchGuard FireCloud Internet Access - 1 Year - 5001+ licenses,https://www.leadersystems.com.au/Images/NWG-WGFCI30701.jpg,Watchguard,WGFCI30701,58.00,73.00
NWG-WGFCI30703,Firewalls  Network Security,WatchGuard FireCloud Internet Access - 3 Year - 5001+ licenses,https://www.leadersystems.com.au/Images/NWG-WGFCI30703.jpg,Watchguard,WGFCI30703,175.00,219.00
NWG-WGM2900083,Firewalls  Network Security,WatchGuard Total Security Suite for Firebox M290 - 3-Year (License ONLY; HW SKU: WGM290000),https://www.leadersystems.com.au/Images/NWG-WGM2900083.jpg,Watchguard,WGM2900083,6207.00,8405.00
NWG-WGA43222105,Firewalls  Network Security,Standard Wi-Fi Management for WatchGuard AP432 - 5-year (License ONLY; HW SKU: WGA432000),https://www.leadersystems.com.au/Images/NWG-WGA43222105.jpg,Watchguard,WGA43222105,257.00,349.00
NWG-WGA43022003,Firewalls  Network Security,USP Wi-Fi Management for WatchGuard AP430CR - 3-year (License ONLY; HW SKU: WGA430000),https://www.leadersystems.com.au/Images/NWG-WGA43022003.jpg,Watchguard,WGA43022003,286.00,388.00
NWG-WGA33022005,Firewalls  Network Security,USP Wi-Fi Management for WatchGuard AP330 - 5-year (License ONLY; HW SKU: WGA330000),https://www.leadersystems.com.au/Images/NWG-WGA33022005.jpg,Watchguard,WGA33022005,429.00,581.00
NWG-WGA23022101,Firewalls  Network Security,Standard Wi-Fi Management for WatchGuard AP230W - 1-year (License ONLY; HW SKU: WGA230000),https://www.leadersystems.com.au/Images/NWG-WGA23022101.jpg,Watchguard,WGA23022101,86.00,117.00
NWG-WGM48000081,Firewalls  Network Security,WatchGuard Total Security Suite for Firebox M4800 - 1-Year (License ONLY; HW SKU: WGM48000),https://www.leadersystems.com.au/Images/NWG-WGM48000081.jpg,Watchguard,WGM48000081,23747.00,32156.00
NWG-WGM58000083,Firewalls  Network Security,WatchGuard Total Security Suite for Firebox M5800 - 3-Year (License ONLY; HW SKU: WGM58000),https://www.leadersystems.com.au/Images/NWG-WGM58000083.jpg,Watchguard,WGM58000083,151127.00,219429.00
NWG-WGM58000213,Firewalls  Network Security,Trade Up to WatchGuard Total Security Suite for Firebox M5800 - 3-Year (License ONLY; HW SKU: WGM58000),https://www.leadersystems.com.au/Images/NWG-WGM58000213.jpg,Watchguard,WGM58000213,137183.00,201489.00
NWG-WGMDRM30403,Managed Detection  Response (MDR),WatchGuard Core MDR for Microsoft - 3 Year - 251 to 500 licenses,https://www.leadersystems.com.au/Images/NWG-WGMDRM30403.jpg,Watchguard,WGMDRM30403,143.00,169.88
NWG-WGMDRM30203,Managed Detection  Response (MDR),WatchGuard Core MDR for Microsoft - 3 Year - 51 to 100 licenses,https://www.leadersystems.com.au/Images/NWG-WGMDRM30203.jpg,Watchguard,WGMDRM30203,207.00,245.92
NWG-WGA130000,WatchGuard Blank Appliance,WatchGuard AP130 Appliance Only – License Not Included (Requires Separate WG License Purchase),https://www.leadersystems.com.au/Images/NWG-WGA130000.jpg,Watchguard,WGA130000,400.00,550.00
NWG-WGM390000,WatchGuard Blank Appliance,WatchGuard Firebox M390 Appliance Only – License Not Included (Requires Separate WG License Purchase),https://www.leadersystems.com.au/Images/NWG-WGM390000.jpg,Watchguard,WGM390000,2580.00,3403.00
NWG-WGT26000,WatchGuard Blank Appliance,WatchGuard Firebox T25-W Appliance Only – License Not Included (Requires Separate WG License Purchase),https://www.leadersystems.com.au/Images/NWG-WGT26000.jpg,Watchguard,WGT26000,511.00,653.00
NWG-WGT490081,Firewalls  Network Security,WatchGuard Total Security Suite for Firebox T45-CW - 1-Year (License ONLY; HW SKU: WGT49000-AU),https://www.leadersystems.com.au/Images/NWG-WGT490081.jpg,Watchguard,WGT490081,1809.00,2450.00
NWG-WGT490073,Firewalls  Network Security,WatchGuard Basic Security Suite for Firebox T45-CW - 3-Year (License ONLY; HW SKU: WGT49000-AU),https://www.leadersystems.com.au/Images/NWG-WGT490073.jpg,Watchguard,WGT490073,2072.00,2806.00
NWG-WGTSNDR30303,Cloud  Server Security,WatchGuard ThreatSync+ NDR   - 3 Year - 101 to 250 licenses,https://www.leadersystems.com.au/Images/NWG-WGTSNDR30303.jpg,Watchguard,WGTSNDR30303,172.00,214.00
NWG-WGT480205,Firewalls  Network Security,Trade Up to WatchGuard Basic Security Suite for Firebox T45-W-PoE - 5-Year (License ONLY; HW SKU: WGT48000-AU),https://www.leadersystems.com.au/Images/NWG-WGT480205.jpg,Watchguard,WGT480205,3218.00,4438.00
NWG-WGT480081,Firewalls  Network Security,WatchGuard Total Security Suite for Firebox T45-W-PoE - 1-Year (License ONLY; HW SKU: WGT48000-AU),https://www.leadersystems.com.au/Images/NWG-WGT480081.jpg,Watchguard,WGT480081,1782.00,2458.00
NWG-WGT480063,Firewalls  Network Security,WatchGuard Standard Support for Firebox T45-W-PoE - 3-Year (License ONLY; HW SKU: WGT48000-AU),https://www.leadersystems.com.au/Images/NWG-WGT480063.jpg,Watchguard,WGT480063,1013.00,1397.00
NWG-WGT470085,Firewalls  Network Security,WatchGuard Total Security Suite for Firebox T45-PoE - 5-Year (License ONLY; HW SKU: WGT47000-AU),https://www.leadersystems.com.au/Images/NWG-WGT470085.jpg,Watchguard,WGT470085,5415.00,7333.00
NWG-WGT470065,Firewalls  Network Security,WatchGuard Standard Support for Firebox T45-PoE - 5-Year (License ONLY; HW SKU: WGT47000-AU),https://www.leadersystems.com.au/Images/NWG-WGT470065.jpg,Watchguard,WGT470065,1222.00,1655.00
NWG-WGT260211,Firewalls  Network Security,Trade Up to WatchGuard Total Security Suite for Firebox T25-W - 1-Year (License ONLY; HW SKU: WGT26000),https://www.leadersystems.com.au/Images/NWG-WGT260211.jpg,Watchguard,WGT260211,738.00,1000.00
NWG-WGT260081,Firewalls  Network Security,WatchGuard Total Security Suite for Firebox T25-W - 1-Year (License ONLY; HW SKU: WGT26000),https://www.leadersystems.com.au/Images/NWG-WGT260081.jpg,Watchguard,WGT260081,944.00,1279.00
NWG-WGT260065,Firewalls  Network Security,WatchGuard Standard Support for Firebox T25-W - 5-Year (License ONLY; HW SKU: WGT26000),https://www.leadersystems.com.au/Images/NWG-WGT260065.jpg,Watchguard,WGT260065,835.00,1131.00
NWG-WGT250213,Firewalls  Network Security,Trade Up to WatchGuard Total Security Suite for Firebox T25 - 3-Year (License ONLY; HW SKU: WGT25000),https://www.leadersystems.com.au/Images/NWG-WGT250213.jpg,Watchguard,WGT250213,1575.00,2173.00
NWG-WGT250075,Firewalls  Network Security,WatchGuard Basic Security Suite for Firebox T25 - 5-Year (License ONLY; HW SKU: WGT25000),https://www.leadersystems.com.au/Images/NWG-WGT250075.jpg,Watchguard,WGT250075,1585.00,2186.00
NWG-WGM6901603,Firewalls  Network Security,WatchGuard High Availability for M690 - 3-Year (License ONLY; HW SKU: WGM690000),https://www.leadersystems.com.au/Images/NWG-WGM6901603.jpg,Watchguard,WGM6901603,2557.00,3463.00
NWG-WGM6900211,Firewalls  Network Security,Trade Up to WatchGuard Total Security Suite for Firebox M690 - 1-Year (License ONLY; HW SKU: WGM690000),https://www.leadersystems.com.au/Images/NWG-WGM6900211.jpg,Watchguard,WGM6900211,8438.00,11427.00
NWG-WGA23022001,Firewalls  Network Security,USP Wi-Fi Management for WatchGuard AP230W - 1-year (License ONLY; HW SKU: WGA230000),https://www.leadersystems.com.au/Images/NWG-WGA23022001.jpg,Watchguard,WGA23022001,143.00,194.00
NWG-WGM5900083,Firewalls  Network Security,WatchGuard Total Security Suite for Firebox M590 - 3-Year (License ONLY; HW SKU: WGM590000),https://www.leadersystems.com.au/Images/NWG-WGM5900083.jpg,Watchguard,WGM5900083,18576.00,25153.00
NWG-WGM3901601,Firewalls  Network Security,WatchGuard High Availability for M390 - 1-Year (License ONLY; HW SKU: WGM390000),https://www.leadersystems.com.au/Images/NWG-WGM3901601.jpg,Watchguard,WGM3901601,389.00,527.00
NWG-WGM2900073,Firewalls  Network Security,WatchGuard Basic Security Suite for Firebox M290 - 3-Year (License ONLY; HW SKU: WGM290000),https://www.leadersystems.com.au/Images/NWG-WGM2900073.jpg,Watchguard,WGM2900073,3261.00,4416.00
NWG-WGA43222101,Firewalls  Network Security,Standard Wi-Fi Management for WatchGuard AP432 - 1-year (License ONLY; HW SKU: WGA432000),https://www.leadersystems.com.au/Images/NWG-WGA43222101.jpg,Watchguard,WGA43222101,86.00,117.00
NWG-WGMDRT30603,Managed Detection  Response (MDR),WatchGuard Total MDR - 3 Year - 1001 to 5000 licenses,https://www.leadersystems.com.au/Images/NWG-WGMDRT30603.jpg,Watchguard,WGMDRT30603,235.00,279.18
NWG-WGMDRT30501,Managed Detection  Response (MDR),WatchGuard Total MDR - 1 Year - 501 to 1000 licenses,https://www.leadersystems.com.au/Images/NWG-WGMDRT30501.jpg,Watchguard,WGMDRT30501,85.00,100.98
NWG-WGA33222101,Firewalls  Network Security,Standard Wi-Fi Management for WatchGuard AP332CR - 1-year (License ONLY; HW SKU: WGA332000),https://www.leadersystems.com.au/Images/NWG-WGA33222101.jpg,Watchguard,WGA33222101,86.00,117.00
NWG-WGA33022103,Firewalls  Network Security,Standard Wi-Fi Management for WatchGuard AP330 - 3-year (License ONLY; HW SKU: WGA330000)(License ONLY; HW SKU: WGA330000),https://www.leadersystems.com.au/Images/NWG-WGA33022103.jpg,Watchguard,WGA33022103,172.00,233.00
NWG-WGM48000061,Firewalls  Network Security,WatchGuard Standard Support for Firebox M4800 - 1-Year (License ONLY; HW SKU: WGM48000),https://www.leadersystems.com.au/Images/NWG-WGM48000061.jpg,Watchguard,WGM48000061,10543.00,14277.00
NWG-WGM480001601,Firewalls  Network Security,WatchGuard High Availability for M4800 - 1-Year (License ONLY; HW SKU: WGM48000),https://www.leadersystems.com.au/Images/NWG-WGM480001601.jpg,Watchguard,WGM480001601,2038.00,2760.00
NWG-WGM58000073,Firewalls  Network Security,WatchGuard Basic Security Suite for Firebox M5800 - 3-Year (License ONLY; HW SKU: WGM58000),https://www.leadersystems.com.au/Images/NWG-WGM58000073.jpg,Watchguard,WGM58000073,94503.00,137179.00
NWG-WGT1850081,Firewalls  Network Security,WatchGuard Total Security Suite for Firebox T185 - 1-Year (License ONLY; HW SKU: WGT185000),https://www.leadersystems.com.au/Images/NWG-WGT1850081.jpg,Watchguard,WGT1850081,3490.00,4726.00
NWG-WGT185173,Cloud  Server Security,WatchGuard APT Blocker 3-yr for Firebox T185,https://www.leadersystems.com.au/Images/NWG-WGT185173.jpg,Watchguard,WGT185173,1505.00,1875.00
NWG-WGT185263,Subscriptions  Licensing,WatchGuard Gold Support Renewal/Upgrade 3-yr for Firebox T185,https://www.leadersystems.com.au/Images/NWG-WGT185263.jpg,Watchguard,WGT185263,2406.00,2998.00
NWG-WGTSFS30103,Firewalls  Network Security,WatchGuard Orion - 3 Year - 1 to 50 licenses,https://www.leadersystems.com.au/Images/NWG-WGTSFS30103.jpg,Watchguard,WGTSFS30103,186.00,236.00
NWG-WGTSFS30303,Firewalls  Network Security,WatchGuard Orion - 3 Year - 101 to 250 licenses,https://www.leadersystems.com.au/Images/NWG-WGTSFS30303.jpg,Watchguard,WGTSFS30303,145.00,184.00
NWG-WGFCT30201,Firewalls  Network Security,WatchGuard FireCloud Total Access   - 1 Year - 51 to 100 licenses,https://www.leadersystems.com.au/Images/NWG-WGFCT30201.jpg,Watchguard,WGFCT30201,144.00,179.00
NWG-WGFCT30503,Firewalls  Network Security,WatchGuard FireCloud Total Access   - 3 Year - 501 to 1000 licenses,https://www.leadersystems.com.au/Images/NWG-WGFCT30503.jpg,Watchguard,WGFCT30503,328.00,409.00
NWG-WGT116173,Cloud  Server Security,WatchGuard APT Blocker 3-yr for Firebox T115-W,https://www.leadersystems.com.au/Images/NWG-WGT116173.jpg,Watchguard,WGT116173,429.00,535.00
NWG-WGT116343,Subscriptions  Licensing,WatchGuard Basic Security Suite Renewal/Upgrade 3-yr for Firebox T115-W,https://www.leadersystems.com.au/Images/NWG-WGT116343.jpg,Watchguard,WGT116343,1119.00,1395.00
NWG-WGT1260211,Firewalls  Network Security,Trade Up to WatchGuard Total Security Suite for Firebox T125-W - 1-Year (License ONLY; HW SKU: WGT126000),https://www.leadersystems.com.au/Images/NWG-WGT1260211.jpg,Watchguard,WGT1260211,1144.00,1550.00
NWG-WGT1260071,Firewalls  Network Security,WatchGuard Basic Security Suite for Firebox T125-W - 1-Year (License ONLY; HW SKU: WGT126000),https://www.leadersystems.com.au/Images/NWG-WGT1260071.jpg,Watchguard,WGT1260071,744.00,1008.00
NWG-WGT126341,Subscriptions  Licensing,WatchGuard Basic Security Suite Renewal/Upgrade 1-yr for Firebox T125-W,https://www.leadersystems.com.au/Images/NWG-WGT126341.jpg,Watchguard,WGT126341,616.00,767.00
NWG-WGT1160083,Firewalls  Network Security,WatchGuard Total Security Suite for Firebox T115-W - 3-Year (License ONLY; HW SKU: WGT116000),https://www.leadersystems.com.au/Images/NWG-WGT1160083.jpg,Watchguard,WGT1160083,1785.00,2417.00
NWG-WGT1250205,Firewalls  Network Security,Trade Up to WatchGuard Basic Security Suite for Firebox T125 - 5-Year (License ONLY; HW SKU: WGT125000),https://www.leadersystems.com.au/Images/NWG-WGT1250205.jpg,Watchguard,WGT1250205,1934.00,2619.00
NWG-WGT125171,Cloud  Server Security,WatchGuard APT Blocker 1-yr for Firebox T125,https://www.leadersystems.com.au/Images/NWG-WGT125171.jpg,Watchguard,WGT125171,193.00,241.00
NWG-WGT1450213,Firewalls  Network Security,Trade Up to WatchGuard Total Security Suite for Firebox T145 - 3-Year (License ONLY; HW SKU: WGT145000),https://www.leadersystems.com.au/Images/NWG-WGT1450213.jpg,Watchguard,WGT1450213,3061.00,4145.00
NWG-WGT145173,Cloud  Server Security,WatchGuard APT Blocker 3-yr for Firebox T145,https://www.leadersystems.com.au/Images/NWG-WGT145173.jpg,Watchguard,WGT145173,815.00,1015.00
NWG-WGT12521803,Subscriptions  Licensing,WatchGuard Cloud 1-month data retention for T125 - 3-yr,https://www.leadersystems.com.au/Images/NWG-WGT12521803.jpg,Watchguard,WGT12521803,410.00,512.00
NWG-WGT125263,Subscriptions  Licensing,WatchGuard Gold Support Renewal/Upgrade 3-yr for Firebox T125,https://www.leadersystems.com.au/Images/NWG-WGT125263.jpg,Watchguard,WGT125263,740.00,922.00
NWG-WGT1450023,Firewalls  Network Security,WatchGuard NFR for Firebox T145 - 3 Year (License ONLY; HW SKU: WGT145000),https://www.leadersystems.com.au/Images/NWG-WGT1450023.jpg,Watchguard,WGT1450023,445.00,1596.00
NWG-WGT1250061,Firewalls  Network Security,WatchGuard Standard Support for Firebox T125 - 1-Year (License ONLY; HW SKU: WGT125000),https://www.leadersystems.com.au/Images/NWG-WGT1250061.jpg,Watchguard,WGT1250061,435.00,589.00
NWG-WGT1250081,Firewalls  Network Security,WatchGuard Total Security Suite for Firebox T125 - 1-Year (License ONLY; HW SKU: WGT125000),https://www.leadersystems.com.au/Images/NWG-WGT1250081.jpg,Watchguard,WGT1250081,1001.00,1356.00
NWG-WGT125353,Subscriptions  Licensing,WatchGuard Total Security Suite Renewal/Upgrade 3-yr for Firebox T125,https://www.leadersystems.com.au/Images/NWG-WGT125353.jpg,Watchguard,WGT125353,2040.00,2541.00
NWG-WGT1460215,Firewalls  Network Security,Trade Up to WatchGuard Total Security Suite for Firebox T145-W - 5-Year (License ONLY; HW SKU: WGT146000),https://www.leadersystems.com.au/Images/NWG-WGT1460215.jpg,Watchguard,WGT1460215,6739.00,9126.00
NWG-WGT14621803,Subscriptions  Licensing,WatchGuard Cloud 1-month data retention for T145-W - 3-yr,https://www.leadersystems.com.au/Images/NWG-WGT14621803.jpg,Watchguard,WGT14621803,871.00,1085.00
NWG-WGT1460023,Firewalls  Network Security,WatchGuard NFR for Firebox T145-W - 3 Year (License ONLY; HW SKU: WGT146000),https://www.leadersystems.com.au/Images/NWG-WGT1460023.jpg,Watchguard,WGT1460023,582.00,1935.00
NWG-WGT146201,Subscriptions  Licensing,WatchGuard Standard Support Renewal 1-yr for Firebox T145-W,https://www.leadersystems.com.au/Images/NWG-WGT146201.jpg,Watchguard,WGT146201,454.00,566.00
NWG-WGVMC173,Cloud  Server Security,WatchGuard APT Blocker 3-yr for FireboxV Micro,https://www.leadersystems.com.au/Images/NWG-WGVMC173.jpg,Watchguard,WGVMC173,545.00,692.00
NWG-WGVMC203,Subscriptions  Licensing,WatchGuard Standard Support Renewal 3-yr for FireboxV Micro,https://www.leadersystems.com.au/Images/NWG-WGVMC203.jpg,Watchguard,WGVMC203,356.00,444.00
NWG-WGTSST30103,Managed Detection  Response (MDR),WatchGuard Total NDR - 3 Year - 1 to 50 licenses,https://www.leadersystems.com.au/Images/NWG-WGTSST30103.jpg,Watchguard,WGTSST30103,294.00,367.00
NWG-WGM39540201,Subscriptions  Licensing,WatchGuard Basic Security Suite Renewal/Upgrade 1-yr for Firebox M395,https://www.leadersystems.com.au/Images/NWG-WGM39540201.jpg,Watchguard,WGM39540201,3532.00,4834.00
NWG-WGM29540701,Subscriptions  Licensing,WatchGuard Gold Support Renewal/Upgrade 1-yr for Firebox M295,https://www.leadersystems.com.au/Images/NWG-WGM29540701.jpg,Watchguard,WGM29540701,1293.00,1612.00
NWG-WGM49540703,Subscriptions  Licensing,WatchGuard Gold Support Renewal/Upgrade 3-yr for Firebox M495,https://www.leadersystems.com.au/Images/NWG-WGM49540703.jpg,Watchguard,WGM49540703,9240.00,11512.00
NWG-WGM695000,WatchGuard Blank Appliance,WatchGuard Firebox M695 Appliance Only – License Not Included (Requires Separate WG License Purchase),https://www.leadersystems.com.au/Images/NWG-WGM695000.jpg,Watchguard,WGM695000,5171.00,6915.00
NWG-WGM29540101,Subscriptions  Licensing,WatchGuard Standard Support Renewal 1-yr for Firebox M295,https://www.leadersystems.com.au/Images/NWG-WGM29540101.jpg,Watchguard,WGM29540101,1430.00,1698.84
NWG-WGM49540103,Subscriptions  Licensing,WatchGuard Standard Support Renewal 3-yr for Firebox M495,https://www.leadersystems.com.au/Images/NWG-WGM49540103.jpg,Watchguard,WGM49540103,10770.00,12794.76
NWG-WGM49540303,Subscriptions  Licensing,WatchGuard Total Security Suite Renewal/Upgrade 3-yr for Firebox M495,https://www.leadersystems.com.au/Images/NWG-WGM49540303.jpg,Watchguard,WGM49540303,29039.00,36177.00
NWG-WGM3950211,Firewalls  Network Security,Trade Up to WatchGuard Total Security Suite for Firebox M395 - 1-Year (License ONLY; HW SKU: WGM395000),https://www.leadersystems.com.au/Images/NWG-WGM3950211.jpg,Watchguard,WGM3950211,5080.00,9451.00
NWG-WGM6950213,Firewalls  Network Security,Trade Up to WatchGuard Total Security Suite for Firebox M695 - 3-Year (License ONLY; HW SKU: WGM695000),https://www.leadersystems.com.au/Images/NWG-WGM6950213.jpg,Watchguard,WGM6950213,39508.00,76026.50
NWG-WGM5950071,Firewalls  Network Security,WatchGuard Basic Security Suite for Firebox M595 - 1-Year (License ONLY; HW SKU: WGM595000),https://www.leadersystems.com.au/Images/NWG-WGM5950071.jpg,Watchguard,WGM5950071,8249.00,16841.00
NWG-WGM6951603,Firewalls  Network Security,WatchGuard High Availability for M695 - 3-Year (License ONLY; HW SKU: WGM695000),https://www.leadersystems.com.au/Images/NWG-WGM6951603.jpg,Watchguard,WGM6951603,10092.00,13665.00
NWG-WGM3950061,Firewalls  Network Security,WatchGuard Standard Support for Firebox M395 - 1-Year (License ONLY; HW SKU: WGM395000),https://www.leadersystems.com.au/Images/NWG-WGM3950061.jpg,Watchguard,WGM3950061,2277.00,4881.00
NWG-WGM6950061,Firewalls  Network Security,WatchGuard Standard Support for Firebox M695 - 1-Year (License ONLY; HW SKU: WGM695000),https://www.leadersystems.com.au/Images/NWG-WGM6950061.jpg,Watchguard,WGM6950061,7460.00,16562.00
NWG-WGM6950083,Firewalls  Network Security,WatchGuard Total Security Suite for Firebox M695 - 3-Year (License ONLY; HW SKU: WGM695000),https://www.leadersystems.com.au/Images/NWG-WGM6950083.jpg,Watchguard,WGM6950083,48787.00,80022.80
NWG-WGM29520803,Cloud  Server Security,WatchGuard APT Blocker 3-yr for Firebox M295,https://www.leadersystems.com.au/Images/NWG-WGM29520803.jpg,Watchguard,WGM29520803,1778.00,2448.00
NWG-WGM29521801,Subscriptions  Licensing,WatchGuard Cloud 1-month data retention for M295 - 1-yr,https://www.leadersystems.com.au/Images/NWG-WGM29521801.jpg,Watchguard,WGM29521801,647.00,818.00
NWG-WGWESS30501,Endpoint  Mobile Protection,WatchGuard Endpoint Security for Servers  - 1 Year - 501 to 1000 licenses,https://www.leadersystems.com.au/Images/NWG-WGWESS30501.jpg,Watchguard,WGWESS30501,82.00,103.00
NWG-WGWESS30103,Endpoint  Mobile Protection,WatchGuard Endpoint Security for Servers  - 3 Year - 1 to 50 licenses,https://www.leadersystems.com.au/Images/NWG-WGWESS30103.jpg,Watchguard,WGWESS30103,330.00,411.00
NWG-WGMZTC30705,Subscriptions  Licensing,WatchGuard Managed Zero-Trust - 5-Year - 5001+ Seats,https://www.leadersystems.com.au/Images/NWG-WGMZTC30705.jpg,Watchguard,WGMZTC30705,788.00,983.00
NWG-WGMZTC30701,Subscriptions  Licensing,WatchGuard Managed Zero-Trust - 1-Year - 5001+ Seats,https://www.leadersystems.com.au/Images/NWG-WGMZTC30701.jpg,Watchguard,WGMZTC30701,179.00,224.00
NWG-WGMZTC30703,Subscriptions  Licensing,WatchGuard Managed Zero-Trust - 3-Year - 5001+ Seats,https://www.leadersystems.com.au/Images/NWG-WGMZTC30703.jpg,Watchguard,WGMZTC30703,430.00,537.00
NWG-WGZTC30401,Subscriptions  Licensing,WatchGuard Zero-Trust - 1-Year - 251 to 500 Seats,https://www.leadersystems.com.au/Images/NWG-WGZTC30401.jpg,Watchguard,WGZTC30401,169.00,210.00
NWG-WGTSSAAS30103,Cloud  Server Security,WatchGuard ThreatSync+ SAAS - 3 Year - 1 to 50 licenses,https://www.leadersystems.com.au/Images/NWG-WGTSSAAS30103.jpg,Watchguard,WGTSSAAS30103,90.00,112.00
NWG-WGTSSAAS30301,Cloud  Server Security,WatchGuard ThreatSync+ SAAS - 1 Year - 101 to 250 licenses,https://www.leadersystems.com.au/Images/NWG-WGTSSAAS30301.jpg,Watchguard,WGTSSAAS30301,32.00,40.00
NWG-WGTSFS30403,Firewalls  Network Security,WatchGuard Orion - 3 Year - 251 to 500 licenses,https://www.leadersystems.com.au/Images/NWG-WGTSFS30403.jpg,Watchguard,WGTSFS30403,130.00,165.00
NWG-WGTSFS30703,Firewalls  Network Security,WatchGuard Orion - 3 Year - 5001+ licenses,https://www.leadersystems.com.au/Images/NWG-WGTSFS30703.jpg,Watchguard,WGTSFS30703,83.00,106.00
NWG-WGMDRT30403,Managed Detection  Response (MDR),WatchGuard Total MDR - 3 Year - 251 to 500 licenses,https://www.leadersystems.com.au/Images/NWG-WGMDRT30403.jpg,Watchguard,WGMDRT30403,277.00,329.08
NWG-WGMDRT30301,Managed Detection  Response (MDR),WatchGuard Total MDR - 1 Year - 101 to 250 licenses,https://www.leadersystems.com.au/Images/NWG-WGMDRT30301.jpg,Watchguard,WGMDRT30301,106.00,125.93
NWG-WGMDRM30301,Managed Detection  Response (MDR),WatchGuard Core MDR for Microsoft - 1 Year - 101 to 250 licenses,https://www.leadersystems.com.au/Images/NWG-WGMDRM30301.jpg,Watchguard,WGMDRM30301,73.00,86.72
NWG-WGMDRM30401,Managed Detection  Response (MDR),WatchGuard Core MDR for Microsoft - 1 Year - 251 to 500 licenses,https://www.leadersystems.com.au/Images/NWG-WGMDRM30401.jpg,Watchguard,WGMDRM30401,60.00,71.28
NWG-WGMDRM30103,Managed Detection  Response (MDR),WatchGuard Core MDR for Microsoft - 3 Year - 1 to 50 licenses,https://www.leadersystems.com.au/Images/NWG-WGMDRM30103.jpg,Watchguard,WGMDRM30103,239.00,283.93
NWG-WGMDRM30303,Managed Detection  Response (MDR),WatchGuard Core MDR for Microsoft - 3 Year - 101 to 250 licenses,https://www.leadersystems.com.au/Images/NWG-WGMDRM30303.jpg,Watchguard,WGMDRM30303,175.00,207.90
NWG-WGSIEM30403,Firewalls  Network Security,WatchGuard SIEMFeeder - 3 Year - 251 to 500 licenses,https://www.leadersystems.com.au/Images/NWG-WGSIEM30403.jpg,Watchguard,WGSIEM30403,20.00,25.00
NWG-WGSIEM30501,Firewalls  Network Security,WatchGuard SIEMFeeder - 1 Year - 501 to 1000 licenses,https://www.leadersystems.com.au/Images/NWG-WGSIEM30501.jpg,Watchguard,WGSIEM30501,7.00,9.00
NWG-WGA432000,WatchGuard Blank Appliance,WatchGuard AP432 Appliance Only – License Not Included (Requires Separate WG License Purchase),https://www.leadersystems.com.au/Images/NWG-WGA432000.jpg,Watchguard,WGA432000,853.00,1187.00
NWG-WGM290000,WatchGuard Blank Appliance,WatchGuard Firebox M290 Appliance Only – License Not Included (Requires Separate WG License Purchase),https://www.leadersystems.com.au/Images/NWG-WGM290000.jpg,Watchguard,WGM290000,1739.00,2263.00
NWG-WGT25000,WatchGuard Blank Appliance,WatchGuard Firebox T25 Appliance Only – License Not Included (Requires Separate WG License Purchase),https://www.leadersystems.com.au/Images/NWG-WGT25000.jpg,Watchguard,WGT25000,394.00,542.00
NWG-WGVMC171,Cloud  Server Security,WatchGuard APT Blocker 1-yr for FireboxV Micro,https://www.leadersystems.com.au/Images/NWG-WGVMC171.jpg,Watchguard,WGVMC171,229.00,291.00
NWG-WGT490071,Firewalls  Network Security,WatchGuard Basic Security Suite for Firebox T45-CW - 1-Year (License ONLY; HW SKU: WGT49000-AU),https://www.leadersystems.com.au/Images/NWG-WGT490071.jpg,Watchguard,WGT490071,911.00,1234.00
NWG-WGT490061,Firewalls  Network Security,WatchGuard Standard Support for Firebox T45-CW - 1-Year (License ONLY; HW SKU: WGT49000-AU),https://www.leadersystems.com.au/Images/NWG-WGT490061.jpg,Watchguard,WGT490061,568.00,769.00
NWG-WGT480065,Firewalls  Network Security,WatchGuard Standard Support for Firebox T45-W-PoE - 5-Year (License ONLY; HW SKU: WGT48000-AU),https://www.leadersystems.com.au/Images/NWG-WGT480065.jpg,Watchguard,WGT480065,1577.00,2175.00
NWG-WGT260075,Firewalls  Network Security,WatchGuard Basic Security Suite for Firebox T25-W - 5-Year (License ONLY; HW SKU: WGT26000),https://www.leadersystems.com.au/Images/NWG-WGT260075.jpg,Watchguard,WGT260075,1894.00,2565.00
NWG-WGT260071,Firewalls  Network Security,WatchGuard Basic Security Suite for Firebox T25-W - 1-Year (License ONLY; HW SKU: WGT26000),https://www.leadersystems.com.au/Images/NWG-WGT260071.jpg,Watchguard,WGT260071,484.00,656.00
NWG-WGT250215,Firewalls  Network Security,Trade Up to WatchGuard Total Security Suite for Firebox T25 - 5-Year (License ONLY; HW SKU: WGT25000),https://www.leadersystems.com.au/Images/NWG-WGT250215.jpg,Watchguard,WGT250215,2958.00,4079.00
NWG-WGT1850063,Firewalls  Network Security,WatchGuard Standard Support for Firebox T185 - 3-Year (License ONLY; HW SKU: WGT185000),https://www.leadersystems.com.au/Images/NWG-WGT1850063.jpg,Watchguard,WGT1850063,2792.00,3781.00
NWG-WGT250211,Firewalls  Network Security,Trade Up to WatchGuard Total Security Suite for Firebox T25 - 1-Year (License ONLY; HW SKU: WGT25000),https://www.leadersystems.com.au/Images/NWG-WGT250211.jpg,Watchguard,WGT250211,606.00,836.00
NWG-WGM6900213,Firewalls  Network Security,Trade Up to WatchGuard Total Security Suite for Firebox M690 - 3-Year (License ONLY; HW SKU: WGM690000),https://www.leadersystems.com.au/Images/NWG-WGM6900213.jpg,Watchguard,WGM6900213,23118.00,31304.00
NWG-WGM6900203,Firewalls  Network Security,Trade Up to WatchGuard Basic Security Suite for Firebox M690 - 3-Year (License ONLY; HW SKU: WGM690000),https://www.leadersystems.com.au/Images/NWG-WGM6900203.jpg,Watchguard,WGM6900203,10938.00,14812.00
NWG-WGM6900071,Firewalls  Network Security,WatchGuard Basic Security Suite for Firebox M690 - 1-Year (License ONLY; HW SKU: WGM690000),https://www.leadersystems.com.au/Images/NWG-WGM6900071.jpg,Watchguard,WGM6900071,5892.00,7979.00
NWG-WGT18501605,Firewalls  Network Security,WatchGuard  Standard Support for Firebox T185 High Availability - 5-Year (License ONLY; HW SKU: WGT185000),https://www.leadersystems.com.au/Images/NWG-WGT18501605.jpg,Watchguard,WGT18501605,2654.00,3595.00
NWG-WGT185343,Subscriptions  Licensing,WatchGuard Basic Security Suite Renewal/Upgrade 3-yr for Firebox T185,https://www.leadersystems.com.au/Images/NWG-WGT185343.jpg,Watchguard,WGT185343,4079.00,5082.00
NWG-WGM6900063,Firewalls  Network Security,WatchGuard Standard Support for Firebox M690 - 3-Year (License ONLY; HW SKU: WGM690000),https://www.leadersystems.com.au/Images/NWG-WGM6900063.jpg,Watchguard,WGM6900063,6430.00,8708.00
NWG-WGM3901603,Firewalls  Network Security,WatchGuard High Availability for M390 - 3-Year (License ONLY; HW SKU: WGM390000),https://www.leadersystems.com.au/Images/NWG-WGM3901603.jpg,Watchguard,WGM3901603,938.00,1271.00
NWG-WGM3900071,Firewalls  Network Security,WatchGuard Basic Security Suite for Firebox M390 - 1-Year (License ONLY; HW SKU: WGM390000),https://www.leadersystems.com.au/Images/NWG-WGM3900071.jpg,Watchguard,WGM3900071,2134.00,2890.00
NWG-WGM3900061,Firewalls  Network Security,WatchGuard Standard Support for Firebox M390 - 1-Year (License ONLY; HW SKU: WGM390000),https://www.leadersystems.com.au/Images/NWG-WGM3900061.jpg,Watchguard,WGM3900061,1310.00,1774.00
NWG-WGM2900203,Firewalls  Network Security,Trade Up to WatchGuard Basic Security Suite for Firebox M290 - 3-Year (License ONLY; HW SKU: WGM290000),https://www.leadersystems.com.au/Images/NWG-WGM2900203.jpg,Watchguard,WGM2900203,2632.00,3564.00
NWG-WGFCI30303,Firewalls  Network Security,WatchGuard FireCloud Internet Access - 3 Year - 101 to 250 licenses,https://www.leadersystems.com.au/Images/NWG-WGFCI30303.jpg,Watchguard,WGFCI30303,267.00,333.00
NWG-WGFCI30403,Firewalls  Network Security,WatchGuard FireCloud Internet Access - 3 Year - 251 to 500 licenses,https://www.leadersystems.com.au/Images/NWG-WGFCI30403.jpg,Watchguard,WGFCI30403,233.00,291.00
NWG-WGM2900081,Firewalls  Network Security,WatchGuard Total Security Suite for Firebox M290 - 1-Year (License ONLY; HW SKU: WGM290000),https://www.leadersystems.com.au/Images/NWG-WGM2900081.jpg,Watchguard,WGM2900081,2654.00,3595.00
NWG-WGA43222103,Firewalls  Network Security,Standard Wi-Fi Management for WatchGuard AP432 - 3-year (License ONLY; HW SKU: WGA432000),https://www.leadersystems.com.au/Images/NWG-WGA43222103.jpg,Watchguard,WGA43222103,172.00,233.00
NWG-WGA43222005,Firewalls  Network Security,USP Wi-Fi Management for WatchGuard AP432 - 5-year (License ONLY; HW SKU: WGA432000),https://www.leadersystems.com.au/Images/NWG-WGA43222005.jpg,Watchguard,WGA43222005,429.00,581.00
NWG-WGA33222103,Firewalls  Network Security,Standard Wi-Fi Management for WatchGuard AP332CR - 3-year (License ONLY; HW SKU: WGA332000),https://www.leadersystems.com.au/Images/NWG-WGA33222103.jpg,Watchguard,WGA33222103,172.00,233.00
NWG-WGA33222005,Firewalls  Network Security,USP Wi-Fi Management for WatchGuard AP332CR - 5-year (License ONLY; HW SKU: WGA332000),https://www.leadersystems.com.au/Images/NWG-WGA33222005.jpg,Watchguard,WGA33222005,429.00,581.00
NWG-WGA33022101,Firewalls  Network Security,Standard Wi-Fi Management for WatchGuard AP330 - 1-year (License ONLY; HW SKU: WGA330000),https://www.leadersystems.com.au/Images/NWG-WGA33022101.jpg,Watchguard,WGA33022101,86.00,117.00
NWG-WGTSFS30301,Firewalls  Network Security,WatchGuard Orion - 1 Year - 101 to 250 licenses,https://www.leadersystems.com.au/Images/NWG-WGTSFS30301.jpg,Watchguard,WGTSFS30301,61.00,77.00
NWG-WGTSFS30501,Firewalls  Network Security,WatchGuard Orion - 1 Year - 501 to 1000 licenses,https://www.leadersystems.com.au/Images/NWG-WGTSFS30501.jpg,Watchguard,WGTSFS30501,46.00,59.00
NWG-WGTSFS30701,Firewalls  Network Security,WatchGuard Orion - 1 Year - 5001+ licenses,https://www.leadersystems.com.au/Images/NWG-WGTSFS30701.jpg,Watchguard,WGTSFS30701,35.00,44.00
NWG-WGA33022003,Firewalls  Network Security,USP Wi-Fi Management for WatchGuard AP330 - 3-year (License ONLY; HW SKU: WGA330000),https://www.leadersystems.com.au/Images/NWG-WGA33022003.jpg,Watchguard,WGA33022003,286.00,388.00
NWG-WGM58000081,Firewalls  Network Security,WatchGuard Total Security Suite for Firebox M5800 - 1-Year (License ONLY; HW SKU: WGM58000),https://www.leadersystems.com.au/Images/NWG-WGM58000081.jpg,Watchguard,WGM58000081,82872.00,120289.00
NWG-WGM58000211,Firewalls  Network Security,Trade Up to WatchGuard Total Security Suite for Firebox M5800 - 1-Year (License ONLY; HW SKU: WGM58000),https://www.leadersystems.com.au/Images/NWG-WGM58000211.jpg,Watchguard,WGM58000211,70773.00,102719.00
NWG-WGM48000201,Firewalls  Network Security,Trade Up to WatchGuard Basic Security Suite for M4800 - 1-Year (License ONLY; HW SKU: WGM48000),https://www.leadersystems.com.au/Images/NWG-WGM48000201.jpg,Watchguard,WGM48000201,9920.00,13433.00
NWG-WGESA30203,Endpoint  Mobile Protection,WatchGuard Endpoint Security Basic - 3 Year - 51 to 100 licenses,https://www.leadersystems.com.au/Images/NWG-WGESA30203.jpg,Watchguard,WGESA30203,104.00,130.00
NWG-WGESA30501,Endpoint  Mobile Protection,WatchGuard Endpoint Security Basic - 1 Year - 501 to 1000 licenses,https://www.leadersystems.com.au/Images/NWG-WGESA30501.jpg,Watchguard,WGESA30501,29.00,37.00
NWG-WGESA30703,Endpoint  Mobile Protection,WatchGuard Endpoint Security Basic - 3 Year - 5001+ licenses,https://www.leadersystems.com.au/Images/NWG-WGESA30703.jpg,Watchguard,WGESA30703,53.00,67.00
NWG-WGESB30403,Endpoint  Mobile Protection,WatchGuard Endpoint Security 360 - 3 Year - 251 to 500 licenses,https://www.leadersystems.com.au/Images/NWG-WGESB30403.jpg,Watchguard,WGESB30403,144.00,180.00
NWG-WGESC30103,Endpoint  Mobile Protection,WatchGuard Endpoint Security Elite - 3 Year - 1 to 50 licenses,https://www.leadersystems.com.au/Images/NWG-WGESC30103.jpg,Watchguard,WGESC30103,266.00,332.00
NWG-WGESC30601,Endpoint  Mobile Protection,WatchGuard Endpoint Security Elite - 1 Year - 1001 to 5000 licenses,https://www.leadersystems.com.au/Images/NWG-WGESC30601.jpg,Watchguard,WGESC30601,58.00,73.00
NWG-WGESD321803,Endpoint  Mobile Protection,WatchGuard Endpoint Security 1yr Data Retention - 3 Year,https://www.leadersystems.com.au/Images/NWG-WGESD321803.jpg,Watchguard,WGESD321803,36.00,45.00
NWG-WGWEDP30303,Endpoint  Mobile Protection,WatchGuard Endpoint Security Prime - 3 Year - 101 to 250 licenses,https://www.leadersystems.com.au/Images/NWG-WGWEDP30303.jpg,Watchguard,WGWEDP30303,115.00,144.00
NWG-WGWEDP30703,Endpoint  Mobile Protection,WatchGuard Endpoint Security Prime - 3 Year - 5001+ licenses,https://www.leadersystems.com.au/Images/NWG-WGWEDP30703.jpg,Watchguard,WGWEDP30703,67.00,84.00
NWG-WGMDRO30503,Managed Detection  Response (MDR),WatchGuard Open MDR  - 3 Year - 501 to 1000 licenses,https://www.leadersystems.com.au/Images/NWG-WGMDRO30503.jpg,Watchguard,WGMDRO30503,344.00,408.67
NWG-WGTSO30105,Cloud  Server Security,WatchGuard ThreatSync Open - 5 year - 1 to 50 licenses,https://www.leadersystems.com.au/Images/NWG-WGTSO30105.jpg,Watchguard,WGTSO30105,82.00,103.00
NWG-WGTSO30303,Cloud  Server Security,WatchGuard ThreatSync Open - 3 Year - 101 to 250 licenses,https://www.leadersystems.com.au/Images/NWG-WGTSO30303.jpg,Watchguard,WGTSO30303,39.00,49.00
NWG-WGTSO30501,Cloud  Server Security,WatchGuard ThreatSync Open - 1 Year - 501 to 1000 licenses,https://www.leadersystems.com.au/Images/NWG-WGTSO30501.jpg,Watchguard,WGTSO30501,13.00,17.00
NWG-WGTSO30720,Cloud  Server Security,WatchGuard ThreatSync Open - Monthly Subscription - 5001+ licenses,https://www.leadersystems.com.au/Images/NWG-WGTSO30720.jpg,Watchguard,WGTSO30720,62.00,79.00
NWG-WGCDR30501,Cloud  Server Security,WatchGuard CloudDR - 1 Year - 501 to 1000 licenses,https://www.leadersystems.com.au/Images/NWG-WGCDR30501.jpg,Watchguard,WGCDR30501,4546.00,5768.00
NWG-WGMDRM30501,Managed Detection  Response (MDR),WatchGuard Core MDR for Microsoft - 1 Year - 501 to 1000 licenses,https://www.leadersystems.com.au/Images/NWG-WGMDRM30501.jpg,Watchguard,WGMDRM30501,53.00,62.96
NWG-WGMDRM30601,Managed Detection  Response (MDR),WatchGuard Core MDR for Microsoft - 1 Year - 1001 to 5000 licenses,https://www.leadersystems.com.au/Images/NWG-WGMDRM30601.jpg,Watchguard,WGMDRM30601,46.00,55.00
NWG-WGSIEM30101,Firewalls  Network Security,WatchGuard SIEMFeeder - 1 Year - 1 to 50 licenses,https://www.leadersystems.com.au/Images/NWG-WGSIEM30101.jpg,Watchguard,WGSIEM30101,12.00,15.00
NWG-WGSIEM30703,Firewalls  Network Security,WatchGuard SIEMFeeder - 3 Year - 5001+ licenses,https://www.leadersystems.com.au/Images/NWG-WGSIEM30703.jpg,Watchguard,WGSIEM30703,13.00,17.00
NWG-WGVMC003,Firewalls  Network Security,WatchGuard FireboxV Micro with 3-yr Standard Support,https://www.leadersystems.com.au/Images/NWG-WGVMC003.jpg,Watchguard,WGVMC003,887.00,1201.00
NWG-WGCDR30303,Cloud  Server Security,WatchGuard CloudDR - 3 Year - 101 to 250 licenses,https://www.leadersystems.com.au/Images/NWG-WGCDR30303.jpg,Watchguard,WGCDR30303,4546.00,5768.00
NWG-WGCDR30620,Cloud  Server Security,WatchGuard CloudDR - Monthly Subscription - 1001 to 5000 licenses,https://www.leadersystems.com.au/Images/NWG-WGCDR30620.jpg,Watchguard,WGCDR30620,4546.00,5768.00
NWG-WGVMC331,Subscriptions  Licensing,WatchGuard Basic Security Suite Renewal/Upgrade 1-yr for FireboxV Micro,https://www.leadersystems.com.au/Images/NWG-WGVMC331.jpg,Watchguard,WGVMC331,468.00,584.00
NWG-WGFCT30701,Firewalls  Network Security,WatchGuard FireCloud Total Access   - 1 Year - 5001+ licenses,https://www.leadersystems.com.au/Images/NWG-WGFCT30701.jpg,Watchguard,WGFCT30701,91.00,114.00
NWG-WGFCT30403,Firewalls  Network Security,WatchGuard FireCloud Total Access   - 3 Year - 251 to 500 licenses,https://www.leadersystems.com.au/Images/NWG-WGFCT30403.jpg,Watchguard,WGFCT30403,363.00,452.00
NWG-WGT1160215,Firewalls  Network Security,Trade Up to WatchGuard Total Security Suite for Firebox T115-W - 5-Year (License ONLY; HW SKU: WGT116000),https://www.leadersystems.com.au/Images/NWG-WGT1160215.jpg,Watchguard,WGT1160215,3043.00,4122.00
NWG-WGT116341,Subscriptions  Licensing,WatchGuard Basic Security Suite Renewal/Upgrade 1-yr for Firebox T115-W,https://www.leadersystems.com.au/Images/NWG-WGT116341.jpg,Watchguard,WGT116341,479.00,597.00
NWG-WGT1260213,Firewalls  Network Security,Trade Up to WatchGuard Total Security Suite for Firebox T125-W - 3-Year (License ONLY; HW SKU: WGT126000),https://www.leadersystems.com.au/Images/NWG-WGT1260213.jpg,Watchguard,WGT1260213,2174.00,2944.00
NWG-WGT12621801,Subscriptions  Licensing,WatchGuard Cloud 1-month data retention for T125-W - 1-yr,https://www.leadersystems.com.au/Images/NWG-WGT12621801.jpg,Watchguard,WGT12621801,137.00,171.00
NWG-WGT126261,Subscriptions  Licensing,WatchGuard Gold Support Renewal/Upgrade 1-yr for Firebox T125-W,https://www.leadersystems.com.au/Images/NWG-WGT126261.jpg,Watchguard,WGT126261,373.00,465.00
NWG-WGT1160085,Firewalls  Network Security,WatchGuard Total Security Suite for Firebox T115-W - 5-Year (License ONLY; HW SKU: WGT116000),https://www.leadersystems.com.au/Images/NWG-WGT1160085.jpg,Watchguard,WGT1160085,3215.00,4354.00
NWG-WGT1250203,Firewalls  Network Security,Trade Up to WatchGuard Basic Security Suite for Firebox T125 - 3-Year (License ONLY; HW SKU: WGT125000),https://www.leadersystems.com.au/Images/NWG-WGT1250203.jpg,Watchguard,WGT1250203,1064.00,1441.00
NWG-WGT125173,Cloud  Server Security,WatchGuard APT Blocker 3-yr for Firebox T125,https://www.leadersystems.com.au/Images/NWG-WGT125173.jpg,Watchguard,WGT125173,466.00,581.00
NWG-WGT1450211,Firewalls  Network Security,Trade Up to WatchGuard Total Security Suite for Firebox T145 - 1-Year (License ONLY; HW SKU: WGT145000),https://www.leadersystems.com.au/Images/NWG-WGT1450211.jpg,Watchguard,WGT1450211,1527.00,2069.00
NWG-WGT1450071,Firewalls  Network Security,WatchGuard Basic Security Suite for Firebox T145 - 1-Year (License ONLY; HW SKU: WGT145000),https://www.leadersystems.com.au/Images/NWG-WGT1450071.jpg,Watchguard,WGT1450071,1035.00,1403.00
NWG-WGT145343,Subscriptions  Licensing,WatchGuard Basic Security Suite Renewal/Upgrade 3-yr for Firebox T145,https://www.leadersystems.com.au/Images/NWG-WGT145343.jpg,Watchguard,WGT145343,2027.00,2526.00
NWG-WGT145000,WatchGuard Blank Appliance,WatchGuard Firebox T145 Appliance Only – License Not Included (Requires Separate WG License Purchase),https://www.leadersystems.com.au/Images/NWG-WGT145000.jpg,Watchguard,WGT145000,486.00,621.00
NWG-WGM590000,WatchGuard Blank Appliance,WatchGuard Firebox M590 Appliance Only – License Not Included (Requires Separate WG License Purchase),https://www.leadersystems.com.au/Images/NWG-WGM590000.jpg,Watchguard,WGM590000,5057.00,6758.00
NWG-WGM690000,WatchGuard Blank Appliance,WatchGuard Firebox M690 Appliance Only – License Not Included (Requires Separate WG License Purchase),https://www.leadersystems.com.au/Images/NWG-WGM690000.jpg,Watchguard,WGM690000,6987.00,9374.00
NWG-WGT490201,Firewalls  Network Security,Trade Up to WatchGuard Basic Security Suite for Firebox T45-CW - 1-Year (License ONLY; HW SKU: WGT49000-AU),https://www.leadersystems.com.au/Images/NWG-WGT490201.jpg,Watchguard,WGT490201,510.00,691.00
NWG-WGA13022005,Firewalls  Network Security,USP Wi-Fi Management for WatchGuard AP130 - 5-year (License ONLY; HW SKU: WGA130000),https://www.leadersystems.com.au/Images/NWG-WGA13022005.jpg,Watchguard,WGA13022005,429.00,581.00
NWG-WGA13022105,Firewalls  Network Security,Standard Wi-Fi Management for WatchGuard AP130 - 5-year (License ONLY; HW SKU: WGA130000),https://www.leadersystems.com.au/Images/NWG-WGA13022105.jpg,Watchguard,WGA13022105,257.00,349.00
NWG-WGT490065,Firewalls  Network Security,WatchGuard Standard Support for Firebox T45-CW - 5-Year (License ONLY; HW SKU: WGT49000-AU),https://www.leadersystems.com.au/Images/NWG-WGT490065.jpg,Watchguard,WGT490065,1597.00,2163.00
NWG-WGT470211,Firewalls  Network Security,Trade Up to WatchGuard Total Security Suite for Firebox T45-PoE - 1-Year (License ONLY; HW SKU: WGT47000-AU),https://www.leadersystems.com.au/Images/NWG-WGT470211.jpg,Watchguard,WGT470211,976.00,1322.00
NWG-WGT470205,Firewalls  Network Security,Trade Up to WatchGuard Basic Security Suite for Firebox T45-PoE - 5-Year (License ONLY; HW SKU: WGT47000-AU),https://www.leadersystems.com.au/Images/NWG-WGT470205.jpg,Watchguard,WGT470205,2481.00,3359.00
NWG-WGT250065,Firewalls  Network Security,WatchGuard Standard Support for Firebox T25 - 5-Year (License ONLY; HW SKU: WGT25000),https://www.leadersystems.com.au/Images/NWG-WGT250065.jpg,Watchguard,WGT250065,684.00,944.00
NWG-WGT1250063,Firewalls  Network Security,WatchGuard Standard Support for Firebox T125 - 3-Year (License ONLY; HW SKU: WGT125000),https://www.leadersystems.com.au/Images/NWG-WGT1250063.jpg,Watchguard,WGT1250063,812.00,1100.00
NWG-WGT1450081,Firewalls  Network Security,WatchGuard Total Security Suite for Firebox T145 - 1-Year (License ONLY; HW SKU: WGT145000),https://www.leadersystems.com.au/Images/NWG-WGT1450081.jpg,Watchguard,WGT1450081,1625.00,2200.00
NWG-WGT1460203,Firewalls  Network Security,Trade Up to WatchGuard Basic Security Suite for Firebox T145-W - 3-Year (License ONLY; HW SKU: WGT146000),https://www.leadersystems.com.au/Images/NWG-WGT1460203.jpg,Watchguard,WGT1460203,2208.00,2991.00
NWG-WGT146173,Cloud  Server Security,WatchGuard APT Blocker 3-yr for Firebox T145-W,https://www.leadersystems.com.au/Images/NWG-WGT146173.jpg,Watchguard,WGT146173,982.00,1224.00
NWG-WGT146343,Subscriptions  Licensing,WatchGuard Basic Security Suite Renewal/Upgrade 3-yr for Firebox T145-W,https://www.leadersystems.com.au/Images/NWG-WGT146343.jpg,Watchguard,WGT146343,2438.00,3037.00
NWG-WGT1460081,Firewalls  Network Security,WatchGuard Total Security Suite for Firebox T145-W - 1-Year (License ONLY; HW SKU: WGT146000),https://www.leadersystems.com.au/Images/NWG-WGT1460081.jpg,Watchguard,WGT1460081,1991.00,2696.00
NWG-WGT250063,Firewalls  Network Security,WatchGuard Standard Support for Firebox T25 - 3-Year (License ONLY; HW SKU: WGT25000),https://www.leadersystems.com.au/Images/NWG-WGT250063.jpg,Watchguard,WGT250063,440.00,608.00
NWG-WGM6900081,Firewalls  Network Security,WatchGuard Total Security Suite for Firebox M690 - 1-Year (License ONLY; HW SKU: WGM690000),https://www.leadersystems.com.au/Images/NWG-WGM6900081.jpg,Watchguard,WGM6900081,11047.00,14959.00
NWG-WGM5900213,Firewalls  Network Security,Trade Up to WatchGuard Total Security Suite for Firebox M590 - 3-Year (License ONLY; HW SKU: WGM590000),https://www.leadersystems.com.au/Images/NWG-WGM5900213.jpg,Watchguard,WGM5900213,16653.00,22550.00
NWG-WGM5900211,Firewalls  Network Security,Trade Up to WatchGuard Total Security Suite for Firebox M590 - 1-Year (License ONLY; HW SKU: WGM590000),https://www.leadersystems.com.au/Images/NWG-WGM5900211.jpg,Watchguard,WGM5900211,6076.00,8227.00
NWG-WGTSST30403,Managed Detection  Response (MDR),WatchGuard Total NDR - 3 Year - 251+ licenses,https://www.leadersystems.com.au/Images/NWG-WGTSST30403.jpg,Watchguard,WGTSST30403,206.00,258.00
NWG-WGCR20102,Firewalls  Network Security,WatchGuard Compliance Reporting - 2 Year - 1 to 50 licenses,https://www.leadersystems.com.au/Images/NWG-WGCR20102.jpg,Watchguard,WGCR20102,30.00,39.00
NWG-WGCR20304,Firewalls  Network Security,WatchGuard Compliance Reporting - 4 Year - 101 to 250 licenses,https://www.leadersystems.com.au/Images/NWG-WGCR20304.jpg,Watchguard,WGCR20304,30.00,39.00
NWG-WGATH30304,Identity  Access Security,WatchGuard AuthPoint MFA - 4 Year - 101 to 250 Users,https://www.leadersystems.com.au/Images/NWG-WGATH30304.jpg,Watchguard,WGATH30304,33.00,45.00
NWG-WGATH30602,Identity  Access Security,WatchGuard AuthPoint MFA - 2 Year - 1001 to 5000 Users,https://www.leadersystems.com.au/Images/NWG-WGATH30602.jpg,Watchguard,WGATH30602,33.00,45.00
NWG-WGCLG002,Firewalls  Network Security,WatchGuard Firebox Cloud Large with 2-yr Standard Support,https://www.leadersystems.com.au/Images/NWG-WGCLG002.jpg,Watchguard,WGCLG002,9401.00,12965.00
NWG-WGCR20704,Firewalls  Network Security,WatchGuard Compliance Reporting - 4 Year - 5001+ licenses,https://www.leadersystems.com.au/Images/NWG-WGCR20704.jpg,Watchguard,WGCR20704,30.00,39.00
NWG-WGMDR30304,Firewalls  Network Security,WatchGuard Core MDR - 4 Year - 101 to 250 licenses,https://www.leadersystems.com.au/Images/NWG-WGMDR30304.jpg,Watchguard,WGMDR30304,30.00,39.00
NWG-WGCLG034,Firewalls  Network Security,WatchGuard Firebox Cloud Large with 4-yr Basic Security Suite,https://www.leadersystems.com.au/Images/NWG-WGCLG034.jpg,Watchguard,WGCLG034,9401.00,12965.00
NWG-WGM3900211,Firewalls  Network Security,Trade Up to WatchGuard Total Security Suite for Firebox M390 - 1-Year (License ONLY; HW SKU: WGM390000),https://www.leadersystems.com.au/Images/NWG-WGM3900211.jpg,Watchguard,WGM3900211,3055.00,4137.00
NWG-WGM3900203,Firewalls  Network Security,Trade Up to WatchGuard Basic Security Suite for Firebox M390 - 3-Year (License ONLY; HW SKU: WGM390000),https://www.leadersystems.com.au/Images/NWG-WGM3900203.jpg,Watchguard,WGM3900203,3965.00,5369.00
NWG-WGM3900073,Firewalls  Network Security,WatchGuard Basic Security Suite for Firebox M390 - 3-Year (License ONLY; HW SKU: WGM390000),https://www.leadersystems.com.au/Images/NWG-WGM3900073.jpg,Watchguard,WGM3900073,4908.00,6647.00
NWG-WGM2900061,Firewalls  Network Security,WatchGuard Standard Support for Firebox M290 - 1-Year (License ONLY; HW SKU: WGM290000),https://www.leadersystems.com.au/Images/NWG-WGM2900061.jpg,Watchguard,WGM2900061,870.00,1178.00
NWG-WGMDRM30202,Managed Detection  Response (MDR),WatchGuard Core MDR for Microsoft - 2 Year - 51 to 100 licenses,https://www.leadersystems.com.au/Images/NWG-WGMDRM30202.jpg,Watchguard,WGMDRM30202,95.00,117.00
NWG-WGMDRM30302,Managed Detection  Response (MDR),WatchGuard Core MDR for Microsoft - 2 Year - 101 to 250 licenses,https://www.leadersystems.com.au/Images/NWG-WGMDRM30302.jpg,Watchguard,WGMDRM30302,95.00,117.00
NWG-WGMDRM30602,Managed Detection  Response (MDR),WatchGuard Core MDR for Microsoft - 2 Year - 1001 to 5000 licenses,https://www.leadersystems.com.au/Images/NWG-WGMDRM30602.jpg,Watchguard,WGMDRM30602,95.00,117.00
NWG-WGMDRO30104,Managed Detection  Response (MDR),Watchguard Open MDR- 4 Year - 1 to 50 licenses,https://www.leadersystems.com.au/Images/NWG-WGMDRO30104.jpg,Watchguard,WGMDRO30104,174.00,212.00
NWG-WGMDRO30305,Managed Detection  Response (MDR),Watchguard Open MDR- 5 Year - 101 to 250 licenses,https://www.leadersystems.com.au/Images/NWG-WGMDRO30305.jpg,Watchguard,WGMDRO30305,174.00,212.00
NWG-WGMDRO30704,Managed Detection  Response (MDR),Watchguard Open MDR- 4 Year - 5001+ licenses,https://www.leadersystems.com.au/Images/NWG-WGMDRO30704.jpg,Watchguard,WGMDRO30704,174.00,212.00
NWG-WGAP13022003,Firewalls  Network Security,USP Wi-Fi Management for WatchGuard AP130 - 3-year,https://www.leadersystems.com.au/Images/NWG-WGAP13022003.jpg,Watchguard,WGAP13022003,143.00,194.00
NWG-WGCLG525,Subscriptions  Licensing,WatchGuard Cloud 1-month data retention for Firebox Cloud Large - 5-yr,https://www.leadersystems.com.au/Images/NWG-WGCLG525.jpg,Watchguard,WGCLG525,2267.00,2876.00
NWG-WGCME005,Firewalls  Network Security,WatchGuard Firebox Cloud Medium with 5-yr Standard Support,https://www.leadersystems.com.au/Images/NWG-WGCME005.jpg,Watchguard,WGCME005,4405.00,5965.00
NWG-WGAP23022104,Firewalls  Network Security,Standard Wi-Fi Management for WatchGuard AP230W - 4-year,https://www.leadersystems.com.au/Images/NWG-WGAP23022104.jpg,Watchguard,WGAP23022104,86.00,117.00
NWG-WGCME525,Firewalls  Network Security,WatchGuard Cloud 1-month data retention for Firebox Cloud Medium - 5-yr,https://www.leadersystems.com.au/Images/NWG-WGCME525.jpg,Watchguard,WGCME525,4405.00,5965.00
NWG-WGCSM174,Firewalls  Network Security,WatchGuard APT Blocker 4-yr for Firebox Cloud Small,https://www.leadersystems.com.au/Images/NWG-WGCSM174.jpg,Watchguard,WGCSM174,4405.00,5965.00
NWG-WGCSM645,Firewalls  Network Security,WatchGuard Firebox Cloud Small with 5-yr Total Security Suite,https://www.leadersystems.com.au/Images/NWG-WGCSM645.jpg,Watchguard,WGCSM645,4405.00,5965.00
NWG-WGA43022105,Firewalls  Network Security,Standard Wi-Fi Management for WatchGuard AP430CR - 5-year (License ONLY; HW SKU: WGA430000),https://www.leadersystems.com.au/Images/NWG-WGA43022105.jpg,Watchguard,WGA43022105,257.00,349.00
NWG-WGA33222001,Firewalls  Network Security,USP Wi-Fi Management for WatchGuard AP332CR - 1-year (License ONLY; HW SKU: WGA332000),https://www.leadersystems.com.au/Images/NWG-WGA33222001.jpg,Watchguard,WGA33222001,143.00,194.00
NWG-WGM48000071,Firewalls  Network Security,WatchGuard Basic Security Suite for Firebox M4800 - 1-Year (License ONLY; HW SKU: WGM48000),https://www.leadersystems.com.au/Images/NWG-WGM48000071.jpg,Watchguard,WGM48000071,14571.00,19731.00
NWG-WGM48000073,Firewalls  Network Security,WatchGuard Basic Security Suite for Firebox M4800 - 3-Year (License ONLY; HW SKU: WGM48000),https://www.leadersystems.com.au/Images/NWG-WGM48000073.jpg,Watchguard,WGM48000073,28215.00,38206.00
NWG-WGM580001601,Firewalls  Network Security,WatchGuard High Availability for M5800 - 1-Year (License ONLY; HW SKU: WGM58000),https://www.leadersystems.com.au/Images/NWG-WGM580001601.jpg,Watchguard,WGM580001601,8884.00,12031.00
NWG-WGM58000203,Firewalls  Network Security,Trade Up to WatchGuard Basic Security Suite for Firebox M5800 - 3-Year (License ONLY; HW SKU: WGM58000),https://www.leadersystems.com.au/Images/NWG-WGM58000203.jpg,Watchguard,WGM58000203,82372.00,119559.00
NWG-WGAP33222103,Firewalls  Network Security,Standard Wi-Fi Management for WatchGuard AP332CR - 3-year,https://www.leadersystems.com.au/Images/NWG-WGAP33222103.jpg,Watchguard,WGAP33222103,86.00,117.00
NWG-WGAP43022105,Firewalls  Network Security,Standard Wi-Fi Management for WatchGuard AP430CR - 5-year,https://www.leadersystems.com.au/Images/NWG-WGAP43022105.jpg,Watchguard,WGAP43022105,86.00,117.00
NWG-WGAP23022004,Firewalls  Network Security,USP Wi-Fi Management for WatchGuard AP230W - 4-year,https://www.leadersystems.com.au/Images/NWG-WGAP23022004.jpg,Watchguard,WGAP23022004,143.00,194.00
NWG-WGAP33222005,Firewalls  Network Security,USP Wi-Fi Management for WatchGuard AP332CR - 5-year,https://www.leadersystems.com.au/Images/NWG-WGAP33222005.jpg,Watchguard,WGAP33222005,143.00,194.00
NWG-WGAP43222004,Firewalls  Network Security,USP Wi-Fi Management for WatchGuard AP432 - 4-year,https://www.leadersystems.com.au/Images/NWG-WGAP43222004.jpg,Watchguard,WGAP43222004,143.00,194.00
NWG-WGWESS30604,Endpoint  Mobile Protection,WatchGuard Endpoint Security for Servers  - 4 Year - 1001 to 5000 licenses,https://www.leadersystems.com.au/Images/NWG-WGWESS30604.jpg,Watchguard,WGWESS30604,137.00,171.00
NWG-WGWESS30402,Endpoint  Mobile Protection,WatchGuard Endpoint Security for Servers  - 2 Year - 251 to 500 licenses,https://www.leadersystems.com.au/Images/NWG-WGWESS30402.jpg,Watchguard,WGWESS30402,137.00,171.00
NWG-WGAP432000,WatchGuard Blank Appliance,WatchGuard AP432 Appliance Only,https://www.leadersystems.com.au/Images/NWG-WGAP432000.jpg,Watchguard,WGAP432000,853.00,1187.00
NWG-WGDNS30104,Cloud  Server Security,WatchGuard DNSWatchGO - 4 Year - 1 to 50 Users,https://www.leadersystems.com.au/Images/NWG-WGDNS30104.jpg,Watchguard,WGDNS30104,47.00,59.00
NWG-WGDNS30305,Cloud  Server Security,WatchGuard DNSWatchGO - 5 Year - 101 to 250 Users,https://www.leadersystems.com.au/Images/NWG-WGDNS30305.jpg,Watchguard,WGDNS30305,47.00,59.00
NWG-WGDNS30504,Cloud  Server Security,WatchGuard DNSWatchGO - 4 Year - 501 to 1000 Users,https://www.leadersystems.com.au/Images/NWG-WGDNS30504.jpg,Watchguard,WGDNS30504,47.00,59.00
NWG-WGENCR30204,Endpoint  Mobile Protection,Full Encryption - 4 Year - 51 to 100 licenses,https://www.leadersystems.com.au/Images/NWG-WGENCR30204.jpg,Watchguard,WGENCR30204,22.00,28.00
NWG-WGT125172,Cloud  Server Security,WatchGuard APT Blocker 2-yr for Firebox T125,https://www.leadersystems.com.au/Images/NWG-WGT125172.jpg,Watchguard,WGT125172,193.00,241.00
NWG-WGENCR30605,Endpoint  Mobile Protection,Full Encryption - 5 Year - 1001 to 5000 licenses,https://www.leadersystems.com.au/Images/NWG-WGENCR30605.jpg,Watchguard,WGENCR30605,22.00,28.00
NWG-WGESA30205,Endpoint  Mobile Protection,WatchGuard Endpoint Security Basic - 5 Year - 51 to 100 licenses,https://www.leadersystems.com.au/Images/NWG-WGESA30205.jpg,Watchguard,WGESA30205,49.00,62.00
NWG-WGESA30405,Endpoint  Mobile Protection,WatchGuard Endpoint Security Basic - 5 Year - 251 to 500 licenses,https://www.leadersystems.com.au/Images/NWG-WGESA30405.jpg,Watchguard,WGESA30405,49.00,62.00
NWG-WGESA30702,Endpoint  Mobile Protection,WatchGuard Endpoint Security Basic - 2 Year - 5001+ licenses,https://www.leadersystems.com.au/Images/NWG-WGESA30702.jpg,Watchguard,WGESA30702,49.00,62.00
NWG-WGESB30205,Endpoint  Mobile Protection,WatchGuard Endpoint Security 360 - 5 Year - 51 to 100 licenses,https://www.leadersystems.com.au/Images/NWG-WGESB30205.jpg,Watchguard,WGESB30205,86.00,107.00
NWG-WGESB30502,Endpoint  Mobile Protection,WatchGuard Endpoint Security 360 - 2 Year - 501 to 1000 licenses,https://www.leadersystems.com.au/Images/NWG-WGESB30502.jpg,Watchguard,WGESB30502,86.00,107.00
NWG-WGESB30702,Endpoint  Mobile Protection,WatchGuard Endpoint Security 360 - 2 Year - 5001+ licenses,https://www.leadersystems.com.au/Images/NWG-WGESB30702.jpg,Watchguard,WGESB30702,86.00,107.00
NWG-WGESC30205,Endpoint  Mobile Protection,WatchGuard Endpoint Security Elite - 5 Year - 51 to 100 licenses,https://www.leadersystems.com.au/Images/NWG-WGESC30205.jpg,Watchguard,WGESC30205,111.00,138.00
NWG-WGT146174,Cloud  Server Security,WatchGuard APT Blocker 4-yr for Firebox T145-W,https://www.leadersystems.com.au/Images/NWG-WGT146174.jpg,Watchguard,WGT146174,342.00,427.00
NWG-WGWEDP30202,Endpoint  Mobile Protection,WatchGuard Endpoint Security Prime - 2 Year - 51 to 100 licenses,https://www.leadersystems.com.au/Images/NWG-WGWEDP30202.jpg,Watchguard,WGWEDP30202,61.00,77.00
NWG-WGESC30504,Endpoint  Mobile Protection,WatchGuard Endpoint Security Elite - 4 Year - 501 to 1000 licenses,https://www.leadersystems.com.au/Images/NWG-WGESC30504.jpg,Watchguard,WGESC30504,111.00,138.00
NWG-WGWEDP30302,Endpoint  Mobile Protection,WatchGuard Endpoint Security Prime - 2 Year - 101 to 250 licenses,https://www.leadersystems.com.au/Images/NWG-WGWEDP30302.jpg,Watchguard,WGWEDP30302,61.00,77.00
NWG-WGWEDP30402,Endpoint  Mobile Protection,WatchGuard Endpoint Security Prime - 2 Year - 251 to 500 licenses,https://www.leadersystems.com.au/Images/NWG-WGWEDP30402.jpg,Watchguard,WGWEDP30402,61.00,77.00
NWG-WGWEDP30605,Endpoint  Mobile Protection,WatchGuard Endpoint Security Prime - 5 Year - 1001 to 5000 licenses,https://www.leadersystems.com.au/Images/NWG-WGWEDP30605.jpg,Watchguard,WGWEDP30605,61.00,77.00
NWG-WGT12521802,Subscriptions  Licensing,WatchGuard Cloud 1-month data retention for T125 - 2-yr,https://www.leadersystems.com.au/Images/NWG-WGT12521802.jpg,Watchguard,WGT12521802,137.00,171.00
NWG-WGVXL032,Firewalls  Network Security,WatchGuard FireboxV X-Large with 2-yr Basic Security Suite,https://www.leadersystems.com.au/Images/NWG-WGVXL032.jpg,Watchguard,WGVXL032,18740.00,25843.00
NWG-WGVXL174,Firewalls  Network Security,WatchGuard APT Blocker 4-yr for FireboxV X-Large,https://www.leadersystems.com.au/Images/NWG-WGVXL174.jpg,Watchguard,WGVXL174,18740.00,25843.00
NWG-WGFCI30305,Firewalls  Network Security,WatchGuard FireCloud Internet Access - 5 Year - 101 to 250 licenses,https://www.leadersystems.com.au/Images/NWG-WGFCI30305.jpg,Watchguard,WGFCI30305,106.00,132.00
NWG-WGFCI30504,Firewalls  Network Security,WatchGuard FireCloud Internet Access - 4 Year - 501 to 1000 licenses,https://www.leadersystems.com.au/Images/NWG-WGFCI30504.jpg,Watchguard,WGFCI30504,106.00,132.00
NWG-WGFCI30605,Firewalls  Network Security,WatchGuard FireCloud Internet Access - 5 Year - 1001 to 5000 licenses,https://www.leadersystems.com.au/Images/NWG-WGFCI30605.jpg,Watchguard,WGFCI30605,106.00,132.00
NWG-WGT14521802,Subscriptions  Licensing,WatchGuard Cloud 1-month data retention for T145 - 2-yr,https://www.leadersystems.com.au/Images/NWG-WGT14521802.jpg,Watchguard,WGT14521802,137.00,171.00
NWG-WGT18521804,Subscriptions  Licensing,WatchGuard Cloud 1-month data retention for T185 - 4-yr,https://www.leadersystems.com.au/Images/NWG-WGT18521804.jpg,Watchguard,WGT18521804,137.00,171.00
NWG-WGNCSM22204,Managed Detection  Response (MDR),WatchGuard NDR for Firebox Cloud Small - 4 Year,https://www.leadersystems.com.au/Images/NWG-WGNCSM22204.jpg,Watchguard,WGNCSM22204,123.00,153.00
NWG-WGN29522202,Managed Detection  Response (MDR),WatchGuard NDR for Firebox M295 - 2 Year,https://www.leadersystems.com.au/Images/NWG-WGN29522202.jpg,Watchguard,WGN29522202,123.00,153.00
NWG-WGMDRT30503,Managed Detection  Response (MDR),WatchGuard Total MDR - 3 Year - 501 to 1000 licenses,https://www.leadersystems.com.au/Images/NWG-WGMDRT30503.jpg,Watchguard,WGMDRT30503,255.00,302.94
NWG-WGN47022202,Managed Detection  Response (MDR),WatchGuard NDR for Firebox M470 - 2 Year,https://www.leadersystems.com.au/Images/NWG-WGN47022202.jpg,Watchguard,WGN47022202,123.00,153.00
NWG-WGFCT30205,Firewalls  Network Security,WatchGuard FireCloud Total Access  - 5 Year - 51 to 100 licenses,https://www.leadersystems.com.au/Images/NWG-WGFCT30205.jpg,Watchguard,WGFCT30205,163.00,203.00
NWG-WGFCT30502,Firewalls  Network Security,WatchGuard FireCloud Total Access  - 2 Year - 501 to 1000 licenses,https://www.leadersystems.com.au/Images/NWG-WGFCT30502.jpg,Watchguard,WGFCT30502,163.00,203.00
NWG-WGFCT30604,Firewalls  Network Security,WatchGuard FireCloud Total Access  - 4 Year - 1001 to 5000 licenses,https://www.leadersystems.com.au/Images/NWG-WGFCT30604.jpg,Watchguard,WGFCT30604,163.00,203.00
NWG-WGN57022202,Managed Detection  Response (MDR),WatchGuard NDR for Firebox M570 - 2 Year,https://www.leadersystems.com.au/Images/NWG-WGN57022202.jpg,Watchguard,WGN57022202,123.00,153.00
NWG-WGN67022202,Managed Detection  Response (MDR),WatchGuard NDR for Firebox M670 - 2 Year,https://www.leadersystems.com.au/Images/NWG-WGN67022202.jpg,Watchguard,WGN67022202,123.00,153.00
NWG-WGN69522204,Managed Detection  Response (MDR),WatchGuard NDR for Firebox M695 - 4 Year,https://www.leadersystems.com.au/Images/NWG-WGN69522204.jpg,Watchguard,WGN69522204,123.00,153.00
NWG-WGN18522202,Managed Detection  Response (MDR),WatchGuard NDR for Firebox T185 - 2 Year,https://www.leadersystems.com.au/Images/NWG-WGN18522202.jpg,Watchguard,WGN18522202,123.00,153.00
NWG-WGN2522204,Managed Detection  Response (MDR),WatchGuard NDR for Firebox T25 - 4 Year,https://www.leadersystems.com.au/Images/NWG-WGN2522204.jpg,Watchguard,WGN2522204,123.00,153.00
NWG-WGT1160062,Firewalls  Network Security,WatchGuard Standard Support for Firebox T115-W - 2-Year,https://www.leadersystems.com.au/Images/NWG-WGT1160062.jpg,Watchguard,WGT1160062,435.00,589.00
NWG-WGT1260062,Firewalls  Network Security,WatchGuard Standard Support for Firebox T125-W - 2-Year,https://www.leadersystems.com.au/Images/NWG-WGT1260062.jpg,Watchguard,WGT1260062,435.00,589.00
NWG-WGN8522202,Managed Detection  Response (MDR),WatchGuard NDR for Firebox T85-PoE - 2 Year,https://www.leadersystems.com.au/Images/NWG-WGN8522202.jpg,Watchguard,WGN8522202,123.00,153.00
NWG-WGNVSM22202,Managed Detection  Response (MDR),WatchGuard NDR for FireboxV Small - 2 Year,https://www.leadersystems.com.au/Images/NWG-WGNVSM22202.jpg,Watchguard,WGNVSM22202,123.00,153.00
NWG-WGAP33200621,Subscriptions  Licensing,WatchGuard Standard Wi-Fi Management Renewal/Upgrade 1-yr for AP332CR,https://www.leadersystems.com.au/Images/NWG-WGAP33200621.jpg,Watchguard,WGAP33200621,93.00,117.00
NWG-WGAP43200622,Subscriptions  Licensing,WatchGuard Standard Wi-Fi Management Renewal/Upgrade 2-yr for AP432,https://www.leadersystems.com.au/Images/NWG-WGAP43200622.jpg,Watchguard,WGAP43200622,93.00,117.00
NWG-WGAP43200624,Subscriptions  Licensing,WatchGuard Standard Wi-Fi Management Renewal/Upgrade 4-yr for AP432,https://www.leadersystems.com.au/Images/NWG-WGAP43200624.jpg,Watchguard,WGAP43200624,93.00,117.00
NWG-WGTSNDR30102,Cloud  Server Security,WatchGuard ThreatSync+ NDR - 2 Year - 1 to 50 licenses,https://www.leadersystems.com.au/Images/NWG-WGTSNDR30102.jpg,Watchguard,WGTSNDR30102,85.00,106.00
NWG-WGTSNDR30604,Cloud  Server Security,WatchGuard ThreatSync+ NDR - 4 Year - 1001 to 5000 licenses,https://www.leadersystems.com.au/Images/NWG-WGTSNDR30604.jpg,Watchguard,WGTSNDR30604,85.00,106.00
NWG-WGFCI30301,Firewalls  Network Security,WatchGuard FireCloud Internet Access - 1 Year - 101 to 250 licenses,https://www.leadersystems.com.au/Images/NWG-WGFCI30301.jpg,Watchguard,WGFCI30301,89.00,111.00
NWG-WGFCI30501,Firewalls  Network Security,WatchGuard FireCloud Internet Access - 1 Year - 501 to 1000 licenses,https://www.leadersystems.com.au/Images/NWG-WGFCI30501.jpg,Watchguard,WGFCI30501,71.00,89.00
NWG-WGTSNDR30605,Cloud  Server Security,WatchGuard ThreatSync+ NDR - 5 Year - 1001 to 5000 licenses,https://www.leadersystems.com.au/Images/NWG-WGTSNDR30605.jpg,Watchguard,WGTSNDR30605,85.00,106.00
NWG-WGINSG30204,Endpoint  Mobile Protection,Advanced Reporting Tool - 4 Year - 51 to 100 licenses,https://www.leadersystems.com.au/Images/NWG-WGINSG30204.jpg,Watchguard,WGINSG30204,22.00,28.00
NWG-WGINSG30602,Endpoint  Mobile Protection,Advanced Reporting Tool - 2 Year - 1001 to 5000 licenses,https://www.leadersystems.com.au/Images/NWG-WGINSG30602.jpg,Watchguard,WGINSG30602,22.00,28.00
NWG-WGTSSAAS30602,Cloud  Server Security,WatchGuard ThreatSync+ SAAS - 2 Year - 1001 to 5000 licenses,https://www.leadersystems.com.au/Images/NWG-WGTSSAAS30602.jpg,Watchguard,WGTSSAAS30602,32.00,40.00
NWG-WGT1850061,Firewalls  Network Security,WatchGuard Standard Support for Firebox T185 - 1-Year (License ONLY; HW SKU: WGT185000),https://www.leadersystems.com.au/Images/NWG-WGT1850061.jpg,Watchguard,WGT1850061,1562.00,2115.00
NWG-WGT1850065,Firewalls  Network Security,WatchGuard Standard Support for Firebox T185 - 5-Year (License ONLY; HW SKU: WGT185000),https://www.leadersystems.com.au/Images/NWG-WGT1850065.jpg,Watchguard,WGT1850065,5000.00,6771.00
NWG-WGM49540203,Subscriptions  Licensing,WatchGuard Basic Security Suite Renewal/Upgrade 3-yr for Firebox M495,https://www.leadersystems.com.au/Images/NWG-WGM49540203.jpg,Watchguard,WGM49540203,16926.00,21086.00
NWG-WGTSSAAS30304,Cloud  Server Security,WatchGuard ThreatSync+ SAAS - 4 Year - 101 to 250 licenses,https://www.leadersystems.com.au/Images/NWG-WGTSSAAS30304.jpg,Watchguard,WGTSSAAS30304,32.00,40.00
NWG-WGTSSAAS30305,Cloud  Server Security,WatchGuard ThreatSync+ SAAS - 5 Year - 101 to 250 licenses,https://www.leadersystems.com.au/Images/NWG-WGTSSAAS30305.jpg,Watchguard,WGTSSAAS30305,32.00,40.00
NWG-WGMDRT30202,Managed Detection  Response (MDR),WatchGuard Total MDR - 2 Year - 51 to 100 licenses,https://www.leadersystems.com.au/Images/NWG-WGMDRT30202.jpg,Watchguard,WGMDRT30202,126.00,149.69
NWG-WGMDRT30204,Managed Detection  Response (MDR),WatchGuard Total MDR - 4 Year - 51 to 100 licenses,https://www.leadersystems.com.au/Images/NWG-WGMDRT30204.jpg,Watchguard,WGMDRT30204,126.00,149.69
NWG-WGTSST30402,Managed Detection  Response (MDR),WatchGuard Total NDR - 2 Year - 251 to 500 licenses,https://www.leadersystems.com.au/Images/NWG-WGTSST30402.jpg,Watchguard,WGTSST30402,123.00,153.00
NWG-WGTSST30105,Managed Detection  Response (MDR),WatchGuard Total NDR - 5 Year - 1 to 50 licenses,https://www.leadersystems.com.au/Images/NWG-WGTSST30105.jpg,Watchguard,WGTSST30105,123.00,153.00
NWG-WGT1850082,Firewalls  Network Security,WatchGuard Total Security Suite for Firebox T185 - 2-Year,https://www.leadersystems.com.au/Images/NWG-WGT1850082.jpg,Watchguard,WGT1850082,1224.00,1658.00
NWG-WGAP43022021,Subscriptions  Licensing,WatchGuard USP Wi-Fi Management Renewal/Upgrade 1-yr for AP430CR,https://www.leadersystems.com.au/Images/NWG-WGAP43022021.jpg,Watchguard,WGAP43022021,155.00,194.00
NWG-WGAP23022023,Subscriptions  Licensing,WatchGuard USP Wi-Fi Management Renewal/Upgrade 3-yr for AP230W,https://www.leadersystems.com.au/Images/NWG-WGAP23022023.jpg,Watchguard,WGAP23022023,155.00,194.00
NWG-WGAP33022025,Subscriptions  Licensing,WatchGuard USP Wi-Fi Management Renewal/Upgrade 5-yr for AP330,https://www.leadersystems.com.au/Images/NWG-WGAP33022025.jpg,Watchguard,WGAP33022025,155.00,194.00
NWG-WGM49540701,Subscriptions  Licensing,WatchGuard Gold Support Renewal/Upgrade 1-yr for Firebox M495,https://www.leadersystems.com.au/Images/NWG-WGM49540701.jpg,Watchguard,WGM49540701,3868.00,4819.00
NWG-WGT185171,Cloud  Server Security,WatchGuard APT Blocker 1-yr for Firebox T185,https://www.leadersystems.com.au/Images/NWG-WGT185171.jpg,Watchguard,WGT185171,628.00,783.00
NWG-WGT185175,Cloud  Server Security,WatchGuard APT Blocker 5-yr for Firebox T185,https://www.leadersystems.com.au/Images/NWG-WGT185175.jpg,Watchguard,WGT185175,2755.00,3432.00
NWG-WGT185261,Subscriptions  Licensing,WatchGuard Gold Support Renewal/Upgrade 1-yr for Firebox T185,https://www.leadersystems.com.au/Images/NWG-WGT185261.jpg,Watchguard,WGT185261,995.00,1240.00
NWG-WGT185341,Subscriptions  Licensing,WatchGuard Basic Security Suite Renewal/Upgrade 1-yr for Firebox T185,https://www.leadersystems.com.au/Images/NWG-WGT185341.jpg,Watchguard,WGT185341,1710.00,2131.00
NWG-WGM495000,WatchGuard Blank Appliance,WatchGuard Firebox M495 Appliance Only – License Not Included (Requires Separate WG License Purchase),https://www.leadersystems.com.au/Images/NWG-WGM495000.jpg,Watchguard,WGM495000,2851.00,3772.00
NWG-WGM49540101,Subscriptions  Licensing,WatchGuard Standard Support Renewal 1-yr for Firebox M495,https://www.leadersystems.com.au/Images/NWG-WGM49540101.jpg,Watchguard,WGM49540101,4490.00,5334.12
NWG-WGM69540103,Subscriptions  Licensing,WatchGuard Standard Support Renewal 3-yr for Firebox M695,https://www.leadersystems.com.au/Images/NWG-WGM69540103.jpg,Watchguard,WGM69540103,19438.00,23092.34
NWG-WGM2950203,Firewalls  Network Security,Trade Up to WatchGuard Basic Security Suite for Firebox M295 - 3-Year (License ONLY; HW SKU: WGM295000),https://www.leadersystems.com.au/Images/NWG-WGM2950203.jpg,Watchguard,WGM2950203,4062.00,6461.00
NWG-WGM2950211,Firewalls  Network Security,Trade Up to WatchGuard Total Security Suite for Firebox M295 - 1-Year (License ONLY; HW SKU: WGM295000),https://www.leadersystems.com.au/Images/NWG-WGM2950211.jpg,Watchguard,WGM2950211,2963.00,5470.00
NWG-WGM2950073,Firewalls  Network Security,WatchGuard Basic Security Suite for Firebox M295 - 3-Year (License ONLY; HW SKU: WGM295000),https://www.leadersystems.com.au/Images/NWG-WGM2950073.jpg,Watchguard,WGM2950073,5080.00,6879.00
NWG-WGM6950071,Firewalls  Network Security,WatchGuard Basic Security Suite for Firebox M695 - 1-Year (License ONLY; HW SKU: WGM695000),https://www.leadersystems.com.au/Images/NWG-WGM6950071.jpg,Watchguard,WGM6950071,10652.00,21613.00
NWG-WGM5951603,Firewalls  Network Security,WatchGuard High Availability for M595 - 3-Year (License ONLY; HW SKU: WGM595000),https://www.leadersystems.com.au/Images/NWG-WGM5951603.jpg,Watchguard,WGM5951603,7906.00,10706.00
NWG-WGM3950063,Firewalls  Network Security,WatchGuard Standard Support for Firebox M395 - 3-Year (License ONLY; HW SKU: WGM395000),https://www.leadersystems.com.au/Images/NWG-WGM3950063.jpg,Watchguard,WGM3950063,6178.00,8367.00
NWG-WGM2950081,Firewalls  Network Security,WatchGuard Total Security Suite for Firebox M295 - 1-Year (License ONLY; HW SKU: WGM295000),https://www.leadersystems.com.au/Images/NWG-WGM2950081.jpg,Watchguard,WGM2950081,3295.00,5841.00
NWG-WGM5950083,Firewalls  Network Security,WatchGuard Total Security Suite for Firebox M595 - 3-Year (License ONLY; HW SKU: WGM595000),https://www.leadersystems.com.au/Images/NWG-WGM5950083.jpg,Watchguard,WGM5950083,37609.00,53016.88
NWG-WGM49520803,Cloud  Server Security,WatchGuard APT Blocker 3-yr for Firebox M495,https://www.leadersystems.com.au/Images/NWG-WGM49520803.jpg,Watchguard,WGM49520803,3234.00,5020.00
NWG-WGM39521801,Subscriptions  Licensing,WatchGuard Cloud 1-month data retention for M395 - 1-yr,https://www.leadersystems.com.au/Images/NWG-WGM39521801.jpg,Watchguard,WGM39521801,821.00,1023.00
NWG-WGWESS30401,Endpoint  Mobile Protection,WatchGuard Endpoint Security for Servers  - 1 Year - 251 to 500 licenses,https://www.leadersystems.com.au/Images/NWG-WGWESS30401.jpg,Watchguard,WGWESS30401,96.00,120.00
NWG-WGMDRM30201,Managed Detection  Response (MDR),WatchGuard Core MDR for Microsoft - 1 Year - 51 to 100 licenses,https://www.leadersystems.com.au/Images/NWG-WGMDRM30201.jpg,Watchguard,WGMDRM30201,86.00,102.17
NWG-WGFCT30703,Firewalls  Network Security,WatchGuard FireCloud Total Access   - 3 Year - 5001+ licenses,https://www.leadersystems.com.au/Images/NWG-WGFCT30703.jpg,Watchguard,WGFCT30703,270.00,337.00
NWG-WGFCT30203,Firewalls  Network Security,WatchGuard FireCloud Total Access   - 3 Year - 51 to 100 licenses,https://www.leadersystems.com.au/Images/NWG-WGFCT30203.jpg,Watchguard,WGFCT30203,431.00,537.00
NWG-WGMDRT30103,Managed Detection  Response (MDR),WatchGuard Total MDR - 3 Year - 1 to 50 licenses,https://www.leadersystems.com.au/Images/NWG-WGMDRT30103.jpg,Watchguard,WGMDRT30103,378.00,449.06
NWG-WGMDRT30203,Managed Detection  Response (MDR),WatchGuard Total MDR - 3 Year - 51 to 100 licenses,https://www.leadersystems.com.au/Images/NWG-WGMDRT30203.jpg,Watchguard,WGMDRT30203,334.00,396.79
NWG-WGMDRT30701,Managed Detection  Response (MDR),WatchGuard Total MDR - 1 Year - 5001+ licenses,https://www.leadersystems.com.au/Images/NWG-WGMDRT30701.jpg,Watchguard,WGMDRT30701,70.00,83.16
NWG-WGT1260215,Firewalls  Network Security,Trade Up to WatchGuard Total Security Suite for Firebox T125-W - 5-Year (License ONLY; HW SKU: WGT126000),https://www.leadersystems.com.au/Images/NWG-WGT1260215.jpg,Watchguard,WGT1260215,3936.00,5330.00
NWG-WGT1160065,Firewalls  Network Security,WatchGuard Standard Support for Firebox T115-W - 5-Year (License ONLY; HW SKU: WGT116000),https://www.leadersystems.com.au/Images/NWG-WGT1160065.jpg,Watchguard,WGT1160065,1121.00,1519.00
NWG-WGT116201,Subscriptions  Licensing,WatchGuard Standard Support Renewal 1-yr for Firebox T115-W,https://www.leadersystems.com.au/Images/NWG-WGT116201.jpg,Watchguard,WGT116201,193.00,241.00
NWG-WGT126203,Subscriptions  Licensing,WatchGuard Standard Support Renewal 3-yr for Firebox T125-W,https://www.leadersystems.com.au/Images/NWG-WGT126203.jpg,Watchguard,WGT126203,603.00,752.00
NWG-WGT1260081,Firewalls  Network Security,WatchGuard Total Security Suite for Firebox T125-W - 1-Year (License ONLY; HW SKU: WGT126000),https://www.leadersystems.com.au/Images/NWG-WGT1260081.jpg,Watchguard,WGT1260081,1224.00,1658.00
NWG-WGT126353,Subscriptions  Licensing,WatchGuard Total Security Suite Renewal/Upgrade 3-yr for Firebox T125-W,https://www.leadersystems.com.au/Images/NWG-WGT126353.jpg,Watchguard,WGT126353,2450.00,3053.00
NWG-WGT145341,Subscriptions  Licensing,WatchGuard Basic Security Suite Renewal/Upgrade 1-yr for Firebox T145,https://www.leadersystems.com.au/Images/NWG-WGT145341.jpg,Watchguard,WGT145341,852.00,1062.00
NWG-WGA332000,WatchGuard Blank Appliance,WatchGuard AP332CR Appliance Only – License Not Included (Requires Separate WG License Purchase),https://www.leadersystems.com.au/Images/NWG-WGA332000.jpg,Watchguard,WGA332000,832.00,1157.00
NWG-WGT48000-AU,WatchGuard Blank Appliance,WatchGuard Firebox T45-W-PoE  Appliance Only (AU) – License Not Included (Requires Separate WG License Purchase),https://www.leadersystems.com.au/Images/NWG-WGT48000-AU.jpg,Watchguard,WGT48000-AU,843.00,1220.00
NWG-WGT85000-AU,WatchGuard Blank Appliance,WatchGuard Firebox T85-PoE Appliance Only (AU) – License Not Included (Requires Separate WG License Purchase),https://www.leadersystems.com.au/Images/NWG-WGT85000-AU.jpg,Watchguard,WGT85000-AU,1222.22,1729.00
NWG-WGT490215,Firewalls  Network Security,Trade Up to WatchGuard Total Security Suite for Firebox T45-CW - 5-Year (License ONLY; HW SKU: WGT49000-AU),https://www.leadersystems.com.au/Images/NWG-WGT490215.jpg,Watchguard,WGT490215,7049.00,9546.00
NWG-WGT480213,Firewalls  Network Security,Trade Up to WatchGuard Total Security Suite for Firebox T45-W-PoE - 3-Year (License ONLY; HW SKU: WGT48000-AU),https://www.leadersystems.com.au/Images/NWG-WGT480213.jpg,Watchguard,WGT480213,3594.00,4957.00
NWG-WGT480071,Firewalls  Network Security,WatchGuard Basic Security Suite for Firebox T45-W-PoE - 1-Year (License ONLY; HW SKU: WGT48000-AU),https://www.leadersystems.com.au/Images/NWG-WGT480071.jpg,Watchguard,WGT480071,933.00,1287.00
NWG-WGT125261,Subscriptions  Licensing,WatchGuard Gold Support Renewal/Upgrade 1-yr for Firebox T125,https://www.leadersystems.com.au/Images/NWG-WGT125261.jpg,Watchguard,WGT125261,311.00,388.00
NWG-WGT1450083,Firewalls  Network Security,WatchGuard Total Security Suite for Firebox T145 - 3-Year (License ONLY; HW SKU: WGT145000),https://www.leadersystems.com.au/Images/NWG-WGT1450083.jpg,Watchguard,WGT1450083,3238.00,4385.00
NWG-WGT1450085,Firewalls  Network Security,WatchGuard Total Security Suite for Firebox T145 - 5-Year (License ONLY; HW SKU: WGT145000),https://www.leadersystems.com.au/Images/NWG-WGT1450085.jpg,Watchguard,WGT1450085,5892.00,7979.00
NWG-WGT125351,Subscriptions  Licensing,WatchGuard Total Security Suite Renewal/Upgrade 1-yr for Firebox T125,https://www.leadersystems.com.au/Images/NWG-WGT125351.jpg,Watchguard,WGT125351,852.00,1062.00
NWG-WGT146263,Subscriptions  Licensing,WatchGuard Gold Support Renewal/Upgrade 3-yr for Firebox T145-W,https://www.leadersystems.com.au/Images/NWG-WGT146263.jpg,Watchguard,WGT146263,1567.00,1953.00
NWG-WGT146203,Subscriptions  Licensing,WatchGuard Standard Support Renewal 3-yr for Firebox T145-W,https://www.leadersystems.com.au/Images/NWG-WGT146203.jpg,Watchguard,WGT146203,1045.00,1302.00
NWG-WGT1460083,Firewalls  Network Security,WatchGuard Total Security Suite for Firebox T145-W - 3-Year (License ONLY; HW SKU: WGT146000),https://www.leadersystems.com.au/Images/NWG-WGT1460083.jpg,Watchguard,WGT1460083,3936.00,5330.00
NWG-WGMZTC30505,Subscriptions  Licensing,WatchGuard Managed Zero-Trust - 5-Year - 501 to 1000 Seats,https://www.leadersystems.com.au/Images/NWG-WGMZTC30505.jpg,Watchguard,WGMZTC30505,958.00,1193.00
NWG-WGT1850073,Firewalls  Network Security,WatchGuard Basic Security Suite for Firebox T185 - 3-Year (License ONLY; HW SKU: WGT185000),https://www.leadersystems.com.au/Images/NWG-WGT1850073.jpg,Watchguard,WGT1850073,3867.00,5237.00
NWG-WGT1850075,Firewalls  Network Security,WatchGuard Basic Security Suite for Firebox T185 - 5 -Year (License ONLY; HW SKU: WGT185000),https://www.leadersystems.com.au/Images/NWG-WGT1850075.jpg,Watchguard,WGT1850075,6991.00,9467.00
NWG-WGT18501601,Firewalls  Network Security,WatchGuard  Standard Support for Firebox T185 High Availability - 1-Year (License ONLY; HW SKU: WGT185000),https://www.leadersystems.com.au/Images/NWG-WGT18501601.jpg,Watchguard,WGT18501601,584.00,791.00
NWG-WGT185201,Subscriptions  Licensing,WatchGuard Standard Support Renewal 1-yr for Firebox T185,https://www.leadersystems.com.au/Images/NWG-WGT185201.jpg,Watchguard,WGT185201,659.00,822.00
NWG-WGT18521803,Subscriptions  Licensing,WatchGuard Cloud 1-month data retention for T185 - 3-yr,https://www.leadersystems.com.au/Images/NWG-WGT18521803.jpg,Watchguard,WGT18521803,1418.00,1767.00
NWG-WGZTC30205,Subscriptions  Licensing,WatchGuard Zero-Trust - 5-Year - 51 to 100 Seats,https://www.leadersystems.com.au/Images/NWG-WGZTC30205.jpg,Watchguard,WGZTC30205,892.00,1112.00
NWG-WGZTC30601,Subscriptions  Licensing,WatchGuard Zero-Trust - 1-Year - 1001 to 5000 Seats,https://www.leadersystems.com.au/Images/NWG-WGZTC30601.jpg,Watchguard,WGZTC30601,143.00,179.00
NWG-WGZTC30603,Subscriptions  Licensing,WatchGuard Zero-Trust - 3-Year - 1001 to 5000 Seats,https://www.leadersystems.com.au/Images/NWG-WGZTC30603.jpg,Watchguard,WGZTC30603,343.00,428.00
NWG-WGT470081,Firewalls  Network Security,WatchGuard Total Security Suite for Firebox T45-PoE - 1-Year (License ONLY; HW SKU: WGT47000-AU),https://www.leadersystems.com.au/Images/NWG-WGT470081.jpg,Watchguard,WGT470081,1291.00,1748.00
NWG-WG9027,Watchguard Accessories,WatchGuard Firebox M 3rd Gen Multispeed PoE+ Module with Power Adapter (AU),https://www.leadersystems.com.au/Images/NWG-WG9027.jpg,Watchguard,WG9027,2208.00,2978.00
NWG-WGT260083,Firewalls  Network Security,WatchGuard Total Security Suite for Firebox T25-W - 3-Year (License ONLY; HW SKU: WGT26000),https://www.leadersystems.com.au/Images/NWG-WGT260083.jpg,Watchguard,WGT260083,2117.00,2867.00
NWG-WGT250203,Firewalls  Network Security,Trade Up to WatchGuard Basic Security Suite for Firebox T25 - 3-Year (License ONLY; HW SKU: WGT25000),https://www.leadersystems.com.au/Images/NWG-WGT250203.jpg,Watchguard,WGT250203,725.00,1001.00
NWG-WGT250083,Firewalls  Network Security,WatchGuard Total Security Suite for Firebox T25 - 3-Year (License ONLY; HW SKU: WGT25000),https://www.leadersystems.com.au/Images/NWG-WGT250083.jpg,Watchguard,WGT250083,1755.00,2421.00
NWG-WGM6901601,Firewalls  Network Security,WatchGuard High Availability for M690 - 1-Year (License ONLY; HW SKU: WGM690000),https://www.leadersystems.com.au/Images/NWG-WGM6901601.jpg,Watchguard,WGM6901601,1064.00,1441.00
NWG-WGA23022003,Firewalls  Network Security,USP Wi-Fi Management for WatchGuard AP230W - 3-year (License ONLY; HW SKU: WGA230000),https://www.leadersystems.com.au/Images/NWG-WGA23022003.jpg,Watchguard,WGA23022003,286.00,388.00
NWG-WGM5901601,Firewalls  Network Security,WatchGuard High Availability for M590 - 1-Year (License ONLY; HW SKU: WGM590000),https://www.leadersystems.com.au/Images/NWG-WGM5901601.jpg,Watchguard,WGM5901601,767.00,1039.00
NWG-WGM5900073,Firewalls  Network Security,WatchGuard Basic Security Suite for Firebox M590 - 3-Year (License ONLY; HW SKU: WGM590000),https://www.leadersystems.com.au/Images/NWG-WGM5900073.jpg,Watchguard,WGM5900073,9765.00,13224.00
NWG-WGM5900063,Firewalls  Network Security,WatchGuard Standard Support for Firebox M590 - 3-Year (License ONLY; HW SKU: WGM590000),https://www.leadersystems.com.au/Images/NWG-WGM5900063.jpg,Watchguard,WGM5900063,4622.00,6260.00
NWG-WGM2900213,Firewalls  Network Security,Trade Up to WatchGuard Total Security Suite for Firebox M290 - 3-Year (License ONLY; HW SKU: WGM290000),https://www.leadersystems.com.au/Images/NWG-WGM2900213.jpg,Watchguard,WGM2900213,5561.00,7530.00
NWG-WGA43222001,Firewalls  Network Security,USP Wi-Fi Management for WatchGuard AP432 - 1-year (License ONLY; HW SKU: WGA432000),https://www.leadersystems.com.au/Images/NWG-WGA43222001.jpg,Watchguard,WGA43222001,143.00,194.00
NWG-WGA33222105,Firewalls  Network Security,Standard Wi-Fi Management for WatchGuard AP332CR - 5-year (License ONLY; HW SKU: WGA332000),https://www.leadersystems.com.au/Images/NWG-WGA33222105.jpg,Watchguard,WGA33222105,257.00,349.00
NWG-WGA23022105,Firewalls  Network Security,Standard Wi-Fi Management for WatchGuard AP230W - 5-year (License ONLY; HW SKU: WGA230000),https://www.leadersystems.com.au/Images/NWG-WGA23022105.jpg,Watchguard,WGA23022105,257.00,349.00
NWG-WGM48000211,Firewalls  Network Security,Trade Up to WatchGuard Total Security Suite for Firebox M4800 - 1-Year (License ONLY; HW SKU: WGM48000),https://www.leadersystems.com.au/Images/NWG-WGM48000211.jpg,Watchguard,WGM48000211,19096.00,25858.00
NWG-WGM58000061,Firewalls  Network Security,WatchGuard Standard Support for Firebox M5800 - 1-Year (License ONLY; HW SKU: WGM58000),https://www.leadersystems.com.au/Images/NWG-WGM58000061.jpg,Watchguard,WGM58000061,32460.00,43954.00
NWG-WGM58000071,Firewalls  Network Security,WatchGuard Basic Security Suite for Firebox M5800 - 1-Year (License ONLY; HW SKU: WGM58000),https://www.leadersystems.com.au/Images/NWG-WGM58000071.jpg,Watchguard,WGM58000071,41825.00,85649.00
NWG-WGM48000203,Firewalls  Network Security,Trade Up to WatchGuard Basic Security Suite for Firebox M4800 - 3-Year (License ONLY; HW SKU: WGM48000),https://www.leadersystems.com.au/Images/NWG-WGM48000203.jpg,Watchguard,WGM48000203,23547.00,31885.00
NWG-WGFCT30101,Firewalls  Network Security,WatchGuard FireCloud Total Access  - 1 Year - 1 to 50 licenses,https://www.leadersystems.com.au/Images/NWG-WGFCT30101.jpg,Watchguard,WGFCT30101,163.00,203.00
NWG-WGFCT30601,Firewalls  Network Security,WatchGuard FireCloud Total Access   - 1 Year - 1001 to 5000 licenses,https://www.leadersystems.com.au/Images/NWG-WGFCT30601.jpg,Watchguard,WGFCT30601,102.00,128.00
NWG-WGT116175,Cloud  Server Security,WatchGuard APT Blocker 5-yr for Firebox T115-W,https://www.leadersystems.com.au/Images/NWG-WGT116175.jpg,Watchguard,WGT116175,796.00,992.00
NWG-WGT1160071,Firewalls  Network Security,WatchGuard Basic Security Suite for Firebox T115-W - 1-Year (License ONLY; HW SKU: WGT116000),https://www.leadersystems.com.au/Images/NWG-WGT1160071.jpg,Watchguard,WGT1160071,584.00,791.00
NWG-WGM39540701,Subscriptions  Licensing,WatchGuard Gold Support Renewal/Upgrade 1-yr for Firebox M395,https://www.leadersystems.com.au/Images/NWG-WGM39540701.jpg,Watchguard,WGM39540701,1953.00,2433.00
NWG-WGM59540103,Subscriptions  Licensing,WatchGuard Standard Support Renewal 3-yr for Firebox M595,https://www.leadersystems.com.au/Images/NWG-WGM59540103.jpg,Watchguard,WGM59540103,15061.00,17892.47
NWG-WG9041,Watchguard Accessories,WatchGuard Firebox T185 Rack Kit,https://www.leadersystems.com.au/Images/NWG-WG9041.jpg,Watchguard,WG9041,74.00,99.00
NWG-WGT1260075,Firewalls  Network Security,WatchGuard Basic Security Suite for Firebox T125-W - 5-Year (License ONLY; HW SKU: WGT126000),https://www.leadersystems.com.au/Images/NWG-WGT1260075.jpg,Watchguard,WGT1260075,2483.00,3362.00
NWG-WGT116263,Subscriptions  Licensing,WatchGuard Gold Support Renewal/Upgrade 3-yr for Firebox T115-W,https://www.leadersystems.com.au/Images/NWG-WGT116263.jpg,Watchguard,WGT116263,709.00,884.00
NWG-WGT1260085,Firewalls  Network Security,WatchGuard Total Security Suite for Firebox T125-W - 5-Year (License ONLY; HW SKU: WGT126000),https://www.leadersystems.com.au/Images/NWG-WGT1260085.jpg,Watchguard,WGT1260085,4165.00,5640.00
NWG-WGT126351,Subscriptions  Licensing,WatchGuard Total Security Suite Renewal/Upgrade 1-yr for Firebox T125-W,https://www.leadersystems.com.au/Images/NWG-WGT126351.jpg,Watchguard,WGT126351,1032.00,1286.00
NWG-WGT14521803,Subscriptions  Licensing,WatchGuard Cloud 1-month data retention for T145 - 3-yr,https://www.leadersystems.com.au/Images/NWG-WGT14521803.jpg,Watchguard,WGT14521803,864.00,1077.00
NWG-WGT1450061,Firewalls  Network Security,WatchGuard Standard Support for Firebox T145 - 1-Year (License ONLY; HW SKU: WGT145000),https://www.leadersystems.com.au/Images/NWG-WGT1450061.jpg,Watchguard,WGT1450061,772.00,1046.00
NWG-WGM29540301,Subscriptions  Licensing,WatchGuard Total Security Suite Renewal/Upgrade 1-yr for Firebox M295,https://www.leadersystems.com.au/Images/NWG-WGM29540301.jpg,Watchguard,WGM29540301,3582.00,4912.00
NWG-WGM39540303,Subscriptions  Licensing,WatchGuard Total Security Suite Renewal/Upgrade 3-yr for Firebox M395,https://www.leadersystems.com.au/Images/NWG-WGM39540303.jpg,Watchguard,WGM39540303,16192.00,20172.00
NWG-WGM59540303,Subscriptions  Licensing,WatchGuard Total Security Suite Renewal/Upgrade 3-yr for Firebox M595,https://www.leadersystems.com.au/Images/NWG-WGM59540303.jpg,Watchguard,WGM59540303,40481.00,52003.51
NWG-WGM6950211,Firewalls  Network Security,Trade Up to WatchGuard Total Security Suite for Firebox M695 - 1-Year (License ONLY; HW SKU: WGM695000),https://www.leadersystems.com.au/Images/NWG-WGM6950211.jpg,Watchguard,WGM6950211,16465.00,31126.00
NWG-WGM2950071,Firewalls  Network Security,WatchGuard Basic Security Suite for Firebox M295 - 1-Year (License ONLY; HW SKU: WGM295000),https://www.leadersystems.com.au/Images/NWG-WGM2950071.jpg,Watchguard,WGM2950071,1888.00,3703.00
NWG-WGM5950073,Firewalls  Network Security,WatchGuard Basic Security Suite for Firebox M595 - 3-Year (License ONLY; HW SKU: WGM595000),https://www.leadersystems.com.au/Images/NWG-WGM5950073.jpg,Watchguard,WGM5950073,22128.00,29964.00
NWG-WGM6950073,Firewalls  Network Security,WatchGuard Basic Security Suite for Firebox M695 - 3-Year (License ONLY; HW SKU: WGM695000),https://www.leadersystems.com.au/Images/NWG-WGM6950073.jpg,Watchguard,WGM6950073,28616.00,38748.00
NWG-WGM6950063,Firewalls  Network Security,WatchGuard Standard Support for Firebox M695 - 3-Year (License ONLY; HW SKU: WGM695000),https://www.leadersystems.com.au/Images/NWG-WGM6950063.jpg,Watchguard,WGM6950063,20183.00,27330.00
NWG-WGT1250083,Firewalls  Network Security,WatchGuard Total Security Suite for Firebox T125 - 3-Year (License ONLY; HW SKU: WGT125000),https://www.leadersystems.com.au/Images/NWG-WGT1250083.jpg,Watchguard,WGT1250083,1905.00,2580.00
NWG-WGT145353,Subscriptions  Licensing,WatchGuard Total Security Suite Renewal/Upgrade 3-yr for Firebox T145,https://www.leadersystems.com.au/Images/NWG-WGT145353.jpg,Watchguard,WGT145353,3464.00,4315.00
NWG-WGT1460071,Firewalls  Network Security,WatchGuard Basic Security Suite for Firebox T145-W - 1-Year (License ONLY; HW SKU: WGT146000),https://www.leadersystems.com.au/Images/NWG-WGT1460071.jpg,Watchguard,WGT1460071,1293.00,1751.00
NWG-WGT1460073,Firewalls  Network Security,WatchGuard Basic Security Suite for Firebox T145-W - 3-Year (License ONLY; HW SKU: WGT146000),https://www.leadersystems.com.au/Images/NWG-WGT1460073.jpg,Watchguard,WGT1460073,2346.00,3177.00
NWG-WGT1460063,Firewalls  Network Security,WatchGuard Standard Support for Firebox T145-W - 3-Year (License ONLY; HW SKU: WGT146000),https://www.leadersystems.com.au/Images/NWG-WGT1460063.jpg,Watchguard,WGT1460063,1693.00,2293.00
NWG-WGT1460065,Firewalls  Network Security,WatchGuard Standard Support for Firebox T145-W - 5-Year (License ONLY; HW SKU: WGT146000),https://www.leadersystems.com.au/Images/NWG-WGT1460065.jpg,Watchguard,WGT1460065,2506.00,3393.00
NWG-WGM2950083,Firewalls  Network Security,WatchGuard Total Security Suite for Firebox M295 - 3-Year (License ONLY; HW SKU: WGM295000),https://www.leadersystems.com.au/Images/NWG-WGM2950083.jpg,Watchguard,WGM2950083,8799.00,11915.00
NWG-WGM6950081,Firewalls  Network Security,WatchGuard Total Security Suite for Firebox M695 - 1-Year (License ONLY; HW SKU: WGM695000),https://www.leadersystems.com.au/Images/NWG-WGM6950081.jpg,Watchguard,WGM6950081,18295.00,33124.00
NWG-WG9037,Watchguard Accessories,Redundant Power Supply for WatchGuard Firebox M395/M495/M595/M695,https://www.leadersystems.com.au/Images/NWG-WG9037.jpg,Watchguard,WG9037,502.00,690.00
NWG-WGWESS30601,Endpoint  Mobile Protection,WatchGuard Endpoint Security for Servers  - 1 Year - 1001 to 5000 licenses,https://www.leadersystems.com.au/Images/NWG-WGWESS30601.jpg,Watchguard,WGWESS30601,71.00,89.00
NWG-WGWESS30703,Endpoint  Mobile Protection,WatchGuard Endpoint Security for Servers  - 3 Year - 5001+ licenses,https://www.leadersystems.com.au/Images/NWG-WGWESS30703.jpg,Watchguard,WGWESS30703,148.00,185.00
NWG-WGWESS30203,Endpoint  Mobile Protection,WatchGuard Endpoint Security for Servers  - 3 Year - 51 to 100 licenses,https://www.leadersystems.com.au/Images/NWG-WGWESS30203.jpg,Watchguard,WGWESS30203,290.00,361.00
NWG-WGWESS30701,Endpoint  Mobile Protection,WatchGuard Endpoint Security for Servers  - 1 Year - 5001+ licenses,https://www.leadersystems.com.au/Images/NWG-WGWESS30701.jpg,Watchguard,WGWESS30701,62.00,78.00
NWG-WGTSST30201,Managed Detection  Response (MDR),WatchGuard Total NDR - 1 Year - 51 to 100 licenses,https://www.leadersystems.com.au/Images/NWG-WGTSST30201.jpg,Watchguard,WGTSST30201,108.00,135.00
NWG-WGTSST30301,Managed Detection  Response (MDR),WatchGuard Total NDR - 1 Year - 101 to 250 licenses,https://www.leadersystems.com.au/Images/NWG-WGTSST30301.jpg,Watchguard,WGTSST30301,96.00,120.00
NWG-WGM49540201,Subscriptions  Licensing,WatchGuard Basic Security Suite Renewal/Upgrade 1-yr for Firebox M495,https://www.leadersystems.com.au/Images/NWG-WGM49540201.jpg,Watchguard,WGM49540201,6417.00,8800.00
NWG-WGM59540201,Subscriptions  Licensing,WatchGuard Basic Security Suite Renewal/Upgrade 1-yr for Firebox M595,https://www.leadersystems.com.au/Images/NWG-WGM59540201.jpg,Watchguard,WGM59540201,8967.00,12302.00
NWG-WGZTC30105,Subscriptions  Licensing,WatchGuard Zero-Trust - 5-Year - 1 to 50 Seats,https://www.leadersystems.com.au/Images/NWG-WGZTC30105.jpg,Watchguard,WGZTC30105,1012.00,1262.00
NWG-WGZTC30305,Subscriptions  Licensing,WatchGuard Zero-Trust - 5-Year - 101 to 250 Seats,https://www.leadersystems.com.au/Images/NWG-WGZTC30305.jpg,Watchguard,WGZTC30305,851.00,1061.00
NWG-WGZTC30503,Subscriptions  Licensing,WatchGuard Zero-Trust - 3-Year - 501 to 1000 Seats,https://www.leadersystems.com.au/Images/NWG-WGZTC30503.jpg,Watchguard,WGZTC30503,371.00,462.00
NWG-WGZTC30703,Subscriptions  Licensing,WatchGuard Zero-Trust - 3-Year - 5001+ Seats,https://www.leadersystems.com.au/Images/NWG-WGZTC30703.jpg,Watchguard,WGZTC30703,305.00,380.00
NWG-WGM59540703,Subscriptions  Licensing,WatchGuard Gold Support Renewal/Upgrade 3-yr for Firebox M595,https://www.leadersystems.com.au/Images/NWG-WGM59540703.jpg,Watchguard,WGM59540703,12847.00,16005.00
NWG-WGM69540703,Subscriptions  Licensing,WatchGuard Gold Support Renewal/Upgrade 3-yr for Firebox M695,https://www.leadersystems.com.au/Images/NWG-WGM69540703.jpg,Watchguard,WGM69540703,15844.00,19739.00
NWG-WGM49540301,Subscriptions  Licensing,WatchGuard Total Security Suite Renewal/Upgrade 1-yr for Firebox M495,https://www.leadersystems.com.au/Images/NWG-WGM49540301.jpg,Watchguard,WGM49540301,11006.00,15075.00
NWG-WGM59540301,Subscriptions  Licensing,WatchGuard Total Security Suite Renewal/Upgrade 1-yr for Firebox M595,https://www.leadersystems.com.au/Images/NWG-WGM59540301.jpg,Watchguard,WGM59540301,15334.00,21024.00
NWG-WGM5950203,Firewalls  Network Security,Trade Up to WatchGuard Basic Security Suite for Firebox M595 - 3-Year (License ONLY; HW SKU: WGM595000),https://www.leadersystems.com.au/Images/NWG-WGM5950203.jpg,Watchguard,WGM5950203,17815.00,28229.00
NWG-WGM6950203,Firewalls  Network Security,Trade Up to WatchGuard Basic Security Suite for Firebox M695 - 3-Year (License ONLY; HW SKU: WGM695000),https://www.leadersystems.com.au/Images/NWG-WGM6950203.jpg,Watchguard,WGM6950203,22998.00,36471.00
NWG-WGM4950071,Firewalls  Network Security,WatchGuard Basic Security Suite for Firebox M495 - 1-Year (License ONLY; HW SKU: WGM495000),https://www.leadersystems.com.au/Images/NWG-WGM4950071.jpg,Watchguard,WGM4950071,5904.00,12008.00
NWG-WGM4950073,Firewalls  Network Security,WatchGuard Basic Security Suite for Firebox M495 - 3-Year (License ONLY; HW SKU: WGM495000),https://www.leadersystems.com.au/Images/NWG-WGM4950073.jpg,Watchguard,WGM4950073,15847.00,21458.00
NWG-WGM2950061,Firewalls  Network Security,WatchGuard Standard Support for Firebox M295 - 1-Year (License ONLY; HW SKU: WGM295000),https://www.leadersystems.com.au/Images/NWG-WGM2950061.jpg,Watchguard,WGM2950061,1316.00,2774.00
NWG-WGM2951603,Firewalls  Network Security,WatchGuard  Standard Support for Firebox M295 High Availability - 3-Year (License ONLY; HW SKU: WGM295000),https://www.leadersystems.com.au/Images/NWG-WGM2951603.jpg,Watchguard,WGM2951603,1705.00,2309.00
NWG-WGM3950083,Firewalls  Network Security,WatchGuard Total Security Suite for Firebox M395 - 3-Year (License ONLY; HW SKU: WGM395000),https://www.leadersystems.com.au/Images/NWG-WGM3950083.jpg,Watchguard,WGM3950083,15080.00,20420.00
NWG-WGM4950081,Firewalls  Network Security,WatchGuard Total Security Suite for Firebox M495 - 1-Year (License ONLY; HW SKU: WGM495000),https://www.leadersystems.com.au/Images/NWG-WGM4950081.jpg,Watchguard,WGM4950081,10126.00,18344.00
NWG-WGM69540201,Subscriptions  Licensing,WatchGuard Basic Security Suite Renewal/Upgrade 1-yr for Firebox M695,https://www.leadersystems.com.au/Images/NWG-WGM69540201.jpg,Watchguard,WGM69540201,11578.00,15106.00
NWG-WGM69540203,Subscriptions  Licensing,WatchGuard Basic Security Suite Renewal/Upgrade 3-yr for Firebox M695,https://www.leadersystems.com.au/Images/NWG-WGM69540203.jpg,Watchguard,WGM69540203,27771.00,36177.00
NWG-WGWESS30603,Endpoint  Mobile Protection,WatchGuard Endpoint Security for Servers  - 3 Year - 1001 to 5000 licenses,https://www.leadersystems.com.au/Images/NWG-WGWESS30603.jpg,Watchguard,WGWESS30603,172.00,214.00
NWG-WGWESS30303,Endpoint  Mobile Protection,WatchGuard Endpoint Security for Servers  - 3 Year - 101 to 250 licenses,https://www.leadersystems.com.au/Images/NWG-WGWESS30303.jpg,Watchguard,WGWESS30303,257.00,321.00
NWG-WGESA30103,Endpoint  Mobile Protection,WatchGuard Endpoint Security Basic - 3 Year - 1 to 50 licenses,https://www.leadersystems.com.au/Images/NWG-WGESA30103.jpg,Watchguard,WGESA30103,118.00,147.00
NWG-WGESA30403,Endpoint  Mobile Protection,WatchGuard Endpoint Security Basic - 3 Year - 251 to 500 licenses,https://www.leadersystems.com.au/Images/NWG-WGESA30403.jpg,Watchguard,WGESA30403,83.00,104.00
NWG-WGESB30303,Endpoint  Mobile Protection,WatchGuard Endpoint Security 360 - 3 Year - 101 to 250 licenses,https://www.leadersystems.com.au/Images/NWG-WGESB30303.jpg,Watchguard,WGESB30303,161.00,201.00
NWG-WGESB30601,Endpoint  Mobile Protection,WatchGuard Endpoint Security 360 - 1 Year - 1001 to 5000 licenses,https://www.leadersystems.com.au/Images/NWG-WGESB30601.jpg,Watchguard,WGESB30601,45.00,56.00
NWG-WGESC30203,Endpoint  Mobile Protection,WatchGuard Endpoint Security Elite - 3 Year - 51 to 100 licenses,https://www.leadersystems.com.au/Images/NWG-WGESC30203.jpg,Watchguard,WGESC30203,234.00,293.00
NWG-WGESC30503,Endpoint  Mobile Protection,WatchGuard Endpoint Security Elite - 3 Year - 501 to 1000 licenses,https://www.leadersystems.com.au/Images/NWG-WGESC30503.jpg,Watchguard,WGESC30503,160.00,200.00
NWG-WGWEDP30403,Endpoint  Mobile Protection,WatchGuard Endpoint Security Prime - 3 Year - 251 to 500 licenses,https://www.leadersystems.com.au/Images/NWG-WGWEDP30403.jpg,Watchguard,WGWEDP30403,103.00,129.00
NWG-WGMDRO30103,Managed Detection  Response (MDR),WatchGuard Open MDR  - 3 Year - 1 to 50 licenses,https://www.leadersystems.com.au/Images/NWG-WGMDRO30103.jpg,Watchguard,WGMDRO30103,544.00,646.27
NWG-WGMDRO30601,Managed Detection  Response (MDR),WatchGuard Open MDR  - 1 Year - 1001 to 5000 licenses,https://www.leadersystems.com.au/Images/NWG-WGMDRO30601.jpg,Watchguard,WGMDRO30601,112.00,133.06
NWG-WGTSO30101,Cloud  Server Security,WatchGuard ThreatSync Open - 1 Year - 1 to 50 licenses,https://www.leadersystems.com.au/Images/NWG-WGTSO30101.jpg,Watchguard,WGTSO30101,19.00,24.00
NWG-WGTSO30220,Cloud  Server Security,WatchGuard ThreatSync Open - Monthly Subscription - 51 to 100 licenses,https://www.leadersystems.com.au/Images/NWG-WGTSO30220.jpg,Watchguard,WGTSO30220,62.00,79.00
NWG-WGTSO30505,Cloud  Server Security,WatchGuard ThreatSync Open - 5 year - 501 to 1000 licenses,https://www.leadersystems.com.au/Images/NWG-WGTSO30505.jpg,Watchguard,WGTSO30505,58.00,73.00
NWG-WGTSO30703,Cloud  Server Security,WatchGuard ThreatSync Open - 3 Year - 5001+ licenses,https://www.leadersystems.com.au/Images/NWG-WGTSO30703.jpg,Watchguard,WGTSO30703,25.00,31.00
NWG-WGMDRT30703,Managed Detection  Response (MDR),WatchGuard Total MDR - 3 Year - 5001+ licenses,https://www.leadersystems.com.au/Images/NWG-WGMDRT30703.jpg,Watchguard,WGMDRT30703,209.00,248.29
NWG-WGMDRT30101,Managed Detection  Response (MDR),WatchGuard Total MDR - 1 Year - 1 to 50 licenses,https://www.leadersystems.com.au/Images/NWG-WGMDRT30101.jpg,Watchguard,WGMDRT30101,126.00,149.69
NWG-WGMZTC30503,Subscriptions  Licensing,WatchGuard Managed Zero-Trust - 3-Year - 501 to 1000 Seats,https://www.leadersystems.com.au/Images/NWG-WGMZTC30503.jpg,Watchguard,WGMZTC30503,522.00,651.00
NWG-WGZTC30505,Subscriptions  Licensing,WatchGuard Zero-Trust - 5-Year - 501 to 1000 Seats,https://www.leadersystems.com.au/Images/NWG-WGZTC30505.jpg,Watchguard,WGZTC30505,679.00,846.00
NWG-WGZTC30605,Subscriptions  Licensing,WatchGuard Zero-Trust - 5-Year - 1001 to 5000 Seats,https://www.leadersystems.com.au/Images/NWG-WGZTC30605.jpg,Watchguard,WGZTC30605,629.00,784.00
NWG-WGZTC30201,Subscriptions  Licensing,WatchGuard Zero-Trust - 1-Year - 51 to 100 Seats,https://www.leadersystems.com.au/Images/NWG-WGZTC30201.jpg,Watchguard,WGZTC30201,203.00,253.00
NWG-WGZTC30301,Subscriptions  Licensing,WatchGuard Zero-Trust - 1-Year - 101 to 250 Seats,https://www.leadersystems.com.au/Images/NWG-WGZTC30301.jpg,Watchguard,WGZTC30301,193.00,241.00
NWG-WGT146043,Firewalls  Network Security,WatchGuard Firebox T145-W for Certified Engineers,https://www.leadersystems.com.au/Images/NWG-WGT146043.jpg,Watchguard,WGT146043,0.00,0.00
NWG-WGCDR30701,Cloud  Server Security,WatchGuard CloudDR - 1 Year - 5001+ licenses,https://www.leadersystems.com.au/Images/NWG-WGCDR30701.jpg,Watchguard,WGCDR30701,4546.00,5768.00
NWG-WGCDR30503,Cloud  Server Security,WatchGuard CloudDR - 3 Year - 501 to 1000 licenses,https://www.leadersystems.com.au/Images/NWG-WGCDR30503.jpg,Watchguard,WGCDR30503,4546.00,5768.00
NWG-WGCDR30505,Cloud  Server Security,WatchGuard CloudDR - 5 Year - 501 to 1000 licenses,https://www.leadersystems.com.au/Images/NWG-WGCDR30505.jpg,Watchguard,WGCDR30505,4546.00,5768.00
NWG-WGCDR39900,Cloud  Server Security,WatchGuard CloudDR - Monthly Subscription - Provisioning,https://www.leadersystems.com.au/Images/NWG-WGCDR39900.jpg,Watchguard,WGCDR39900,4546.00,5768.00
NWG-WGT1850205,Firewalls  Network Security,Trade Up to WatchGuard Basic Security Suite for Firebox T185 - 5-Year (License ONLY; HW SKU: WGT185000),https://www.leadersystems.com.au/Images/NWG-WGT1850205.jpg,Watchguard,WGT1850205,6602.00,8940.00
NWG-WGT1850213,Firewalls  Network Security,Trade Up to WatchGuard Total Security Suite for Firebox T185 - 3-Year (License ONLY; HW SKU: WGT185000),https://www.leadersystems.com.au/Images/NWG-WGT1850213.jpg,Watchguard,WGT1850213,6178.00,8367.00
NWG-WGT185351,Subscriptions  Licensing,WatchGuard Total Security Suite Renewal/Upgrade 1-yr for Firebox T185,https://www.leadersystems.com.au/Images/NWG-WGT185351.jpg,Watchguard,WGT185351,2916.00,3634.00
NWG-WGFCT30103,Firewalls  Network Security,WatchGuard FireCloud Total Access   - 3 Year - 1 to 50 licenses,https://www.leadersystems.com.au/Images/NWG-WGFCT30103.jpg,Watchguard,WGFCT30103,489.00,609.00
NWG-WGFCT30303,Firewalls  Network Security,WatchGuard FireCloud Total Access   - 3 Year - 101 to 250 licenses,https://www.leadersystems.com.au/Images/NWG-WGFCT30303.jpg,Watchguard,WGFCT30303,414.00,516.00
NWG-WGT1160203,Firewalls  Network Security,Trade Up to WatchGuard Basic Security Suite for Firebox T115-W - 3-Year (License ONLY; HW SKU: WGT116000),https://www.leadersystems.com.au/Images/NWG-WGT1160203.jpg,Watchguard,WGT1160203,995.00,1348.00
NWG-WGT1160211,Firewalls  Network Security,Trade Up to WatchGuard Total Security Suite for Firebox T115-W - 1-Year (License ONLY; HW SKU: WGT116000),https://www.leadersystems.com.au/Images/NWG-WGT1160211.jpg,Watchguard,WGT1160211,904.00,1224.00
NWG-WGT116000,WatchGuard Blank Appliance,WatchGuard Firebox T115-W Appliance Only – License Not Included (Requires Separate WG License Purchase),https://www.leadersystems.com.au/Images/NWG-WGT116000.jpg,Watchguard,WGT116000,283.00,346.00
NWG-WGT126171,Cloud  Server Security,WatchGuard APT Blocker 1-yr for Firebox T125-W,https://www.leadersystems.com.au/Images/NWG-WGT126171.jpg,Watchguard,WGT126171,230.00,287.00
NWG-WGT126175,Cloud  Server Security,WatchGuard APT Blocker 5-yr for Firebox T125-W,https://www.leadersystems.com.au/Images/NWG-WGT126175.jpg,Watchguard,WGT126175,1020.00,1271.00
NWG-WGT126000,WatchGuard Blank Appliance,WatchGuard Firebox T125-W Appliance Only – License Not Included (Requires Separate WG License Purchase),https://www.leadersystems.com.au/Images/NWG-WGT126000.jpg,Watchguard,WGT126000,376.00,472.00
NWG-WGT126263,Subscriptions  Licensing,WatchGuard Gold Support Renewal/Upgrade 3-yr for Firebox T125-W,https://www.leadersystems.com.au/Images/NWG-WGT126263.jpg,Watchguard,WGT126263,908.00,1131.00
NWG-WGT1160081,Firewalls  Network Security,WatchGuard Total Security Suite for Firebox T115-W - 1-Year (License ONLY; HW SKU: WGT116000),https://www.leadersystems.com.au/Images/NWG-WGT1160081.jpg,Watchguard,WGT1160081,950.00,1286.00
NWG-WGCR20105,Firewalls  Network Security,WatchGuard Compliance Reporting - 5 Year - 1 to 50 licenses,https://www.leadersystems.com.au/Images/NWG-WGCR20105.jpg,Watchguard,WGCR20105,30.00,39.00
NWG-WGCR20302,Firewalls  Network Security,WatchGuard Compliance Reporting - 2 Year - 101 to 250 licenses,https://www.leadersystems.com.au/Images/NWG-WGCR20302.jpg,Watchguard,WGCR20302,30.00,39.00
NWG-WGCR20402,Firewalls  Network Security,WatchGuard Compliance Reporting - 2 Year - 251 to 500 licenses,https://www.leadersystems.com.au/Images/NWG-WGCR20402.jpg,Watchguard,WGCR20402,30.00,39.00
NWG-WGATH30702,Identity  Access Security,WatchGuard AuthPoint MFA - 2 Year - 5001+ Users,https://www.leadersystems.com.au/Images/NWG-WGATH30702.jpg,Watchguard,WGATH30702,33.00,45.00
NWG-WGCR20504,Firewalls  Network Security,WatchGuard Compliance Reporting - 4 Year - 501 to 1000 licenses,https://www.leadersystems.com.au/Images/NWG-WGCR20504.jpg,Watchguard,WGCR20504,30.00,39.00
NWG-WGCR20605,Firewalls  Network Security,WatchGuard Compliance Reporting - 5 Year - 1001 to 5000 licenses,https://www.leadersystems.com.au/Images/NWG-WGCR20605.jpg,Watchguard,WGCR20605,30.00,39.00
NWG-WGMDR30404,Firewalls  Network Security,WatchGuard Core MDR - 4 Year - 251 to 500 licenses,https://www.leadersystems.com.au/Images/NWG-WGMDR30404.jpg,Watchguard,WGMDR30404,30.00,39.00
NWG-WGCLG005,Firewalls  Network Security,WatchGuard Firebox Cloud Large with 5-yr Standard Support,https://www.leadersystems.com.au/Images/NWG-WGCLG005.jpg,Watchguard,WGCLG005,9401.00,12965.00
NWG-WGESA30101,Endpoint  Mobile Protection,WatchGuard Endpoint Security Basic - 1 Year - 1 to 50 licenses,https://www.leadersystems.com.au/Images/NWG-WGESA30101.jpg,Watchguard,WGESA30101,49.00,62.00
NWG-WGESA30201,Endpoint  Mobile Protection,WatchGuard Endpoint Security Basic - 1 Year - 51 to 100 licenses,https://www.leadersystems.com.au/Images/NWG-WGESA30201.jpg,Watchguard,WGESA30201,43.00,54.00
NWG-WGESA30503,Endpoint  Mobile Protection,WatchGuard Endpoint Security Basic - 3 Year - 501 to 1000 licenses,https://www.leadersystems.com.au/Images/NWG-WGESA30503.jpg,Watchguard,WGESA30503,71.00,89.00
NWG-WGESB30603,Endpoint  Mobile Protection,WatchGuard Endpoint Security 360 - 3 Year - 1001 to 5000 licenses,https://www.leadersystems.com.au/Images/NWG-WGESB30603.jpg,Watchguard,WGESB30603,107.00,134.00
NWG-WGESB30701,Endpoint  Mobile Protection,WatchGuard Endpoint Security 360 - 1 Year - 5001+ licenses,https://www.leadersystems.com.au/Images/NWG-WGESB30701.jpg,Watchguard,WGESB30701,39.00,49.00
NWG-WGESC30201,Endpoint  Mobile Protection,WatchGuard Endpoint Security Elite - 1 Year - 51 to 100 licenses,https://www.leadersystems.com.au/Images/NWG-WGESC30201.jpg,Watchguard,WGESC30201,98.00,122.00
NWG-WGESC30301,Endpoint  Mobile Protection,WatchGuard Endpoint Security Elite - 1 Year - 101 to 250 licenses,https://www.leadersystems.com.au/Images/NWG-WGESC30301.jpg,Watchguard,WGESC30301,86.00,108.00
NWG-WGWEDP30401,Endpoint  Mobile Protection,WatchGuard Endpoint Security Prime - 1 Year - 251 to 500 licenses,https://www.leadersystems.com.au/Images/NWG-WGWEDP30401.jpg,Watchguard,WGWEDP30401,43.00,55.00
NWG-WGT1250211,Firewalls  Network Security,Trade Up to WatchGuard Total Security Suite for Firebox T125 - 1-Year (License ONLY; HW SKU: WGT125000),https://www.leadersystems.com.au/Images/NWG-WGT1250211.jpg,Watchguard,WGT1250211,938.00,1271.00
NWG-WGT126201,Subscriptions  Licensing,WatchGuard Standard Support Renewal 1-yr for Firebox T125-W,https://www.leadersystems.com.au/Images/NWG-WGT126201.jpg,Watchguard,WGT126201,249.00,310.00
NWG-WGT1450203,Firewalls  Network Security,Trade Up to WatchGuard Basic Security Suite for Firebox T145 - 3-Year (License ONLY; HW SKU: WGT145000),https://www.leadersystems.com.au/Images/NWG-WGT1450203.jpg,Watchguard,WGT1450203,1802.00,2441.00
NWG-WGT1450205,Firewalls  Network Security,Trade Up to WatchGuard Basic Security Suite for Firebox T145 - 5-Year (License ONLY; HW SKU: WGT145000),https://www.leadersystems.com.au/Images/NWG-WGT1450205.jpg,Watchguard,WGT1450205,3278.00,4439.00
NWG-WGT1450075,Firewalls  Network Security,WatchGuard Basic Security Suite for Firebox T145 - 5-Year (License ONLY; HW SKU: WGT145000),https://www.leadersystems.com.au/Images/NWG-WGT1450075.jpg,Watchguard,WGT1450075,3467.00,4695.00
NWG-WGT12521801,Subscriptions  Licensing,WatchGuard Cloud 1-month data retention for T125 - 1-yr,https://www.leadersystems.com.au/Images/NWG-WGT12521801.jpg,Watchguard,WGT12521801,137.00,171.00
NWG-WGT145263,Subscriptions  Licensing,WatchGuard Gold Support Renewal/Upgrade 3-yr for Firebox T145,https://www.leadersystems.com.au/Images/NWG-WGT145263.jpg,Watchguard,WGT145263,1293.00,1612.00
NWG-WGWEDP30603,Endpoint  Mobile Protection,WatchGuard Endpoint Security Prime - 3 Year - 1001 to 5000 licenses,https://www.leadersystems.com.au/Images/NWG-WGWEDP30603.jpg,Watchguard,WGWEDP30603,76.00,96.00
NWG-WGWEDP30701,Endpoint  Mobile Protection,WatchGuard Endpoint Security Prime - 1 Year - 5001+ licenses,https://www.leadersystems.com.au/Images/NWG-WGWEDP30701.jpg,Watchguard,WGWEDP30701,28.00,36.00
NWG-WGMDRM30105,Managed Detection  Response (MDR),WatchGuard Core MDR for Microsoft - 5 Year - 1 to 50 licenses,https://www.leadersystems.com.au/Images/NWG-WGMDRM30105.jpg,Watchguard,WGMDRM30105,95.00,117.00
NWG-WGMDRM30205,Managed Detection  Response (MDR),WatchGuard Core MDR for Microsoft - 5 Year - 51 to 100 licenses,https://www.leadersystems.com.au/Images/NWG-WGMDRM30205.jpg,Watchguard,WGMDRM30205,95.00,117.00
NWG-WGMDRM30305,Managed Detection  Response (MDR),WatchGuard Core MDR for Microsoft - 5 Year - 101 to 250 licenses,https://www.leadersystems.com.au/Images/NWG-WGMDRM30305.jpg,Watchguard,WGMDRM30305,95.00,117.00
NWG-WGMDRM30705,Managed Detection  Response (MDR),WatchGuard Core MDR for Microsoft - 5 Year - 5001+ licenses,https://www.leadersystems.com.au/Images/NWG-WGMDRM30705.jpg,Watchguard,WGMDRM30705,95.00,117.00
NWG-WGMDRO30202,Managed Detection  Response (MDR),Watchguard Open MDR- 2 Year - 51 to 100 licenses,https://www.leadersystems.com.au/Images/NWG-WGMDRO30202.jpg,Watchguard,WGMDRO30202,174.00,212.00
NWG-WGMDRO30404,Managed Detection  Response (MDR),Watchguard Open MDR- 4 Year - 251 to 500 licenses,https://www.leadersystems.com.au/Images/NWG-WGMDRO30404.jpg,Watchguard,WGMDRO30404,174.00,212.00
NWG-WGMDRO30605,Managed Detection  Response (MDR),Watchguard Open MDR- 5 Year - 1001 to 5000 licenses,https://www.leadersystems.com.au/Images/NWG-WGMDRO30605.jpg,Watchguard,WGMDRO30605,174.00,212.00
NWG-WGAP13022002,Firewalls  Network Security,USP Wi-Fi Management for WatchGuard AP130 - 2-year,https://www.leadersystems.com.au/Images/NWG-WGAP13022002.jpg,Watchguard,WGAP13022002,143.00,194.00
NWG-WGCLG172,Cloud  Server Security,WatchGuard APT Blocker 2-yr for Firebox Cloud Large,https://www.leadersystems.com.au/Images/NWG-WGCLG172.jpg,Watchguard,WGCLG172,2267.00,2876.00
NWG-WGCLG522,Subscriptions  Licensing,WatchGuard Cloud 1-month data retention for Firebox Cloud Large - 2-yr,https://www.leadersystems.com.au/Images/NWG-WGCLG522.jpg,Watchguard,WGCLG522,2267.00,2876.00
NWG-WGCLG642,Firewalls  Network Security,WatchGuard Firebox Cloud Large with 2-yr Total Security Suite,https://www.leadersystems.com.au/Images/NWG-WGCLG642.jpg,Watchguard,WGCLG642,14558.00,20075.00
NWG-WGCME032,Firewalls  Network Security,WatchGuard Firebox Cloud Medium with 2-yr Basic Security Suite,https://www.leadersystems.com.au/Images/NWG-WGCME032.jpg,Watchguard,WGCME032,4405.00,5965.00
NWG-WGT1250065,Firewalls  Network Security,WatchGuard Standard Support for Firebox T125 - 5-Year (License ONLY; HW SKU: WGT125000),https://www.leadersystems.com.au/Images/NWG-WGT1250065.jpg,Watchguard,WGT1250065,1190.00,1612.00
NWG-WGT125201,Subscriptions  Licensing,WatchGuard Standard Support Renewal 1-yr for Firebox T125,https://www.leadersystems.com.au/Images/NWG-WGT125201.jpg,Watchguard,WGT125201,205.00,256.00
NWG-WGT125203,Subscriptions  Licensing,WatchGuard Standard Support Renewal 3-yr for Firebox T125,https://www.leadersystems.com.au/Images/NWG-WGT125203.jpg,Watchguard,WGT125203,497.00,620.00
NWG-WG9032,Watchguard Accessories,WatchGuard Firebox T125/T145 Rack Kit,https://www.leadersystems.com.au/Images/NWG-WG9032.jpg,Watchguard,WG9032,74.00,99.00
NWG-WGT1460211,Firewalls  Network Security,Trade Up to WatchGuard Total Security Suite for Firebox T145-W - 1-Year (License ONLY; HW SKU: WGT146000),https://www.leadersystems.com.au/Images/NWG-WGT1460211.jpg,Watchguard,WGT1460211,1876.00,2541.00
NWG-WGT146351,Subscriptions  Licensing,WatchGuard Total Security Suite Renewal/Upgrade 1-yr for Firebox T145-W,https://www.leadersystems.com.au/Images/NWG-WGT146351.jpg,Watchguard,WGT146351,1754.00,2185.00
NWG-WGCME644,Firewalls  Network Security,WatchGuard Firebox Cloud Medium with 4-yr Total Security Suite,https://www.leadersystems.com.au/Images/NWG-WGCME644.jpg,Watchguard,WGCME644,4405.00,5965.00
NWG-WGCSM035,Firewalls  Network Security,WatchGuard Firebox Cloud Small with 5-yr Basic Security Suite,https://www.leadersystems.com.au/Images/NWG-WGCSM035.jpg,Watchguard,WGCSM035,4405.00,5965.00
NWG-WGAP33222101,Firewalls  Network Security,Standard Wi-Fi Management for WatchGuard AP332CR - 1-year,https://www.leadersystems.com.au/Images/NWG-WGAP33222101.jpg,Watchguard,WGAP33222101,86.00,117.00
NWG-WGAP43222102,Firewalls  Network Security,Standard Wi-Fi Management for WatchGuard AP432 - 2-year,https://www.leadersystems.com.au/Images/NWG-WGAP43222102.jpg,Watchguard,WGAP43222102,86.00,117.00
NWG-WGAP23022002,Firewalls  Network Security,USP Wi-Fi Management for WatchGuard AP230W - 2-year,https://www.leadersystems.com.au/Images/NWG-WGAP23022002.jpg,Watchguard,WGAP23022002,143.00,194.00
NWG-WGAP33022004,Firewalls  Network Security,USP Wi-Fi Management for WatchGuard AP330 - 4-year,https://www.leadersystems.com.au/Images/NWG-WGAP33022004.jpg,Watchguard,WGAP33022004,143.00,194.00
NWG-WGAP43022001,Firewalls  Network Security,USP Wi-Fi Management for WatchGuard AP430CR - 1-year,https://www.leadersystems.com.au/Images/NWG-WGAP43022001.jpg,Watchguard,WGAP43022001,143.00,194.00
NWG-WGAP43222002,Firewalls  Network Security,USP Wi-Fi Management for WatchGuard AP432 - 2-year,https://www.leadersystems.com.au/Images/NWG-WGAP43222002.jpg,Watchguard,WGAP43222002,143.00,194.00
NWG-WGWESS30702,Endpoint  Mobile Protection,WatchGuard Endpoint Security for Servers  - 2 Year - 5001+ licenses,https://www.leadersystems.com.au/Images/NWG-WGWESS30702.jpg,Watchguard,WGWESS30702,137.00,171.00
NWG-WGWESS30304,Endpoint  Mobile Protection,WatchGuard Endpoint Security for Servers  - 4 Year - 101 to 250 licenses,https://www.leadersystems.com.au/Images/NWG-WGWESS30304.jpg,Watchguard,WGWESS30304,137.00,171.00
NWG-WGWESS30102,Endpoint  Mobile Protection,WatchGuard Endpoint Security for Servers  - 2 Year - 1 to 50 licenses,https://www.leadersystems.com.au/Images/NWG-WGWESS30102.jpg,Watchguard,WGWESS30102,137.00,171.00
NWG-WGT18501604,Firewalls  Network Security,WatchGuard  Standard Support for Firebox T185 High Availability - 4-Year,https://www.leadersystems.com.au/Images/NWG-WGT18501604.jpg,Watchguard,WGT18501604,584.00,791.00
NWG-WGDNS30302,Cloud  Server Security,WatchGuard DNSWatchGO - 2 Year - 101 to 250 Users,https://www.leadersystems.com.au/Images/NWG-WGDNS30302.jpg,Watchguard,WGDNS30302,47.00,59.00
NWG-WGDNS30602,Cloud  Server Security,WatchGuard DNSWatchGO - 2 Year - 1001 to 5000 Users,https://www.leadersystems.com.au/Images/NWG-WGDNS30602.jpg,Watchguard,WGDNS30602,47.00,59.00
NWG-WGENCR30105,Endpoint  Mobile Protection,Full Encryption - 5 Year - 1 to 50 licenses,https://www.leadersystems.com.au/Images/NWG-WGENCR30105.jpg,Watchguard,WGENCR30105,22.00,28.00
NWG-WGENCR30402,Endpoint  Mobile Protection,Full Encryption - 2 Year - 251 to 500 licenses,https://www.leadersystems.com.au/Images/NWG-WGENCR30402.jpg,Watchguard,WGENCR30402,22.00,28.00
NWG-WGENCR30502,Endpoint  Mobile Protection,Full Encryption - 2 Year - 501 to 1000 licenses,https://www.leadersystems.com.au/Images/NWG-WGENCR30502.jpg,Watchguard,WGENCR30502,22.00,28.00
NWG-WGENCR30704,Endpoint  Mobile Protection,Full Encryption - 4 Year - 5001+ licenses,https://www.leadersystems.com.au/Images/NWG-WGENCR30704.jpg,Watchguard,WGENCR30704,22.00,28.00
NWG-WGESA30204,Endpoint  Mobile Protection,WatchGuard Endpoint Security Basic - 4 Year - 51 to 100 licenses,https://www.leadersystems.com.au/Images/NWG-WGESA30204.jpg,Watchguard,WGESA30204,49.00,62.00
NWG-WGT145172,Cloud  Server Security,WatchGuard APT Blocker 2-yr for Firebox T145,https://www.leadersystems.com.au/Images/NWG-WGT145172.jpg,Watchguard,WGT145172,342.00,427.00
NWG-WGESA30504,Endpoint  Mobile Protection,WatchGuard Endpoint Security Basic - 4 Year - 501 to 1000 licenses,https://www.leadersystems.com.au/Images/NWG-WGESA30504.jpg,Watchguard,WGESA30504,49.00,62.00
NWG-WGESA30705,Endpoint  Mobile Protection,WatchGuard Endpoint Security Basic - 5 Year - 5001+ licenses,https://www.leadersystems.com.au/Images/NWG-WGESA30705.jpg,Watchguard,WGESA30705,49.00,62.00
NWG-WGESB30505,Endpoint  Mobile Protection,WatchGuard Endpoint Security 360 - 5 Year - 501 to 1000 licenses,https://www.leadersystems.com.au/Images/NWG-WGESB30505.jpg,Watchguard,WGESB30505,86.00,107.00
NWG-WGESB30704,Endpoint  Mobile Protection,WatchGuard Endpoint Security 360 - 4 Year - 5001+ licenses,https://www.leadersystems.com.au/Images/NWG-WGESB30704.jpg,Watchguard,WGESB30704,86.00,107.00
NWG-WGT49174,Cloud  Server Security,WatchGuard APT Blocker 4-yr for Firebox T45-CW,https://www.leadersystems.com.au/Images/NWG-WGT49174.jpg,Watchguard,WGT49174,342.00,427.00
NWG-WGESC30305,Endpoint  Mobile Protection,WatchGuard Endpoint Security Elite - 5 Year - 101 to 250 licenses,https://www.leadersystems.com.au/Images/NWG-WGESC30305.jpg,Watchguard,WGESC30305,111.00,138.00
NWG-WGWEDP30205,Endpoint  Mobile Protection,WatchGuard Endpoint Security Prime - 5 Year - 51 to 100 licenses,https://www.leadersystems.com.au/Images/NWG-WGWEDP30205.jpg,Watchguard,WGWEDP30205,61.00,77.00
NWG-WGT1260074,Firewalls  Network Security,WatchGuard Basic Security Suite for Firebox T125-W - 4-Year,https://www.leadersystems.com.au/Images/NWG-WGT1260074.jpg,Watchguard,WGT1260074,601.00,814.00
NWG-WGESC30705,Endpoint  Mobile Protection,WatchGuard Endpoint Security Elite - 5 Year - 5001+ licenses,https://www.leadersystems.com.au/Images/NWG-WGESC30705.jpg,Watchguard,WGESC30705,111.00,138.00
NWG-WGT1850072,Firewalls  Network Security,WatchGuard Basic Security Suite for Firebox T185 - 2-Year,https://www.leadersystems.com.au/Images/NWG-WGT1850072.jpg,Watchguard,WGT1850072,601.00,814.00
NWG-WGWEDP30702,Endpoint  Mobile Protection,WatchGuard Endpoint Security Prime - 2 Year - 5001+ licenses,https://www.leadersystems.com.au/Images/NWG-WGWEDP30702.jpg,Watchguard,WGWEDP30702,61.00,77.00
NWG-WGVSM002,Firewalls  Network Security,WatchGuard FireboxV Small with 2-yr Standard Support,https://www.leadersystems.com.au/Images/NWG-WGVSM002.jpg,Watchguard,WGVSM002,2918.00,3951.00
NWG-WGVSM644,Firewalls  Network Security,WatchGuard FireboxV Small with 4-yr Total Security Suite,https://www.leadersystems.com.au/Images/NWG-WGVSM644.jpg,Watchguard,WGVSM644,2918.00,3951.00
NWG-WGVXL035,Firewalls  Network Security,WatchGuard FireboxV X-Large with 5-yr Basic Security Suite,https://www.leadersystems.com.au/Images/NWG-WGVXL035.jpg,Watchguard,WGVXL035,18740.00,25843.00
NWG-WGVXL175,Firewalls  Network Security,WatchGuard APT Blocker 5-yr for FireboxV X-Large,https://www.leadersystems.com.au/Images/NWG-WGVXL175.jpg,Watchguard,WGVXL175,18740.00,25843.00
NWG-WGFCI30304,Firewalls  Network Security,WatchGuard FireCloud Internet Access - 4 Year - 101 to 250 licenses,https://www.leadersystems.com.au/Images/NWG-WGFCI30304.jpg,Watchguard,WGFCI30304,106.00,132.00
NWG-WGFCI30505,Firewalls  Network Security,WatchGuard FireCloud Internet Access - 5 Year - 501 to 1000 licenses,https://www.leadersystems.com.au/Images/NWG-WGFCI30505.jpg,Watchguard,WGFCI30505,106.00,132.00
NWG-WGFCI30702,Firewalls  Network Security,WatchGuard FireCloud Internet Access - 2 Year - 5001+ licenses,https://www.leadersystems.com.au/Images/NWG-WGFCI30702.jpg,Watchguard,WGFCI30702,106.00,132.00
NWG-WGT12621804,Subscriptions  Licensing,WatchGuard Cloud 1-month data retention for T125-W - 4-yr,https://www.leadersystems.com.au/Images/NWG-WGT12621804.jpg,Watchguard,WGT12621804,137.00,171.00
NWG-WGN29022202,Managed Detection  Response (MDR),WatchGuard NDR for Firebox M290 - 2 Year,https://www.leadersystems.com.au/Images/NWG-WGN29022202.jpg,Watchguard,WGN29022202,123.00,153.00
NWG-WGN39522202,Managed Detection  Response (MDR),WatchGuard NDR for Firebox M395 - 2 Year,https://www.leadersystems.com.au/Images/NWG-WGN39522202.jpg,Watchguard,WGN39522202,123.00,153.00
NWG-WGFCT30304,Firewalls  Network Security,WatchGuard FireCloud Total Access  - 4 Year - 101 to 250 licenses,https://www.leadersystems.com.au/Images/NWG-WGFCT30304.jpg,Watchguard,WGFCT30304,163.00,203.00
NWG-WGFCT30505,Firewalls  Network Security,WatchGuard FireCloud Total Access  - 5 Year - 501 to 1000 licenses,https://www.leadersystems.com.au/Images/NWG-WGFCT30505.jpg,Watchguard,WGFCT30505,163.00,203.00
NWG-WGMDRO30301,Managed Detection  Response (MDR),WatchGuard Open MDR  - 1 Year - 101 to 250 licenses,https://www.leadersystems.com.au/Images/NWG-WGMDRO30301.jpg,Watchguard,WGMDRO30301,143.00,169.88
NWG-WGMDRO30303,Managed Detection  Response (MDR),WatchGuard Open MDR  - 3 Year - 101 to 250 licenses,https://www.leadersystems.com.au/Images/NWG-WGMDRO30303.jpg,Watchguard,WGMDRO30303,430.00,510.84
NWG-WGN59022204,Managed Detection  Response (MDR),WatchGuard NDR for Firebox M590 - 4 Year,https://www.leadersystems.com.au/Images/NWG-WGN59022204.jpg,Watchguard,WGN59022204,123.00,153.00
NWG-WGN69022204,Managed Detection  Response (MDR),WatchGuard NDR for Firebox M690  - 4 Year,https://www.leadersystems.com.au/Images/NWG-WGN69022204.jpg,Watchguard,WGN69022204,123.00,153.00
NWG-WGN14522202,Managed Detection  Response (MDR),WatchGuard NDR for Firebox T145 - 2 Year,https://www.leadersystems.com.au/Images/NWG-WGN14522202.jpg,Watchguard,WGN14522202,123.00,153.00
NWG-WGN4522202,Managed Detection  Response (MDR),WatchGuard NDR for Firebox T45 - 2 Year,https://www.leadersystems.com.au/Images/NWG-WGN4522202.jpg,Watchguard,WGN4522202,123.00,153.00
NWG-WGT1450062,Firewalls  Network Security,WatchGuard Standard Support for Firebox T145 - 2-Year,https://www.leadersystems.com.au/Images/NWG-WGT1450062.jpg,Watchguard,WGT1450062,435.00,589.00
NWG-WGT490064,Firewalls  Network Security,WatchGuard Standard Support for Firebox T45-CW - 4-Year,https://www.leadersystems.com.au/Images/NWG-WGT490064.jpg,Watchguard,WGT490064,435.00,589.00
NWG-WGNVMC22204,Managed Detection  Response (MDR),WatchGuard NDR for FireboxV Micro - 4 Year,https://www.leadersystems.com.au/Images/NWG-WGNVMC22204.jpg,Watchguard,WGNVMC22204,123.00,153.00
NWG-WGAP33200622,Subscriptions  Licensing,WatchGuard Standard Wi-Fi Management Renewal/Upgrade 2-yr for AP332CR,https://www.leadersystems.com.au/Images/NWG-WGAP33200622.jpg,Watchguard,WGAP33200622,93.00,117.00
NWG-WGM59540701,Subscriptions  Licensing,WatchGuard Gold Support Renewal/Upgrade 1-yr for Firebox M595,https://www.leadersystems.com.au/Images/NWG-WGM59540701.jpg,Watchguard,WGM59540701,5360.00,6678.00
NWG-WGM29540703,Subscriptions  Licensing,WatchGuard Gold Support Renewal/Upgrade 3-yr for Firebox M295,https://www.leadersystems.com.au/Images/NWG-WGM29540703.jpg,Watchguard,WGM29540703,3109.00,3874.00
NWG-WGTSO30301,Cloud  Server Security,WatchGuard ThreatSync Open - 1 Year - 101 to 250 licenses,https://www.leadersystems.com.au/Images/NWG-WGTSO30301.jpg,Watchguard,WGTSO30301,16.00,21.00
NWG-WGTSO30305,Cloud  Server Security,WatchGuard ThreatSync Open - 5 year - 101 to 250 licenses,https://www.leadersystems.com.au/Images/NWG-WGTSO30305.jpg,Watchguard,WGTSO30305,72.00,90.00
NWG-WGTSO30420,Cloud  Server Security,WatchGuard ThreatSync Open - Monthly Subscription - 251 to 500 licenses,https://www.leadersystems.com.au/Images/NWG-WGTSO30420.jpg,Watchguard,WGTSO30420,62.00,79.00
NWG-WGTSO30503,Cloud  Server Security,WatchGuard ThreatSync Open - 3 Year - 501 to 1000 licenses,https://www.leadersystems.com.au/Images/NWG-WGTSO30503.jpg,Watchguard,WGTSO30503,32.00,40.00
NWG-WGTSO30520,Cloud  Server Security,WatchGuard ThreatSync Open - Monthly Subscription - 501 to 1000 licenses,https://www.leadersystems.com.au/Images/NWG-WGTSO30520.jpg,Watchguard,WGTSO30520,62.00,79.00
NWG-WGAP43000624,Subscriptions  Licensing,WatchGuard Standard Wi-Fi Management Renewal/Upgrade 4-yr for AP430CR,https://www.leadersystems.com.au/Images/NWG-WGAP43000624.jpg,Watchguard,WGAP43000624,93.00,117.00
NWG-WGAP43200625,Subscriptions  Licensing,WatchGuard Standard Wi-Fi Management Renewal/Upgrade 5-yr for AP432,https://www.leadersystems.com.au/Images/NWG-WGAP43200625.jpg,Watchguard,WGAP43200625,93.00,117.00
NWG-WGTSNDR30602,Cloud  Server Security,WatchGuard ThreatSync+ NDR - 2 Year - 1001 to 5000 licenses,https://www.leadersystems.com.au/Images/NWG-WGTSNDR30602.jpg,Watchguard,WGTSNDR30602,85.00,106.00
NWG-WGTSNDR30704,Cloud  Server Security,WatchGuard ThreatSync+ NDR - 4 Year - 5001+ licenses,https://www.leadersystems.com.au/Images/NWG-WGTSNDR30704.jpg,Watchguard,WGTSNDR30704,85.00,106.00
NWG-WGTSNDR30405,Cloud  Server Security,WatchGuard ThreatSync+ NDR - 5 Year - 251 to 500 licenses,https://www.leadersystems.com.au/Images/NWG-WGTSNDR30405.jpg,Watchguard,WGTSNDR30405,85.00,106.00
NWG-WGM295000,WatchGuard Blank Appliance,WatchGuard Firebox M295 Appliance Only – License Not Included (Requires Separate WG License Purchase),https://www.leadersystems.com.au/Images/NWG-WGM295000.jpg,Watchguard,WGM295000,1228.00,1572.00
NWG-WGM69540101,Subscriptions  Licensing,WatchGuard Standard Support Renewal 1-yr for Firebox M695,https://www.leadersystems.com.au/Images/NWG-WGM69540101.jpg,Watchguard,WGM69540101,8109.00,9633.49
NWG-WGM39540103,Subscriptions  Licensing,WatchGuard Standard Support Renewal 3-yr for Firebox M395,https://www.leadersystems.com.au/Images/NWG-WGM39540103.jpg,Watchguard,WGM39540103,5920.00,7032.96
NWG-WGINSG30102,Endpoint  Mobile Protection,Advanced Reporting Tool - 2 Year - 1 to 50 licenses,https://www.leadersystems.com.au/Images/NWG-WGINSG30102.jpg,Watchguard,WGINSG30102,22.00,28.00
NWG-WGM4950211,Firewalls  Network Security,Trade Up to WatchGuard Total Security Suite for Firebox M495 - 1-Year (License ONLY; HW SKU: WGM495000),https://www.leadersystems.com.au/Images/NWG-WGM4950211.jpg,Watchguard,WGM4950211,9119.00,17244.00
NWG-WGM5950211,Firewalls  Network Security,Trade Up to WatchGuard Total Security Suite for Firebox M595 - 1-Year (License ONLY; HW SKU: WGM595000),https://www.leadersystems.com.au/Images/NWG-WGM5950211.jpg,Watchguard,WGM5950211,12700.00,24139.00
NWG-WGINSG30302,Endpoint  Mobile Protection,Advanced Reporting Tool - 2 Year - 101 to 250 licenses,https://www.leadersystems.com.au/Images/NWG-WGINSG30302.jpg,Watchguard,WGINSG30302,22.00,28.00
NWG-WGINSG30504,Endpoint  Mobile Protection,Advanced Reporting Tool - 4 Year - 501 to 1000 licenses,https://www.leadersystems.com.au/Images/NWG-WGINSG30504.jpg,Watchguard,WGINSG30504,22.00,28.00
NWG-WGINSG30705,Endpoint  Mobile Protection,Advanced Reporting Tool - 5 Year - 5001+ licenses,https://www.leadersystems.com.au/Images/NWG-WGINSG30705.jpg,Watchguard,WGINSG30705,22.00,28.00
NWG-WGTSSAAS30501,Cloud  Server Security,WatchGuard ThreatSync+ SAAS - 1 Year - 501 to 1000 licenses,https://www.leadersystems.com.au/Images/NWG-WGTSSAAS30501.jpg,Watchguard,WGTSSAAS30501,32.00,40.00
NWG-WGTSSAAS30104,Cloud  Server Security,WatchGuard ThreatSync+ SAAS - 4 Year - 1 to 50 licenses,https://www.leadersystems.com.au/Images/NWG-WGTSSAAS30104.jpg,Watchguard,WGTSSAAS30104,32.00,40.00
NWG-WGTSSAAS30705,Cloud  Server Security,WatchGuard ThreatSync+ SAAS - 5 Year - 5001+ licenses,https://www.leadersystems.com.au/Images/NWG-WGTSSAAS30705.jpg,Watchguard,WGTSSAAS30705,32.00,40.00
NWG-WGMDRT30702,Managed Detection  Response (MDR),WatchGuard Total MDR - 2 Year - 5001+ licenses,https://www.leadersystems.com.au/Images/NWG-WGMDRT30702.jpg,Watchguard,WGMDRT30702,126.00,149.69
NWG-WGCDR30405,Cloud  Server Security,WatchGuard CloudDR - 5 Year - 251 to 500 licenses,https://www.leadersystems.com.au/Images/NWG-WGCDR30405.jpg,Watchguard,WGCDR30405,4546.00,5768.00
NWG-WGESA30301,Endpoint  Mobile Protection,WatchGuard Endpoint Security Basic - 1 Year - 101 to 250 licenses,https://www.leadersystems.com.au/Images/NWG-WGESA30301.jpg,Watchguard,WGESA30301,38.00,48.00
NWG-WGCDR30605,Cloud  Server Security,WatchGuard CloudDR - 5 Year - 1001 to 5000 licenses,https://www.leadersystems.com.au/Images/NWG-WGCDR30605.jpg,Watchguard,WGCDR30605,4546.00,5768.00
NWG-WGCDR30520,Cloud  Server Security,WatchGuard CloudDR - Monthly Subscription - 501 to 1000 licenses,https://www.leadersystems.com.au/Images/NWG-WGCDR30520.jpg,Watchguard,WGCDR30520,4546.00,5768.00
NWG-WGCDR30720,Cloud  Server Security,WatchGuard CloudDR - Monthly Subscription - 5001+ licenses,https://www.leadersystems.com.au/Images/NWG-WGCDR30720.jpg,Watchguard,WGCDR30720,4546.00,5768.00
NWG-WGMDRT30704,Managed Detection  Response (MDR),WatchGuard Total MDR - 4 Year - 5001+ licenses,https://www.leadersystems.com.au/Images/NWG-WGMDRT30704.jpg,Watchguard,WGMDRT30704,126.00,149.69
NWG-WGTSST30502,Managed Detection  Response (MDR),WatchGuard Total NDR - 2 Year - 501 to 1000 licenses,https://www.leadersystems.com.au/Images/NWG-WGTSST30502.jpg,Watchguard,WGTSST30502,123.00,153.00
NWG-WGTSST30504,Managed Detection  Response (MDR),WatchGuard Total NDR - 4 Year - 501 to 1000 licenses,https://www.leadersystems.com.au/Images/NWG-WGTSST30504.jpg,Watchguard,WGTSST30504,123.00,153.00
NWG-WGTSST30505,Managed Detection  Response (MDR),WatchGuard Total NDR - 5 Year - 501 to 1000 licenses,https://www.leadersystems.com.au/Images/NWG-WGTSST30505.jpg,Watchguard,WGTSST30505,123.00,153.00
NWG-WGT1160084,Firewalls  Network Security,WatchGuard Total Security Suite for Firebox T115-W - 4-Year,https://www.leadersystems.com.au/Images/NWG-WGT1160084.jpg,Watchguard,WGT1160084,1224.00,1658.00
NWG-WGT1460082,Firewalls  Network Security,WatchGuard Total Security Suite for Firebox T145-W - 2-Year,https://www.leadersystems.com.au/Images/NWG-WGT1460082.jpg,Watchguard,WGT1460082,1224.00,1658.00
NWG-WGAP33022021,Subscriptions  Licensing,WatchGuard USP Wi-Fi Management Renewal/Upgrade 1-yr for AP330,https://www.leadersystems.com.au/Images/NWG-WGAP33022021.jpg,Watchguard,WGAP33022021,155.00,194.00
NWG-WGAP33222023,Subscriptions  Licensing,WatchGuard USP Wi-Fi Management Renewal/Upgrade 3-yr for AP332CR,https://www.leadersystems.com.au/Images/NWG-WGAP33222023.jpg,Watchguard,WGAP33222023,155.00,194.00
NWG-WGAP43222024,Subscriptions  Licensing,WatchGuard USP Wi-Fi Management Renewal/Upgrade 4-yr for AP432,https://www.leadersystems.com.au/Images/NWG-WGAP43222024.jpg,Watchguard,WGAP43222024,155.00,194.00
NWG-WGESB30103,Endpoint  Mobile Protection,WatchGuard Endpoint Security 360 - 3 Year - 1 to 50 licenses,https://www.leadersystems.com.au/Images/NWG-WGESB30103.jpg,Watchguard,WGESB30103,206.00,257.00
NWG-WGESB30201,Endpoint  Mobile Protection,WatchGuard Endpoint Security 360 - 1 Year - 51 to 100 licenses,https://www.leadersystems.com.au/Images/NWG-WGESB30201.jpg,Watchguard,WGESB30201,76.00,95.00
NWG-WGESB30703,Endpoint  Mobile Protection,WatchGuard Endpoint Security 360 - 3 Year - 5001+ licenses,https://www.leadersystems.com.au/Images/NWG-WGESB30703.jpg,Watchguard,WGESB30703,93.00,116.00
NWG-WGESC30101,Endpoint  Mobile Protection,WatchGuard Endpoint Security Elite - 1 Year - 1 to 50 licenses,https://www.leadersystems.com.au/Images/NWG-WGESC30101.jpg,Watchguard,WGESC30101,111.00,138.00
NWG-WGESC30603,Endpoint  Mobile Protection,WatchGuard Endpoint Security Elite - 3 Year - 1001 to 5000 licenses,https://www.leadersystems.com.au/Images/NWG-WGESC30603.jpg,Watchguard,WGESC30603,139.00,174.00
NWG-WGM3951603,Firewalls  Network Security,WatchGuard High Availability for M395 - 3-Year (License ONLY; HW SKU: WGM395000),https://www.leadersystems.com.au/Images/NWG-WGM3951603.jpg,Watchguard,WGM3951603,2975.00,4029.00
NWG-WGM4951603,Firewalls  Network Security,WatchGuard High Availability for M495 - 3-Year (License ONLY; HW SKU: WGM495000),https://www.leadersystems.com.au/Images/NWG-WGM4951603.jpg,Watchguard,WGM4951603,5606.00,7592.00
NWG-WGM4950063,Firewalls  Network Security,WatchGuard Standard Support for Firebox M495 - 3-Year (License ONLY; HW SKU: WGM495000),https://www.leadersystems.com.au/Images/NWG-WGM4950063.jpg,Watchguard,WGM4950063,11178.00,15137.00
NWG-WGM5950063,Firewalls  Network Security,WatchGuard Standard Support for Firebox M595 - 3-Year (License ONLY; HW SKU: WGM595000),https://www.leadersystems.com.au/Images/NWG-WGM5950063.jpg,Watchguard,WGM5950063,15618.00,21148.00
NWG-WGM39520801,Cloud  Server Security,WatchGuard APT Blocker 1-yr for Firebox M395,https://www.leadersystems.com.au/Images/NWG-WGM39520801.jpg,Watchguard,WGM39520801,1231.00,1534.00
NWG-WGM59520801,Cloud  Server Security,WatchGuard APT Blocker 1-yr for Firebox M595,https://www.leadersystems.com.au/Images/NWG-WGM59520801.jpg,Watchguard,WGM59520801,2438.00,3037.00
NWG-WGWESS30201,Endpoint  Mobile Protection,WatchGuard Endpoint Security for Servers  - 1 Year - 51 to 100 licenses,https://www.leadersystems.com.au/Images/NWG-WGWESS30201.jpg,Watchguard,WGWESS30201,121.00,151.00
NWG-WGWESS30101,Endpoint  Mobile Protection,WatchGuard Endpoint Security for Servers  - 1 Year - 1 to 50 licenses,https://www.leadersystems.com.au/Images/NWG-WGWESS30101.jpg,Watchguard,WGWESS30101,137.00,171.00
NWG-WGWEDP30503,Endpoint  Mobile Protection,WatchGuard Endpoint Security Prime - 3 Year - 501 to 1000 licenses,https://www.leadersystems.com.au/Images/NWG-WGWEDP30503.jpg,Watchguard,WGWEDP30503,88.00,110.00
NWG-WGMDRO30401,Managed Detection  Response (MDR),WatchGuard Open MDR  - 1 Year - 251 to 500 licenses,https://www.leadersystems.com.au/Images/NWG-WGMDRO30401.jpg,Watchguard,WGMDRO30401,134.00,159.19
NWG-WGMDRO30701,Managed Detection  Response (MDR),WatchGuard Open MDR  - 1 Year - 5001+ licenses,https://www.leadersystems.com.au/Images/NWG-WGMDRO30701.jpg,Watchguard,WGMDRO30701,110.00,130.68
NWG-WGMDRO30703,Managed Detection  Response (MDR),WatchGuard Open MDR  - 3 Year - 5001+ licenses,https://www.leadersystems.com.au/Images/NWG-WGMDRO30703.jpg,Watchguard,WGMDRO30703,330.00,392.04
NWG-WGTSO30320,Cloud  Server Security,WatchGuard ThreatSync Open - Monthly Subscription - 101 to 250 licenses,https://www.leadersystems.com.au/Images/NWG-WGTSO30320.jpg,Watchguard,WGTSO30320,62.00,79.00
NWG-WGTSO30405,Cloud  Server Security,WatchGuard ThreatSync Open - 5 year - 251 to 500 licenses,https://www.leadersystems.com.au/Images/NWG-WGTSO30405.jpg,Watchguard,WGTSO30405,60.00,76.00
NWG-WGZTC30103,Subscriptions  Licensing,WatchGuard Zero-Trust - 3-Year - 1 to 50 Seats,https://www.leadersystems.com.au/Images/NWG-WGZTC30103.jpg,Watchguard,WGZTC30103,552.00,688.00
NWG-WGZTC30303,Subscriptions  Licensing,WatchGuard Zero-Trust - 3-Year - 101 to 250 Seats,https://www.leadersystems.com.au/Images/NWG-WGZTC30303.jpg,Watchguard,WGZTC30303,465.00,579.00
NWG-WGCDR30705,Cloud  Server Security,WatchGuard CloudDR - 5 Year - 5001+ licenses,https://www.leadersystems.com.au/Images/NWG-WGCDR30705.jpg,Watchguard,WGCDR30705,4546.00,5768.00
NWG-WGCDR30120,Cloud  Server Security,WatchGuard CloudDR - Monthly Subscription - 1 to 50 licenses,https://www.leadersystems.com.au/Images/NWG-WGCDR30120.jpg,Watchguard,WGCDR30120,4546.00,5768.00
NWG-WGCDR30420,Cloud  Server Security,WatchGuard CloudDR - Monthly Subscription - 251 to 500 licenses,https://www.leadersystems.com.au/Images/NWG-WGCDR30420.jpg,Watchguard,WGCDR30420,4546.00,5768.00
NWG-WGATH30302,Identity  Access Security,WatchGuard AuthPoint MFA - 2 Year - 101 to 250 Users,https://www.leadersystems.com.au/Images/NWG-WGATH30302.jpg,Watchguard,WGATH30302,33.00,45.00
NWG-WGATH30402,Identity  Access Security,WatchGuard AuthPoint MFA - 2 Year - 251 to 500 Users,https://www.leadersystems.com.au/Images/NWG-WGATH30402.jpg,Watchguard,WGATH30402,33.00,45.00
NWG-WGATH30604,Identity  Access Security,WatchGuard AuthPoint MFA - 4 Year - 1001 to 5000 Users,https://www.leadersystems.com.au/Images/NWG-WGATH30604.jpg,Watchguard,WGATH30604,33.00,45.00
NWG-WGATH30704,Identity  Access Security,WatchGuard AuthPoint MFA - 4 Year - 5001+ Users,https://www.leadersystems.com.au/Images/NWG-WGATH30704.jpg,Watchguard,WGATH30704,33.00,45.00
NWG-WGMDR30402,Firewalls  Network Security,WatchGuard Core MDR - 2 Year - 251 to 500 licenses,https://www.leadersystems.com.au/Images/NWG-WGMDR30402.jpg,Watchguard,WGMDR30402,30.00,39.00
NWG-WGMDR30502,Firewalls  Network Security,WatchGuard Core MDR - 2 Year - 501 to 1000 licenses,https://www.leadersystems.com.au/Images/NWG-WGMDR30502.jpg,Watchguard,WGMDR30502,30.00,39.00
NWG-WGMDR30702,Firewalls  Network Security,WatchGuard Core MDR - 2 Year - 5001+ licenses,https://www.leadersystems.com.au/Images/NWG-WGMDR30702.jpg,Watchguard,WGMDR30702,30.00,39.00
NWG-WGCLG032,Firewalls  Network Security,WatchGuard Firebox Cloud Large with 2-yr Basic Security Suite,https://www.leadersystems.com.au/Images/NWG-WGCLG032.jpg,Watchguard,WGCLG032,9401.00,12965.00
NWG-WGMDRM30505,Managed Detection  Response (MDR),WatchGuard Core MDR for Microsoft - 5 Year - 501 to 1000 licenses,https://www.leadersystems.com.au/Images/NWG-WGMDRM30505.jpg,Watchguard,WGMDRM30505,95.00,117.00
NWG-WGMDRO30102,Managed Detection  Response (MDR),Watchguard Open MDR- 2 Year - 1 to 50 licenses,https://www.leadersystems.com.au/Images/NWG-WGMDRO30102.jpg,Watchguard,WGMDRO30102,174.00,212.00
NWG-WGMDRO30105,Managed Detection  Response (MDR),Watchguard Open MDR- 5 Year - 1 to 50 licenses,https://www.leadersystems.com.au/Images/NWG-WGMDRO30105.jpg,Watchguard,WGMDRO30105,174.00,212.00
NWG-WGAP13000621,Subscriptions  Licensing,WatchGuard Standard Wi-Fi Management Renewal/Upgrade 1-yr for AP130,https://www.leadersystems.com.au/Images/NWG-WGAP13000621.jpg,Watchguard,WGAP13000621,93.00,117.00
NWG-WGAP13022021,Subscriptions  Licensing,WatchGuard USP Wi-Fi Management Renewal/Upgrade 1-yr for AP130,https://www.leadersystems.com.au/Images/NWG-WGAP13022021.jpg,Watchguard,WGAP13022021,155.00,194.00
NWG-WGAP13022022,Subscriptions  Licensing,WatchGuard USP Wi-Fi Management Renewal/Upgrade 2-yr for AP130,https://www.leadersystems.com.au/Images/NWG-WGAP13022022.jpg,Watchguard,WGAP13022022,155.00,194.00
NWG-WGAP13022025,Subscriptions  Licensing,WatchGuard USP Wi-Fi Management Renewal/Upgrade 5-yr for AP130,https://www.leadersystems.com.au/Images/NWG-WGAP13022025.jpg,Watchguard,WGAP13022025,155.00,194.00
NWG-WGCLG524,Subscriptions  Licensing,WatchGuard Cloud 1-month data retention for Firebox Cloud Large - 4-yr,https://www.leadersystems.com.au/Images/NWG-WGCLG524.jpg,Watchguard,WGCLG524,2267.00,2876.00
NWG-WGAP23022103,Firewalls  Network Security,Standard Wi-Fi Management for WatchGuard AP230W - 3-year,https://www.leadersystems.com.au/Images/NWG-WGAP23022103.jpg,Watchguard,WGAP23022103,86.00,117.00
NWG-WGAP23022105,Firewalls  Network Security,Standard Wi-Fi Management for WatchGuard AP230W - 5-year,https://www.leadersystems.com.au/Images/NWG-WGAP23022105.jpg,Watchguard,WGAP23022105,86.00,117.00
NWG-WGCME174,Firewalls  Network Security,WatchGuard APT Blocker 4-yr for Firebox Cloud Medium,https://www.leadersystems.com.au/Images/NWG-WGCME174.jpg,Watchguard,WGCME174,4405.00,5965.00
NWG-WGCME642,Firewalls  Network Security,WatchGuard Firebox Cloud Medium with 2-yr Total Security Suite,https://www.leadersystems.com.au/Images/NWG-WGCME642.jpg,Watchguard,WGCME642,4405.00,5965.00
NWG-WGCME645,Firewalls  Network Security,WatchGuard Firebox Cloud Medium with 5-yr Total Security Suite,https://www.leadersystems.com.au/Images/NWG-WGCME645.jpg,Watchguard,WGCME645,4405.00,5965.00
NWG-WGAP33022101,Firewalls  Network Security,Standard Wi-Fi Management for WatchGuard AP330 - 1-year,https://www.leadersystems.com.au/Images/NWG-WGAP33022101.jpg,Watchguard,WGAP33022101,86.00,117.00
NWG-WGATH30404,Identity  Access Security,WatchGuard AuthPoint MFA - 4 Year - 251 to 500 Users,https://www.leadersystems.com.au/Images/NWG-WGATH30404.jpg,Watchguard,WGATH30404,33.00,45.00
NWG-WGATH30502,Identity  Access Security,WatchGuard AuthPoint MFA - 2 Year - 501 to 1000 Users,https://www.leadersystems.com.au/Images/NWG-WGATH30502.jpg,Watchguard,WGATH30502,33.00,45.00
NWG-WGATH30504,Identity  Access Security,WatchGuard AuthPoint MFA - 4 Year - 501 to 1000 Users,https://www.leadersystems.com.au/Images/NWG-WGATH30504.jpg,Watchguard,WGATH30504,33.00,45.00
NWG-WGCLG004,Firewalls  Network Security,WatchGuard Firebox Cloud Large with 4-yr Standard Support,https://www.leadersystems.com.au/Images/NWG-WGCLG004.jpg,Watchguard,WGCLG004,9401.00,12965.00
NWG-WGCR20602,Firewalls  Network Security,WatchGuard Compliance Reporting - 2 Year - 1001 to 5000 licenses,https://www.leadersystems.com.au/Images/NWG-WGCR20602.jpg,Watchguard,WGCR20602,30.00,39.00
NWG-WGMDR30602,Firewalls  Network Security,WatchGuard Core MDR - 2 Year - 1001 to 5000 licenses,https://www.leadersystems.com.au/Images/NWG-WGMDR30602.jpg,Watchguard,WGMDR30602,30.00,39.00
NWG-WGMDRM30604,Managed Detection  Response (MDR),WatchGuard Core MDR for Microsoft - 4 Year - 1001 to 5000 licenses,https://www.leadersystems.com.au/Images/NWG-WGMDRM30604.jpg,Watchguard,WGMDRM30604,95.00,117.00
NWG-WGMDRM30605,Managed Detection  Response (MDR),WatchGuard Core MDR for Microsoft - 5 Year - 1001 to 5000 licenses,https://www.leadersystems.com.au/Images/NWG-WGMDRM30605.jpg,Watchguard,WGMDRM30605,95.00,117.00
NWG-WGMDRO30504,Managed Detection  Response (MDR),Watchguard Open MDR- 4 Year - 501 to 1000 licenses,https://www.leadersystems.com.au/Images/NWG-WGMDRO30504.jpg,Watchguard,WGMDRO30504,174.00,212.00
NWG-WGMDRO30505,Managed Detection  Response (MDR),Watchguard Open MDR- 5 Year - 501 to 1000 licenses,https://www.leadersystems.com.au/Images/NWG-WGMDRO30505.jpg,Watchguard,WGMDRO30505,174.00,212.00
NWG-WGAP43022104,Firewalls  Network Security,Standard Wi-Fi Management for WatchGuard AP430CR - 4-year,https://www.leadersystems.com.au/Images/NWG-WGAP43022104.jpg,Watchguard,WGAP43022104,86.00,117.00
NWG-WGAP43222101,Firewalls  Network Security,Standard Wi-Fi Management for WatchGuard AP432 - 1-year,https://www.leadersystems.com.au/Images/NWG-WGAP43222101.jpg,Watchguard,WGAP43222101,86.00,117.00
NWG-WGAP43222103,Firewalls  Network Security,Standard Wi-Fi Management for WatchGuard AP432 - 3-year,https://www.leadersystems.com.au/Images/NWG-WGAP43222103.jpg,Watchguard,WGAP43222103,86.00,117.00
NWG-WGAP23022001,Firewalls  Network Security,USP Wi-Fi Management for WatchGuard AP230W - 1-year,https://www.leadersystems.com.au/Images/NWG-WGAP23022001.jpg,Watchguard,WGAP23022001,143.00,194.00
NWG-WGAP23022003,Firewalls  Network Security,USP Wi-Fi Management for WatchGuard AP230W - 3-year,https://www.leadersystems.com.au/Images/NWG-WGAP23022003.jpg,Watchguard,WGAP23022003,143.00,194.00
NWG-WGAP43222001,Firewalls  Network Security,USP Wi-Fi Management for WatchGuard AP432 - 1-year,https://www.leadersystems.com.au/Images/NWG-WGAP43222001.jpg,Watchguard,WGAP43222001,143.00,194.00
NWG-WGAP43222003,Firewalls  Network Security,USP Wi-Fi Management for WatchGuard AP432 - 3-year,https://www.leadersystems.com.au/Images/NWG-WGAP43222003.jpg,Watchguard,WGAP43222003,143.00,194.00
NWG-WGWESS30605,Endpoint  Mobile Protection,WatchGuard Endpoint Security for Servers  - 5 Year - 1001 to 5000 licenses,https://www.leadersystems.com.au/Images/NWG-WGWESS30605.jpg,Watchguard,WGWESS30605,137.00,171.00
NWG-WGAP13022004,Firewalls  Network Security,USP Wi-Fi Management for WatchGuard AP130 - 4-year,https://www.leadersystems.com.au/Images/NWG-WGAP13022004.jpg,Watchguard,WGAP13022004,143.00,194.00
NWG-WGAP13022023,Subscriptions  Licensing,WatchGuard USP Wi-Fi Management Renewal/Upgrade 3-yr for AP130,https://www.leadersystems.com.au/Images/NWG-WGAP13022023.jpg,Watchguard,WGAP13022023,155.00,194.00
NWG-WGCLG175,Cloud  Server Security,WatchGuard APT Blocker 5-yr for Firebox Cloud Large,https://www.leadersystems.com.au/Images/NWG-WGCLG175.jpg,Watchguard,WGCLG175,2267.00,2876.00
NWG-WGCME002,Firewalls  Network Security,WatchGuard Firebox Cloud Medium with 2-yr Standard Support,https://www.leadersystems.com.au/Images/NWG-WGCME002.jpg,Watchguard,WGCME002,4405.00,5965.00
NWG-WGCME004,Firewalls  Network Security,WatchGuard Firebox Cloud Medium with 4-yr Standard Support,https://www.leadersystems.com.au/Images/NWG-WGCME004.jpg,Watchguard,WGCME004,4405.00,5965.00
NWG-WGAP23022102,Firewalls  Network Security,Standard Wi-Fi Management for WatchGuard AP230W - 2-year,https://www.leadersystems.com.au/Images/NWG-WGAP23022102.jpg,Watchguard,WGAP23022102,86.00,117.00
NWG-WGCME522,Firewalls  Network Security,WatchGuard Cloud 1-month data retention for Firebox Cloud Medium - 2-yr,https://www.leadersystems.com.au/Images/NWG-WGCME522.jpg,Watchguard,WGCME522,4405.00,5965.00
NWG-WGWESS30602,Endpoint  Mobile Protection,WatchGuard Endpoint Security for Servers  - 2 Year - 1001 to 5000 licenses,https://www.leadersystems.com.au/Images/NWG-WGWESS30602.jpg,Watchguard,WGWESS30602,137.00,171.00
NWG-WGT18501602,Firewalls  Network Security,WatchGuard  Standard Support for Firebox T185 High Availability - 2-Year,https://www.leadersystems.com.au/Images/NWG-WGT18501602.jpg,Watchguard,WGT18501602,584.00,791.00
NWG-WGDNS30505,Cloud  Server Security,WatchGuard DNSWatchGO - 5 Year - 501 to 1000 Users,https://www.leadersystems.com.au/Images/NWG-WGDNS30505.jpg,Watchguard,WGDNS30505,47.00,59.00
NWG-WGDNS30604,Cloud  Server Security,WatchGuard DNSWatchGO - 4 Year - 1001 to 5000 Users,https://www.leadersystems.com.au/Images/NWG-WGDNS30604.jpg,Watchguard,WGDNS30604,47.00,59.00
NWG-WGENCR30104,Endpoint  Mobile Protection,Full Encryption - 4 Year - 1 to 50 licenses,https://www.leadersystems.com.au/Images/NWG-WGENCR30104.jpg,Watchguard,WGENCR30104,22.00,28.00
NWG-WGENCR30202,Endpoint  Mobile Protection,Full Encryption - 2 Year - 51 to 100 licenses,https://www.leadersystems.com.au/Images/NWG-WGENCR30202.jpg,Watchguard,WGENCR30202,22.00,28.00
NWG-WGENCR30404,Endpoint  Mobile Protection,Full Encryption - 4 Year - 251 to 500 licenses,https://www.leadersystems.com.au/Images/NWG-WGENCR30404.jpg,Watchguard,WGENCR30404,22.00,28.00
NWG-WGENCR30405,Endpoint  Mobile Protection,Full Encryption - 5 Year - 251 to 500 licenses,https://www.leadersystems.com.au/Images/NWG-WGENCR30405.jpg,Watchguard,WGENCR30405,22.00,28.00
NWG-WGCME524,Firewalls  Network Security,WatchGuard Cloud 1-month data retention for Firebox Cloud Medium - 4-yr,https://www.leadersystems.com.au/Images/NWG-WGCME524.jpg,Watchguard,WGCME524,4405.00,5965.00
NWG-WGCSM522,Firewalls  Network Security,WatchGuard Cloud 1-month data retention for Firebox Cloud Small - 2-yr,https://www.leadersystems.com.au/Images/NWG-WGCSM522.jpg,Watchguard,WGCSM522,4405.00,5965.00
NWG-WGCSM642,Firewalls  Network Security,WatchGuard Firebox Cloud Small with 2-yr Total Security Suite,https://www.leadersystems.com.au/Images/NWG-WGCSM642.jpg,Watchguard,WGCSM642,4405.00,5965.00
NWG-WGESA30404,Endpoint  Mobile Protection,WatchGuard Endpoint Security Basic - 4 Year - 251 to 500 licenses,https://www.leadersystems.com.au/Images/NWG-WGESA30404.jpg,Watchguard,WGESA30404,49.00,62.00
NWG-WGESA30502,Endpoint  Mobile Protection,WatchGuard Endpoint Security Basic - 2 Year - 501 to 1000 licenses,https://www.leadersystems.com.au/Images/NWG-WGESA30502.jpg,Watchguard,WGESA30502,49.00,62.00
NWG-WGESA30704,Endpoint  Mobile Protection,WatchGuard Endpoint Security Basic - 4 Year - 5001+ licenses,https://www.leadersystems.com.au/Images/NWG-WGESA30704.jpg,Watchguard,WGESA30704,49.00,62.00
NWG-WGESB30102,Endpoint  Mobile Protection,WatchGuard Endpoint Security 360 - 2 Year - 1 to 50 licenses,https://www.leadersystems.com.au/Images/NWG-WGESB30102.jpg,Watchguard,WGESB30102,86.00,107.00
NWG-WGESB30705,Endpoint  Mobile Protection,WatchGuard Endpoint Security 360 - 5 Year - 5001+ licenses,https://www.leadersystems.com.au/Images/NWG-WGESB30705.jpg,Watchguard,WGESB30705,86.00,107.00
NWG-WGESC30202,Endpoint  Mobile Protection,WatchGuard Endpoint Security Elite - 2 Year - 51 to 100 licenses,https://www.leadersystems.com.au/Images/NWG-WGESC30202.jpg,Watchguard,WGESC30202,86.00,107.00
NWG-WGESC30204,Endpoint  Mobile Protection,WatchGuard Endpoint Security Elite - 4 Year - 51 to 100 licenses,https://www.leadersystems.com.au/Images/NWG-WGESC30204.jpg,Watchguard,WGESC30204,111.00,138.00
NWG-WGESC30405,Endpoint  Mobile Protection,WatchGuard Endpoint Security Elite - 5 Year - 251 to 500 licenses,https://www.leadersystems.com.au/Images/NWG-WGESC30405.jpg,Watchguard,WGESC30405,111.00,138.00
NWG-WGESC30502,Endpoint  Mobile Protection,WatchGuard Endpoint Security Elite - 2 Year - 501 to 1000 licenses,https://www.leadersystems.com.au/Images/NWG-WGESC30502.jpg,Watchguard,WGESC30502,111.00,138.00
NWG-WGT1260072,Firewalls  Network Security,WatchGuard Basic Security Suite for Firebox T125-W - 2-Year,https://www.leadersystems.com.au/Images/NWG-WGT1260072.jpg,Watchguard,WGT1260072,601.00,814.00
NWG-WGWEDP30304,Endpoint  Mobile Protection,WatchGuard Endpoint Security Prime - 4 Year - 101 to 250 licenses,https://www.leadersystems.com.au/Images/NWG-WGWEDP30304.jpg,Watchguard,WGWEDP30304,61.00,77.00
NWG-WGWEDP30604,Endpoint  Mobile Protection,WatchGuard Endpoint Security Prime - 4 Year - 1001 to 5000 licenses,https://www.leadersystems.com.au/Images/NWG-WGWEDP30604.jpg,Watchguard,WGWEDP30604,61.00,77.00
NWG-WGT11621802,Subscriptions  Licensing,WatchGuard Cloud 1-month data retention for T115-W - 2-yr,https://www.leadersystems.com.au/Images/NWG-WGT11621802.jpg,Watchguard,WGT11621802,137.00,171.00
NWG-WGT12521804,Subscriptions  Licensing,WatchGuard Cloud 1-month data retention for T125 - 4-yr,https://www.leadersystems.com.au/Images/NWG-WGT12521804.jpg,Watchguard,WGT12521804,137.00,171.00
NWG-WGVSM004,Firewalls  Network Security,WatchGuard FireboxV Small with 4-yr Standard Support,https://www.leadersystems.com.au/Images/NWG-WGVSM004.jpg,Watchguard,WGVSM004,2918.00,3951.00
NWG-WGFCI30202,Firewalls  Network Security,WatchGuard FireCloud Internet Access - 2 Year - 51 to 100 licenses,https://www.leadersystems.com.au/Images/NWG-WGFCI30202.jpg,Watchguard,WGFCI30202,106.00,132.00
NWG-WGAP43222104,Firewalls  Network Security,Standard Wi-Fi Management for WatchGuard AP432 - 4-year,https://www.leadersystems.com.au/Images/NWG-WGAP43222104.jpg,Watchguard,WGAP43222104,86.00,117.00
NWG-WGAP33222002,Firewalls  Network Security,USP Wi-Fi Management for WatchGuard AP332CR - 2-year,https://www.leadersystems.com.au/Images/NWG-WGAP33222002.jpg,Watchguard,WGAP33222002,143.00,194.00
NWG-WGFCI30204,Firewalls  Network Security,WatchGuard FireCloud Internet Access - 4 Year - 51 to 100 licenses,https://www.leadersystems.com.au/Images/NWG-WGFCI30204.jpg,Watchguard,WGFCI30204,106.00,132.00
NWG-WGVXL642,Firewalls  Network Security,WatchGuard FireboxV X-Large with 2-yr Total Security Suite,https://www.leadersystems.com.au/Images/NWG-WGVXL642.jpg,Watchguard,WGVXL642,18740.00,25843.00
NWG-WGFCI30402,Firewalls  Network Security,WatchGuard FireCloud Internet Access - 2 Year - 251 to 500 licenses,https://www.leadersystems.com.au/Images/NWG-WGFCI30402.jpg,Watchguard,WGFCI30402,106.00,132.00
NWG-WGT18521802,Subscriptions  Licensing,WatchGuard Cloud 1-month data retention for T185 - 2-yr,https://www.leadersystems.com.au/Images/NWG-WGT18521802.jpg,Watchguard,WGT18521802,137.00,171.00
NWG-WGT18521805,Subscriptions  Licensing,WatchGuard Cloud 1-month data retention for T185 - 5-yr,https://www.leadersystems.com.au/Images/NWG-WGT18521805.jpg,Watchguard,WGT18521805,137.00,171.00
NWG-WGN27022202,Managed Detection  Response (MDR),WatchGuard NDR for Firebox M270 - 2 Year,https://www.leadersystems.com.au/Images/NWG-WGN27022202.jpg,Watchguard,WGN27022202,123.00,153.00
NWG-WGAP43222005,Firewalls  Network Security,USP Wi-Fi Management for WatchGuard AP432 - 5-year,https://www.leadersystems.com.au/Images/NWG-WGAP43222005.jpg,Watchguard,WGAP43222005,143.00,194.00
NWG-WGWESS30705,Endpoint  Mobile Protection,WatchGuard Endpoint Security for Servers  - 5 Year - 5001+ licenses,https://www.leadersystems.com.au/Images/NWG-WGWESS30705.jpg,Watchguard,WGWESS30705,137.00,171.00
NWG-WGWESS30204,Endpoint  Mobile Protection,WatchGuard Endpoint Security for Servers  - 4 Year - 51 to 100 licenses,https://www.leadersystems.com.au/Images/NWG-WGWESS30204.jpg,Watchguard,WGWESS30204,137.00,171.00
NWG-WGWESS30202,Endpoint  Mobile Protection,WatchGuard Endpoint Security for Servers  - 2 Year - 51 to 100 licenses,https://www.leadersystems.com.au/Images/NWG-WGWESS30202.jpg,Watchguard,WGWESS30202,137.00,171.00
NWG-WGAP130000,WatchGuard Blank Appliance,WatchGuard AP130 Appliance Only,https://www.leadersystems.com.au/Images/NWG-WGAP130000.jpg,Watchguard,WGAP130000,400.00,550.00
NWG-WGAP332000,WatchGuard Blank Appliance,WatchGuard AP332CR Appliance Only,https://www.leadersystems.com.au/Images/NWG-WGAP332000.jpg,Watchguard,WGAP332000,832.00,1157.00
NWG-WGAP430000,WatchGuard Blank Appliance,WatchGuard AP430CR Appliance Only,https://www.leadersystems.com.au/Images/NWG-WGAP430000.jpg,Watchguard,WGAP430000,1541.00,2152.00
NWG-WGDNS30105,Cloud  Server Security,WatchGuard DNSWatchGO - 5 Year - 1 to 50 Users,https://www.leadersystems.com.au/Images/NWG-WGDNS30105.jpg,Watchguard,WGDNS30105,47.00,59.00
NWG-WGDNS30202,Cloud  Server Security,WatchGuard DNSWatchGO - 2 Year - 51 to 100 Users,https://www.leadersystems.com.au/Images/NWG-WGDNS30202.jpg,Watchguard,WGDNS30202,47.00,59.00
NWG-WGN29022204,Managed Detection  Response (MDR),WatchGuard NDR for Firebox M290 - 4 Year,https://www.leadersystems.com.au/Images/NWG-WGN29022204.jpg,Watchguard,WGN29022204,123.00,153.00
NWG-WGFCT30504,Firewalls  Network Security,WatchGuard FireCloud Total Access  - 4 Year - 501 to 1000 licenses,https://www.leadersystems.com.au/Images/NWG-WGFCT30504.jpg,Watchguard,WGFCT30504,163.00,203.00
NWG-WGFCT30602,Firewalls  Network Security,WatchGuard FireCloud Total Access  - 2 Year - 1001 to 5000 licenses,https://www.leadersystems.com.au/Images/NWG-WGFCT30602.jpg,Watchguard,WGFCT30602,163.00,203.00
NWG-WGN14522204,Managed Detection  Response (MDR),WatchGuard NDR for Firebox T145 - 4 Year,https://www.leadersystems.com.au/Images/NWG-WGN14522204.jpg,Watchguard,WGN14522204,123.00,153.00
NWG-WGDNS30702,Cloud  Server Security,WatchGuard DNSWatchGO - 2 Year - 5001+ Users,https://www.leadersystems.com.au/Images/NWG-WGDNS30702.jpg,Watchguard,WGDNS30702,47.00,59.00
NWG-WGDNS30704,Cloud  Server Security,WatchGuard DNSWatchGO - 4 Year - 5001+ Users,https://www.leadersystems.com.au/Images/NWG-WGDNS30704.jpg,Watchguard,WGDNS30704,47.00,59.00
NWG-WGT116172,Cloud  Server Security,WatchGuard APT Blocker 2-yr for Firebox T115-W,https://www.leadersystems.com.au/Images/NWG-WGT116172.jpg,Watchguard,WGT116172,180.00,225.00
NWG-WGENCR30205,Endpoint  Mobile Protection,Full Encryption - 5 Year - 51 to 100 licenses,https://www.leadersystems.com.au/Images/NWG-WGENCR30205.jpg,Watchguard,WGENCR30205,22.00,28.00
NWG-WGENCR30302,Endpoint  Mobile Protection,Full Encryption - 2 Year - 101 to 250 licenses,https://www.leadersystems.com.au/Images/NWG-WGENCR30302.jpg,Watchguard,WGENCR30302,22.00,28.00
NWG-WGESA30102,Endpoint  Mobile Protection,WatchGuard Endpoint Security Basic - 2 Year - 1 to 50 licenses,https://www.leadersystems.com.au/Images/NWG-WGESA30102.jpg,Watchguard,WGESA30102,49.00,62.00
NWG-WGESA30104,Endpoint  Mobile Protection,WatchGuard Endpoint Security Basic - 4 Year - 1 to 50 licenses,https://www.leadersystems.com.au/Images/NWG-WGESA30104.jpg,Watchguard,WGESA30104,49.00,62.00
NWG-WGESA30604,Endpoint  Mobile Protection,WatchGuard Endpoint Security Basic - 4 Year - 1001 to 5000 licenses,https://www.leadersystems.com.au/Images/NWG-WGESA30604.jpg,Watchguard,WGESA30604,49.00,62.00
NWG-WGN2522202,Managed Detection  Response (MDR),WatchGuard NDR for Firebox T25 - 2 Year,https://www.leadersystems.com.au/Images/NWG-WGN2522202.jpg,Watchguard,WGN2522202,123.00,153.00
NWG-WGN4022202,Managed Detection  Response (MDR),WatchGuard NDR for Firebox T40 - 2 Year,https://www.leadersystems.com.au/Images/NWG-WGN4022202.jpg,Watchguard,WGN4022202,123.00,153.00
NWG-WGT1250064,Firewalls  Network Security,WatchGuard Standard Support for Firebox T125 - 4-Year,https://www.leadersystems.com.au/Images/NWG-WGT1250064.jpg,Watchguard,WGT1250064,435.00,589.00
NWG-WGT1260064,Firewalls  Network Security,WatchGuard Standard Support for Firebox T125-W - 4-Year,https://www.leadersystems.com.au/Images/NWG-WGT1260064.jpg,Watchguard,WGT1260064,435.00,589.00
NWG-WGT490062,Firewalls  Network Security,WatchGuard Standard Support for Firebox T45-CW - 2-Year,https://www.leadersystems.com.au/Images/NWG-WGT490062.jpg,Watchguard,WGT490062,435.00,589.00
NWG-WGN8022202,Managed Detection  Response (MDR),WatchGuard NDR for Firebox T80 - 2 Year,https://www.leadersystems.com.au/Images/NWG-WGN8022202.jpg,Watchguard,WGN8022202,123.00,153.00
NWG-WGESA30605,Endpoint  Mobile Protection,WatchGuard Endpoint Security Basic - 5 Year - 1001 to 5000 licenses,https://www.leadersystems.com.au/Images/NWG-WGESA30605.jpg,Watchguard,WGESA30605,49.00,62.00
NWG-WGESB30302,Endpoint  Mobile Protection,WatchGuard Endpoint Security 360 - 2 Year - 101 to 250 licenses,https://www.leadersystems.com.au/Images/NWG-WGESB30302.jpg,Watchguard,WGESB30302,86.00,107.00
NWG-WGESB30304,Endpoint  Mobile Protection,WatchGuard Endpoint Security 360 - 4 Year - 101 to 250 licenses,https://www.leadersystems.com.au/Images/NWG-WGESB30304.jpg,Watchguard,WGESB30304,86.00,107.00
NWG-WGESB30404,Endpoint  Mobile Protection,WatchGuard Endpoint Security 360 - 4 Year - 251 to 500 licenses,https://www.leadersystems.com.au/Images/NWG-WGESB30404.jpg,Watchguard,WGESB30404,86.00,107.00
NWG-WGESC30104,Endpoint  Mobile Protection,WatchGuard Endpoint Security Elite - 4 Year - 1 to 50 licenses,https://www.leadersystems.com.au/Images/NWG-WGESC30104.jpg,Watchguard,WGESC30104,86.00,107.00
NWG-WGWEDP30105,Endpoint  Mobile Protection,WatchGuard Endpoint Security Prime - 5 Year - 1 to 50 licenses,https://www.leadersystems.com.au/Images/NWG-WGWEDP30105.jpg,Watchguard,WGWEDP30105,61.00,77.00
NWG-WGESC30304,Endpoint  Mobile Protection,WatchGuard Endpoint Security Elite - 4 Year - 101 to 250 licenses,https://www.leadersystems.com.au/Images/NWG-WGESC30304.jpg,Watchguard,WGESC30304,111.00,138.00
NWG-WGESC30505,Endpoint  Mobile Protection,WatchGuard Endpoint Security Elite - 5 Year - 501 to 1000 licenses,https://www.leadersystems.com.au/Images/NWG-WGESC30505.jpg,Watchguard,WGESC30505,111.00,138.00
NWG-WGAP33200624,Subscriptions  Licensing,WatchGuard Standard Wi-Fi Management Renewal/Upgrade 4-yr for AP332CR,https://www.leadersystems.com.au/Images/NWG-WGAP33200624.jpg,Watchguard,WGAP33200624,93.00,117.00
NWG-WGTSNDR30305,Cloud  Server Security,WatchGuard ThreatSync+ NDR - 5 Year - 101 to 250 licenses,https://www.leadersystems.com.au/Images/NWG-WGTSNDR30305.jpg,Watchguard,WGTSNDR30305,85.00,106.00
NWG-WGTSNDR30705,Cloud  Server Security,WatchGuard ThreatSync+ NDR - 5 Year - 5001+ licenses,https://www.leadersystems.com.au/Images/NWG-WGTSNDR30705.jpg,Watchguard,WGTSNDR30705,85.00,106.00
NWG-WGESC30602,Endpoint  Mobile Protection,WatchGuard Endpoint Security Elite - 2 Year - 1001 to 5000 licenses,https://www.leadersystems.com.au/Images/NWG-WGESC30602.jpg,Watchguard,WGESC30602,111.00,138.00
NWG-WGT1250074,Firewalls  Network Security,WatchGuard Basic Security Suite for Firebox T125 - 4-Year,https://www.leadersystems.com.au/Images/NWG-WGT1250074.jpg,Watchguard,WGT1250074,601.00,814.00
NWG-WGWEDP30405,Endpoint  Mobile Protection,WatchGuard Endpoint Security Prime - 5 Year - 251 to 500 licenses,https://www.leadersystems.com.au/Images/NWG-WGWEDP30405.jpg,Watchguard,WGWEDP30405,61.00,77.00
NWG-WGT1460072,Firewalls  Network Security,WatchGuard Basic Security Suite for Firebox T145-W - 2-Year,https://www.leadersystems.com.au/Images/NWG-WGT1460072.jpg,Watchguard,WGT1460072,601.00,814.00
NWG-WGWEDP30705,Endpoint  Mobile Protection,WatchGuard Endpoint Security Prime - 5 Year - 5001+ licenses,https://www.leadersystems.com.au/Images/NWG-WGWEDP30705.jpg,Watchguard,WGWEDP30705,61.00,77.00
NWG-WGT11621805,Subscriptions  Licensing,WatchGuard Cloud 1-month data retention for T115-W - 5-yr,https://www.leadersystems.com.au/Images/NWG-WGT11621805.jpg,Watchguard,WGT11621805,137.00,171.00
NWG-WGESD321802,Endpoint  Mobile Protection,WatchGuard Endpoint Security 1yr Data Retention - 2 Year,https://www.leadersystems.com.au/Images/NWG-WGESD321802.jpg,Watchguard,WGESD321802,111.00,138.00
NWG-WGESD321805,Endpoint  Mobile Protection,WatchGuard Endpoint Security 1yr Data Retention - 5 Year,https://www.leadersystems.com.au/Images/NWG-WGESD321805.jpg,Watchguard,WGESD321805,111.00,138.00
NWG-WGINSG30502,Endpoint  Mobile Protection,Advanced Reporting Tool - 2 Year - 501 to 1000 licenses,https://www.leadersystems.com.au/Images/NWG-WGINSG30502.jpg,Watchguard,WGINSG30502,22.00,28.00
NWG-WGINSG30505,Endpoint  Mobile Protection,Advanced Reporting Tool - 5 Year - 501 to 1000 licenses,https://www.leadersystems.com.au/Images/NWG-WGINSG30505.jpg,Watchguard,WGINSG30505,22.00,28.00
NWG-WGTSSAAS30604,Cloud  Server Security,WatchGuard ThreatSync+ SAAS - 4 Year - 1001 to 5000 licenses,https://www.leadersystems.com.au/Images/NWG-WGTSSAAS30604.jpg,Watchguard,WGTSSAAS30604,32.00,40.00
NWG-WGTSSAAS30404,Cloud  Server Security,WatchGuard ThreatSync+ SAAS - 4 Year - 251 to 500 licenses,https://www.leadersystems.com.au/Images/NWG-WGTSSAAS30404.jpg,Watchguard,WGTSSAAS30404,32.00,40.00
NWG-WGFCI30205,Firewalls  Network Security,WatchGuard FireCloud Internet Access - 5 Year - 51 to 100 licenses,https://www.leadersystems.com.au/Images/NWG-WGFCI30205.jpg,Watchguard,WGFCI30205,106.00,132.00
NWG-WGFCI30302,Firewalls  Network Security,WatchGuard FireCloud Internet Access - 2 Year - 101 to 250 licenses,https://www.leadersystems.com.au/Images/NWG-WGFCI30302.jpg,Watchguard,WGFCI30302,106.00,132.00
NWG-WGFCI30604,Firewalls  Network Security,WatchGuard FireCloud Internet Access - 4 Year - 1001 to 5000 licenses,https://www.leadersystems.com.au/Images/NWG-WGFCI30604.jpg,Watchguard,WGFCI30604,106.00,132.00
NWG-WGVSM174,Cloud  Server Security,WatchGuard APT Blocker 4-yr for FireboxV Small,https://www.leadersystems.com.au/Images/NWG-WGVSM174.jpg,Watchguard,WGVSM174,1090.00,1383.00
NWG-WGNCME22204,Managed Detection  Response (MDR),WatchGuard NDR for Firebox Cloud Medium - 4 Year,https://www.leadersystems.com.au/Images/NWG-WGNCME22204.jpg,Watchguard,WGNCME22204,123.00,153.00
NWG-WGTSSAAS30605,Cloud  Server Security,WatchGuard ThreatSync+ SAAS - 5 Year - 1001 to 5000 licenses,https://www.leadersystems.com.au/Images/NWG-WGTSSAAS30605.jpg,Watchguard,WGTSSAAS30605,32.00,40.00
NWG-WGTSSAAS30405,Cloud  Server Security,WatchGuard ThreatSync+ SAAS - 5 Year - 251 to 500 licenses,https://www.leadersystems.com.au/Images/NWG-WGTSSAAS30405.jpg,Watchguard,WGTSSAAS30405,32.00,40.00
NWG-WGTSSAAS30505,Cloud  Server Security,WatchGuard ThreatSync+ SAAS - 5 Year - 501 to 1000 licenses,https://www.leadersystems.com.au/Images/NWG-WGTSSAAS30505.jpg,Watchguard,WGTSSAAS30505,32.00,40.00
NWG-WGTSST30302,Managed Detection  Response (MDR),WatchGuard Total NDR - 2 Year - 101 to 250 licenses,https://www.leadersystems.com.au/Images/NWG-WGTSST30302.jpg,Watchguard,WGTSST30302,123.00,153.00
NWG-WGTSST30702,Managed Detection  Response (MDR),WatchGuard Total NDR - 2 Year - 5001+ licenses,https://www.leadersystems.com.au/Images/NWG-WGTSST30702.jpg,Watchguard,WGTSST30702,123.00,153.00
NWG-WGTSST30202,Managed Detection  Response (MDR),WatchGuard Total NDR - 2 Year - 51 to 100 licenses,https://www.leadersystems.com.au/Images/NWG-WGTSST30202.jpg,Watchguard,WGTSST30202,123.00,153.00
NWG-WGTSST30704,Managed Detection  Response (MDR),WatchGuard Total NDR - 4 Year - 5001+ licenses,https://www.leadersystems.com.au/Images/NWG-WGTSST30704.jpg,Watchguard,WGTSST30704,123.00,153.00
NWG-WGTSST30204,Managed Detection  Response (MDR),WatchGuard Total NDR - 4 Year - 51 to 100 licenses,https://www.leadersystems.com.au/Images/NWG-WGTSST30204.jpg,Watchguard,WGTSST30204,123.00,153.00
NWG-WGNCSM22202,Managed Detection  Response (MDR),WatchGuard NDR for Firebox Cloud Small - 2 Year,https://www.leadersystems.com.au/Images/NWG-WGNCSM22202.jpg,Watchguard,WGNCSM22202,123.00,153.00
NWG-WGFCT30102,Firewalls  Network Security,WatchGuard FireCloud Total Access  - 2 Year - 1 to 50 licenses,https://www.leadersystems.com.au/Images/NWG-WGFCT30102.jpg,Watchguard,WGFCT30102,163.00,203.00
NWG-WGFCT30202,Firewalls  Network Security,WatchGuard FireCloud Total Access  - 2 Year - 51 to 100 licenses,https://www.leadersystems.com.au/Images/NWG-WGFCT30202.jpg,Watchguard,WGFCT30202,163.00,203.00
NWG-WGFCT30605,Firewalls  Network Security,WatchGuard FireCloud Total Access  - 5 Year - 1001 to 5000 licenses,https://www.leadersystems.com.au/Images/NWG-WGFCT30605.jpg,Watchguard,WGFCT30605,163.00,203.00
NWG-WGFCT30702,Firewalls  Network Security,WatchGuard FireCloud Total Access  - 2 Year - 5001+ licenses,https://www.leadersystems.com.au/Images/NWG-WGFCT30702.jpg,Watchguard,WGFCT30702,163.00,203.00
NWG-WGN2022202,Managed Detection  Response (MDR),WatchGuard NDR for Firebox T20 - 2 Year,https://www.leadersystems.com.au/Images/NWG-WGN2022202.jpg,Watchguard,WGN2022202,123.00,153.00
NWG-WGT1460064,Firewalls  Network Security,WatchGuard Standard Support for Firebox T145-W - 4-Year,https://www.leadersystems.com.au/Images/NWG-WGT1460064.jpg,Watchguard,WGT1460064,435.00,589.00
NWG-WGT1850062,Firewalls  Network Security,WatchGuard Standard Support for Firebox T185 - 2-Year,https://www.leadersystems.com.au/Images/NWG-WGT1850062.jpg,Watchguard,WGT1850062,435.00,589.00
NWG-WGT1450084,Firewalls  Network Security,WatchGuard Total Security Suite for Firebox T145 - 4-Year,https://www.leadersystems.com.au/Images/NWG-WGT1450084.jpg,Watchguard,WGT1450084,1224.00,1658.00
NWG-WGT1460084,Firewalls  Network Security,WatchGuard Total Security Suite for Firebox T145-W - 4-Year,https://www.leadersystems.com.au/Images/NWG-WGT1460084.jpg,Watchguard,WGT1460084,1224.00,1658.00
NWG-WGAP33222021,Subscriptions  Licensing,WatchGuard USP Wi-Fi Management Renewal/Upgrade 1-yr for AP332CR,https://www.leadersystems.com.au/Images/NWG-WGAP33222021.jpg,Watchguard,WGAP33222021,155.00,194.00
NWG-WGAP43222021,Subscriptions  Licensing,WatchGuard USP Wi-Fi Management Renewal/Upgrade 1-yr for AP432,https://www.leadersystems.com.au/Images/NWG-WGAP43222021.jpg,Watchguard,WGAP43222021,155.00,194.00
NWG-WGAP33000625,Subscriptions  Licensing,WatchGuard Standard Wi-Fi Management Renewal/Upgrade 5-yr for AP330,https://www.leadersystems.com.au/Images/NWG-WGAP33000625.jpg,Watchguard,WGAP33000625,93.00,117.00
NWG-WGAP33200625,Subscriptions  Licensing,WatchGuard Standard Wi-Fi Management Renewal/Upgrade 5-yr for AP332CR,https://www.leadersystems.com.au/Images/NWG-WGAP33200625.jpg,Watchguard,WGAP33200625,93.00,117.00
NWG-WGTSNDR30402,Cloud  Server Security,WatchGuard ThreatSync+ NDR - 2 Year - 251 to 500 licenses,https://www.leadersystems.com.au/Images/NWG-WGTSNDR30402.jpg,Watchguard,WGTSNDR30402,85.00,106.00
NWG-WGTSNDR30702,Cloud  Server Security,WatchGuard ThreatSync+ NDR - 2 Year - 5001+ licenses,https://www.leadersystems.com.au/Images/NWG-WGTSNDR30702.jpg,Watchguard,WGTSNDR30702,85.00,106.00
NWG-WGTSNDR30105,Cloud  Server Security,WatchGuard ThreatSync+ NDR - 5 Year - 1 to 50 licenses,https://www.leadersystems.com.au/Images/NWG-WGTSNDR30105.jpg,Watchguard,WGTSNDR30105,85.00,106.00
NWG-WGESA30601,Endpoint  Mobile Protection,WatchGuard Endpoint Security Basic - 1 Year - 1001 to 5000 licenses,https://www.leadersystems.com.au/Images/NWG-WGESA30601.jpg,Watchguard,WGESA30601,26.00,32.00
NWG-WGESB30501,Endpoint  Mobile Protection,WatchGuard Endpoint Security 360 - 1 Year - 501 to 1000 licenses,https://www.leadersystems.com.au/Images/NWG-WGESB30501.jpg,Watchguard,WGESB30501,51.00,65.00
NWG-WGESC30401,Endpoint  Mobile Protection,WatchGuard Endpoint Security Elite - 1 Year - 251 to 500 licenses,https://www.leadersystems.com.au/Images/NWG-WGESC30401.jpg,Watchguard,WGESC30401,78.00,97.00
NWG-WGWEDP30101,Endpoint  Mobile Protection,WatchGuard Endpoint Security Prime - 1 Year - 1 to 50 licenses,https://www.leadersystems.com.au/Images/NWG-WGWEDP30101.jpg,Watchguard,WGWEDP30101,61.00,77.00
NWG-WGWEDP30201,Endpoint  Mobile Protection,WatchGuard Endpoint Security Prime - 1 Year - 51 to 100 licenses,https://www.leadersystems.com.au/Images/NWG-WGWEDP30201.jpg,Watchguard,WGWEDP30201,54.00,69.00
NWG-WGWEDP30301,Endpoint  Mobile Protection,WatchGuard Endpoint Security Prime - 1 Year - 101 to 250 licenses,https://www.leadersystems.com.au/Images/NWG-WGWEDP30301.jpg,Watchguard,WGWEDP30301,48.00,61.00
NWG-WGINSG30105,Endpoint  Mobile Protection,Advanced Reporting Tool - 5 Year - 1 to 50 licenses,https://www.leadersystems.com.au/Images/NWG-WGINSG30105.jpg,Watchguard,WGINSG30105,22.00,28.00
NWG-WGINSG30604,Endpoint  Mobile Protection,Advanced Reporting Tool - 4 Year - 1001 to 5000 licenses,https://www.leadersystems.com.au/Images/NWG-WGINSG30604.jpg,Watchguard,WGINSG30604,22.00,28.00
NWG-WGINSG30605,Endpoint  Mobile Protection,Advanced Reporting Tool - 5 Year - 1001 to 5000 licenses,https://www.leadersystems.com.au/Images/NWG-WGINSG30605.jpg,Watchguard,WGINSG30605,22.00,28.00
NWG-WGTSSAAS30704,Cloud  Server Security,WatchGuard ThreatSync+ SAAS - 4 Year - 5001+ licenses,https://www.leadersystems.com.au/Images/NWG-WGTSSAAS30704.jpg,Watchguard,WGTSSAAS30704,32.00,40.00
NWG-WGTSSAAS30105,Cloud  Server Security,WatchGuard ThreatSync+ SAAS - 5 Year - 1 to 50 licenses,https://www.leadersystems.com.au/Images/NWG-WGTSSAAS30105.jpg,Watchguard,WGTSSAAS30105,32.00,40.00
NWG-WGMDRT30104,Managed Detection  Response (MDR),WatchGuard Total MDR - 4 Year - 1 to 50 licenses,https://www.leadersystems.com.au/Images/NWG-WGMDRT30104.jpg,Watchguard,WGMDRT30104,126.00,149.69
NWG-WGMDRT30604,Managed Detection  Response (MDR),WatchGuard Total MDR - 4 Year - 1001 to 5000 licenses,https://www.leadersystems.com.au/Images/NWG-WGMDRT30604.jpg,Watchguard,WGMDRT30604,126.00,149.69
NWG-WGTSST30604,Managed Detection  Response (MDR),WatchGuard Total NDR - 4 Year - 1001 to 5000 licenses,https://www.leadersystems.com.au/Images/NWG-WGTSST30604.jpg,Watchguard,WGTSST30604,123.00,153.00
NWG-WGTSST30304,Managed Detection  Response (MDR),WatchGuard Total NDR - 4 Year - 101 to 250 licenses,https://www.leadersystems.com.au/Images/NWG-WGTSST30304.jpg,Watchguard,WGTSST30304,123.00,153.00
NWG-WGT1850084,Firewalls  Network Security,WatchGuard Total Security Suite for Firebox T185 - 4-Year,https://www.leadersystems.com.au/Images/NWG-WGT1850084.jpg,Watchguard,WGT1850084,1224.00,1658.00
NWG-WGT490082,Firewalls  Network Security,WatchGuard Total Security Suite for Firebox T45-CW - 2-Year,https://www.leadersystems.com.au/Images/NWG-WGT490082.jpg,Watchguard,WGT490082,1809.00,2450.00
NWG-WGAP23022024,Subscriptions  Licensing,WatchGuard USP Wi-Fi Management Renewal/Upgrade 4-yr for AP230W,https://www.leadersystems.com.au/Images/NWG-WGAP23022024.jpg,Watchguard,WGAP23022024,155.00,194.00
NWG-WGAP33022024,Subscriptions  Licensing,WatchGuard USP Wi-Fi Management Renewal/Upgrade 4-yr for AP330,https://www.leadersystems.com.au/Images/NWG-WGAP33022024.jpg,Watchguard,WGAP33022024,155.00,194.00
NWG-WGMDRO30203,Managed Detection  Response (MDR),WatchGuard Open MDR  - 3 Year - 51 to 100 licenses,https://www.leadersystems.com.au/Images/NWG-WGMDRO30203.jpg,Watchguard,WGMDRO30203,487.00,578.56
NWG-WGMDRO30403,Managed Detection  Response (MDR),WatchGuard Open MDR  - 3 Year - 251 to 500 licenses,https://www.leadersystems.com.au/Images/NWG-WGMDRO30403.jpg,Watchguard,WGMDRO30403,401.00,476.39
NWG-WGTSO30201,Cloud  Server Security,WatchGuard ThreatSync Open - 1 Year - 51 to 100 licenses,https://www.leadersystems.com.au/Images/NWG-WGTSO30201.jpg,Watchguard,WGTSO30201,17.00,21.00
NWG-WGTSO30205,Cloud  Server Security,WatchGuard ThreatSync Open - 5 year - 51 to 100 licenses,https://www.leadersystems.com.au/Images/NWG-WGTSO30205.jpg,Watchguard,WGTSO30205,74.00,93.00
NWG-WGTSO30603,Cloud  Server Security,WatchGuard ThreatSync Open - 3 Year - 1001 to 5000 licenses,https://www.leadersystems.com.au/Images/NWG-WGTSO30603.jpg,Watchguard,WGTSO30603,28.00,35.00
NWG-WGTSO30620,Cloud  Server Security,WatchGuard ThreatSync Open - Monthly Subscription - 1001 to 5000 licenses,https://www.leadersystems.com.au/Images/NWG-WGTSO30620.jpg,Watchguard,WGTSO30620,62.00,79.00
NWG-WGCDR30101,Cloud  Server Security,WatchGuard CloudDR - 1 Year - 1 to 50 licenses,https://www.leadersystems.com.au/Images/NWG-WGCDR30101.jpg,Watchguard,WGCDR30101,4546.00,5768.00
NWG-WGCDR30301,Cloud  Server Security,WatchGuard CloudDR - 1 Year - 101 to 250 licenses,https://www.leadersystems.com.au/Images/NWG-WGCDR30301.jpg,Watchguard,WGCDR30301,4546.00,5768.00
NWG-WGCDR30703,Cloud  Server Security,WatchGuard CloudDR - 3 Year - 5001+ licenses,https://www.leadersystems.com.au/Images/NWG-WGCDR30703.jpg,Watchguard,WGCDR30703,4546.00,5768.00
NWG-WGCDR30205,Cloud  Server Security,WatchGuard CloudDR - 5 Year - 51 to 100 licenses,https://www.leadersystems.com.au/Images/NWG-WGCDR30205.jpg,Watchguard,WGCDR30205,4546.00,5768.00
NWG-WGCDR30201,Cloud  Server Security,WatchGuard CloudDR- 1 Year - 51 to 100 licenses,https://www.leadersystems.com.au/Images/NWG-WGCDR30201.jpg,Watchguard,WGCDR30201,4546.00,5768.00
NWG-WGCR20305,Firewalls  Network Security,WatchGuard Compliance Reporting - 5 Year - 101 to 250 licenses,https://www.leadersystems.com.au/Images/NWG-WGCR20305.jpg,Watchguard,WGCR20305,30.00,39.00
NWG-WGATH30204,Identity  Access Security,WatchGuard AuthPoint MFA - 4 Year - 51 to 100 Users,https://www.leadersystems.com.au/Images/NWG-WGATH30204.jpg,Watchguard,WGATH30204,33.00,45.00
NWG-WGCR20405,Firewalls  Network Security,WatchGuard Compliance Reporting - 5 Year - 251 to 500 licenses,https://www.leadersystems.com.au/Images/NWG-WGCR20405.jpg,Watchguard,WGCR20405,30.00,39.00
NWG-WGMDR30102,Firewalls  Network Security,WatchGuard Core MDR - 2 Year - 1 to 50 licenses,https://www.leadersystems.com.au/Images/NWG-WGMDR30102.jpg,Watchguard,WGMDR30102,30.00,39.00
NWG-WGMDR30202,Firewalls  Network Security,WatchGuard Core MDR - 2 Year - 51 to 100 licenses,https://www.leadersystems.com.au/Images/NWG-WGMDR30202.jpg,Watchguard,WGMDR30202,30.00,39.00
NWG-WGMDR30302,Firewalls  Network Security,WatchGuard Core MDR - 2 Year - 101 to 250 licenses,https://www.leadersystems.com.au/Images/NWG-WGMDR30302.jpg,Watchguard,WGMDR30302,30.00,39.00
NWG-WGCLG035,Firewalls  Network Security,WatchGuard Firebox Cloud Large with 5-yr Basic Security Suite,https://www.leadersystems.com.au/Images/NWG-WGCLG035.jpg,Watchguard,WGCLG035,9401.00,12965.00
NWG-WGMDRM30102,Firewalls  Network Security,WatchGuard Core MDR for Microsoft - 2 Year - 1 to 50 licenses,https://www.leadersystems.com.au/Images/NWG-WGMDRM30102.jpg,Watchguard,WGMDRM30102,30.00,39.00
NWG-WGMDRM30404,Managed Detection  Response (MDR),WatchGuard Core MDR for Microsoft - 4 Year - 251 to 500 licenses,https://www.leadersystems.com.au/Images/NWG-WGMDRM30404.jpg,Watchguard,WGMDRM30404,95.00,117.00
NWG-WGMDRM30502,Managed Detection  Response (MDR),WatchGuard Core MDR for Microsoft - 2 Year - 501 to 1000 licenses,https://www.leadersystems.com.au/Images/NWG-WGMDRM30502.jpg,Watchguard,WGMDRM30502,95.00,117.00
NWG-WGMDRO30204,Managed Detection  Response (MDR),Watchguard Open MDR- 4 Year - 51 to 100 licenses,https://www.leadersystems.com.au/Images/NWG-WGMDRO30204.jpg,Watchguard,WGMDRO30204,174.00,212.00
NWG-WGMDRO30302,Managed Detection  Response (MDR),Watchguard Open MDR- 2 Year - 101 to 250 licenses,https://www.leadersystems.com.au/Images/NWG-WGMDRO30302.jpg,Watchguard,WGMDRO30302,174.00,212.00
NWG-WGAP13000623,Subscriptions  Licensing,WatchGuard Standard Wi-Fi Management Renewal/Upgrade 3-yr for AP130,https://www.leadersystems.com.au/Images/NWG-WGAP13000623.jpg,Watchguard,WGAP13000623,93.00,117.00
NWG-WGAP13000625,Subscriptions  Licensing,WatchGuard Standard Wi-Fi Management Renewal/Upgrade 5-yr for AP130,https://www.leadersystems.com.au/Images/NWG-WGAP13000625.jpg,Watchguard,WGAP13000625,93.00,117.00
NWG-WGAP13022101,Firewalls  Network Security,Standard Wi-Fi Management for WatchGuard AP130 - 1-year,https://www.leadersystems.com.au/Images/NWG-WGAP13022101.jpg,Watchguard,WGAP13022101,86.00,117.00
NWG-WGAP13022103,Firewalls  Network Security,Standard Wi-Fi Management for WatchGuard AP130 - 3-year,https://www.leadersystems.com.au/Images/NWG-WGAP13022103.jpg,Watchguard,WGAP13022103,86.00,117.00
NWG-WGAP13022105,Firewalls  Network Security,Standard Wi-Fi Management for WatchGuard AP130 - 5-year,https://www.leadersystems.com.au/Images/NWG-WGAP13022105.jpg,Watchguard,WGAP13022105,86.00,117.00
NWG-WGAP23000623,Subscriptions  Licensing,WatchGuard Standard Wi-Fi Management Renewal/Upgrade 3-yr for AP230W,https://www.leadersystems.com.au/Images/NWG-WGAP23000623.jpg,Watchguard,WGAP23000623,93.00,117.00
NWG-WGAP23000625,Subscriptions  Licensing,WatchGuard Standard Wi-Fi Management Renewal/Upgrade 5-yr for AP230W,https://www.leadersystems.com.au/Images/NWG-WGAP23000625.jpg,Watchguard,WGAP23000625,93.00,117.00
NWG-WGCME035,Firewalls  Network Security,WatchGuard Firebox Cloud Medium with 5-yr Basic Security Suite,https://www.leadersystems.com.au/Images/NWG-WGCME035.jpg,Watchguard,WGCME035,4405.00,5965.00
NWG-WGCSM004,Firewalls  Network Security,WatchGuard Firebox Cloud Small with 4-yr Standard Support,https://www.leadersystems.com.au/Images/NWG-WGCSM004.jpg,Watchguard,WGCSM004,4405.00,5965.00
NWG-WGCSM032,Firewalls  Network Security,WatchGuard Firebox Cloud Small with 2-yr Basic Security Suite,https://www.leadersystems.com.au/Images/NWG-WGCSM032.jpg,Watchguard,WGCSM032,4405.00,5965.00
NWG-WGAP33022103,Firewalls  Network Security,Standard Wi-Fi Management for WatchGuard AP330 - 3-year,https://www.leadersystems.com.au/Images/NWG-WGAP33022103.jpg,Watchguard,WGAP33022103,86.00,117.00
NWG-WGAP33022105,Firewalls  Network Security,Standard Wi-Fi Management for WatchGuard AP330 - 5-year,https://www.leadersystems.com.au/Images/NWG-WGAP33022105.jpg,Watchguard,WGAP33022105,86.00,117.00
NWG-WGAP33222105,Firewalls  Network Security,Standard Wi-Fi Management for WatchGuard AP332CR - 5-year,https://www.leadersystems.com.au/Images/NWG-WGAP33222105.jpg,Watchguard,WGAP33222105,86.00,117.00
NWG-WGAP43022102,Firewalls  Network Security,Standard Wi-Fi Management for WatchGuard AP430CR - 2-year,https://www.leadersystems.com.au/Images/NWG-WGAP43022102.jpg,Watchguard,WGAP43022102,86.00,117.00
NWG-WGAP23022005,Firewalls  Network Security,USP Wi-Fi Management for WatchGuard AP230W - 5-year,https://www.leadersystems.com.au/Images/NWG-WGAP23022005.jpg,Watchguard,WGAP23022005,143.00,194.00
NWG-WGAP33022002,Firewalls  Network Security,USP Wi-Fi Management for WatchGuard AP330 - 2-year,https://www.leadersystems.com.au/Images/NWG-WGAP33022002.jpg,Watchguard,WGAP33022002,143.00,194.00
NWG-WGAP43022003,Firewalls  Network Security,USP Wi-Fi Management for WatchGuard AP430CR - 3-year,https://www.leadersystems.com.au/Images/NWG-WGAP43022003.jpg,Watchguard,WGAP43022003,143.00,194.00
NWG-WGAP43022005,Firewalls  Network Security,USP Wi-Fi Management for WatchGuard AP430CR - 5-year,https://www.leadersystems.com.au/Images/NWG-WGAP43022005.jpg,Watchguard,WGAP43022005,143.00,194.00
NWG-WGWESS30504,Endpoint  Mobile Protection,WatchGuard Endpoint Security for Servers  - 4 Year - 501 to 1000 licenses,https://www.leadersystems.com.au/Images/NWG-WGWESS30504.jpg,Watchguard,WGWESS30504,137.00,171.00
NWG-WGWESS30405,Endpoint  Mobile Protection,WatchGuard Endpoint Security for Servers  - 5 Year - 251 to 500 licenses,https://www.leadersystems.com.au/Images/NWG-WGWESS30405.jpg,Watchguard,WGWESS30405,137.00,171.00
NWG-WGDNS30402,Cloud  Server Security,WatchGuard DNSWatchGO - 2 Year - 251 to 500 Users,https://www.leadersystems.com.au/Images/NWG-WGDNS30402.jpg,Watchguard,WGDNS30402,47.00,59.00
NWG-WGDNS30404,Cloud  Server Security,WatchGuard DNSWatchGO - 4 Year - 251 to 500 Users,https://www.leadersystems.com.au/Images/NWG-WGDNS30404.jpg,Watchguard,WGDNS30404,47.00,59.00
NWG-WGDNS30502,Cloud  Server Security,WatchGuard DNSWatchGO - 2 Year - 501 to 1000 Users,https://www.leadersystems.com.au/Images/NWG-WGDNS30502.jpg,Watchguard,WGDNS30502,47.00,59.00
NWG-WGENCR30504,Endpoint  Mobile Protection,Full Encryption - 4 Year - 501 to 1000 licenses,https://www.leadersystems.com.au/Images/NWG-WGENCR30504.jpg,Watchguard,WGENCR30504,22.00,28.00
NWG-WGENCR30602,Endpoint  Mobile Protection,Full Encryption - 2 Year - 1001 to 5000 licenses,https://www.leadersystems.com.au/Images/NWG-WGENCR30602.jpg,Watchguard,WGENCR30602,22.00,28.00
NWG-WGESA30304,Endpoint  Mobile Protection,WatchGuard Endpoint Security Basic - 4 Year - 101 to 250 licenses,https://www.leadersystems.com.au/Images/NWG-WGESA30304.jpg,Watchguard,WGESA30304,49.00,62.00
NWG-WGESA30402,Endpoint  Mobile Protection,WatchGuard Endpoint Security Basic - 2 Year - 251 to 500 licenses,https://www.leadersystems.com.au/Images/NWG-WGESA30402.jpg,Watchguard,WGESA30402,49.00,62.00
NWG-WGESB30105,Endpoint  Mobile Protection,WatchGuard Endpoint Security 360 - 5 Year - 1 to 50 licenses,https://www.leadersystems.com.au/Images/NWG-WGESB30105.jpg,Watchguard,WGESB30105,86.00,107.00
NWG-WGESB30202,Endpoint  Mobile Protection,WatchGuard Endpoint Security 360 - 2 Year - 51 to 100 licenses,https://www.leadersystems.com.au/Images/NWG-WGESB30202.jpg,Watchguard,WGESB30202,86.00,107.00
NWG-WGESB30602,Endpoint  Mobile Protection,WatchGuard Endpoint Security 360 - 2 Year - 1001 to 5000 licenses,https://www.leadersystems.com.au/Images/NWG-WGESB30602.jpg,Watchguard,WGESB30602,86.00,107.00
NWG-WGESB30605,Endpoint  Mobile Protection,WatchGuard Endpoint Security 360 - 5 Year - 1001 to 5000 licenses,https://www.leadersystems.com.au/Images/NWG-WGESB30605.jpg,Watchguard,WGESB30605,86.00,107.00
NWG-WGT116174,Cloud  Server Security,WatchGuard APT Blocker 4-yr for Firebox T115-W,https://www.leadersystems.com.au/Images/NWG-WGT116174.jpg,Watchguard,WGT116174,342.00,427.00
NWG-WGT125174,Cloud  Server Security,WatchGuard APT Blocker 4-yr for Firebox T125,https://www.leadersystems.com.au/Images/NWG-WGT125174.jpg,Watchguard,WGT125174,342.00,427.00
NWG-WGT1160074,Firewalls  Network Security,WatchGuard Basic Security Suite for Firebox T115-W - 4-Year,https://www.leadersystems.com.au/Images/NWG-WGT1160074.jpg,Watchguard,WGT1160074,601.00,814.00
NWG-WGESC30404,Endpoint  Mobile Protection,WatchGuard Endpoint Security Elite - 4 Year - 251 to 500 licenses,https://www.leadersystems.com.au/Images/NWG-WGESC30404.jpg,Watchguard,WGESC30404,111.00,138.00
NWG-WGWEDP30305,Endpoint  Mobile Protection,WatchGuard Endpoint Security Prime - 5 Year - 101 to 250 licenses,https://www.leadersystems.com.au/Images/NWG-WGWEDP30305.jpg,Watchguard,WGWEDP30305,61.00,77.00
NWG-WGT490074,Firewalls  Network Security,WatchGuard Basic Security Suite for Firebox T45-CW - 4-Year,https://www.leadersystems.com.au/Images/NWG-WGT490074.jpg,Watchguard,WGT490074,601.00,814.00
NWG-WGWEDP30505,Endpoint  Mobile Protection,WatchGuard Endpoint Security Prime - 5 Year - 501 to 1000 licenses,https://www.leadersystems.com.au/Images/NWG-WGWEDP30505.jpg,Watchguard,WGWEDP30505,61.00,77.00
NWG-WGVSM032,Firewalls  Network Security,WatchGuard FireboxV Small with 2-yr Basic Security Suite,https://www.leadersystems.com.au/Images/NWG-WGVSM032.jpg,Watchguard,WGVSM032,2918.00,3951.00
NWG-WGVSM035,Firewalls  Network Security,WatchGuard FireboxV Small with 5-yr Basic Security Suite,https://www.leadersystems.com.au/Images/NWG-WGVSM035.jpg,Watchguard,WGVSM035,2918.00,3951.00
NWG-WGFCI30104,Firewalls  Network Security,WatchGuard FireCloud Internet Access - 4 Year - 1 to 50 licenses,https://www.leadersystems.com.au/Images/NWG-WGFCI30104.jpg,Watchguard,WGFCI30104,106.00,132.00
NWG-WGFCI30105,Firewalls  Network Security,WatchGuard FireCloud Internet Access - 5 Year - 1 to 50 licenses,https://www.leadersystems.com.au/Images/NWG-WGFCI30105.jpg,Watchguard,WGFCI30105,106.00,132.00
NWG-WGFCI30404,Firewalls  Network Security,WatchGuard FireCloud Internet Access - 4 Year - 251 to 500 licenses,https://www.leadersystems.com.au/Images/NWG-WGFCI30404.jpg,Watchguard,WGFCI30404,106.00,132.00
NWG-WGFCI30502,Firewalls  Network Security,WatchGuard FireCloud Internet Access - 2 Year - 501 to 1000 licenses,https://www.leadersystems.com.au/Images/NWG-WGFCI30502.jpg,Watchguard,WGFCI30502,106.00,132.00
NWG-WGVSM522,Cloud  Server Security,WatchGuard Cloud 1-month data retention for FireboxV Small - 2-yr,https://www.leadersystems.com.au/Images/NWG-WGVSM522.jpg,Watchguard,WGVSM522,1090.00,1383.00
NWG-WGVSM524,Cloud  Server Security,WatchGuard Cloud 1-month data retention for FireboxV Small - 4-yr,https://www.leadersystems.com.au/Images/NWG-WGVSM524.jpg,Watchguard,WGVSM524,1090.00,1383.00
NWG-WGT14521805,Subscriptions  Licensing,WatchGuard Cloud 1-month data retention for T145 - 5-yr,https://www.leadersystems.com.au/Images/NWG-WGT14521805.jpg,Watchguard,WGT14521805,137.00,171.00
NWG-WGT14621804,Subscriptions  Licensing,WatchGuard Cloud 1-month data retention for T145-W - 4-yr,https://www.leadersystems.com.au/Images/NWG-WGT14621804.jpg,Watchguard,WGT14621804,137.00,171.00
NWG-WGN29522204,Managed Detection  Response (MDR),WatchGuard NDR for Firebox M295 - 4 Year,https://www.leadersystems.com.au/Images/NWG-WGN29522204.jpg,Watchguard,WGN29522204,123.00,153.00
NWG-WGN39022202,Managed Detection  Response (MDR),WatchGuard NDR for Firebox M390 - 2 Year,https://www.leadersystems.com.au/Images/NWG-WGN39022202.jpg,Watchguard,WGN39022202,123.00,153.00
NWG-WGFCT30402,Firewalls  Network Security,WatchGuard FireCloud Total Access  - 2 Year - 251 to 500 licenses,https://www.leadersystems.com.au/Images/NWG-WGFCT30402.jpg,Watchguard,WGFCT30402,163.00,203.00
NWG-WGFCT30405,Firewalls  Network Security,WatchGuard FireCloud Total Access  - 5 Year - 251 to 500 licenses,https://www.leadersystems.com.au/Images/NWG-WGFCT30405.jpg,Watchguard,WGFCT30405,163.00,203.00
NWG-WGN11522204,Managed Detection  Response (MDR),WatchGuard NDR for Firebox T115 - 4 Year,https://www.leadersystems.com.au/Images/NWG-WGN11522204.jpg,Watchguard,WGN11522204,123.00,153.00
NWG-WGN12522204,Managed Detection  Response (MDR),WatchGuard NDR for Firebox T125 - 4 Year,https://www.leadersystems.com.au/Images/NWG-WGN12522204.jpg,Watchguard,WGN12522204,123.00,153.00
NWG-WGT1250062,Firewalls  Network Security,WatchGuard Standard Support for Firebox T125 - 2-Year,https://www.leadersystems.com.au/Images/NWG-WGT1250062.jpg,Watchguard,WGT1250062,435.00,589.00
NWG-WGN8522204,Managed Detection  Response (MDR),WatchGuard NDR for Firebox T85-PoE - 4 Year,https://www.leadersystems.com.au/Images/NWG-WGN8522204.jpg,Watchguard,WGN8522204,123.00,153.00
NWG-WGNVME22204,Managed Detection  Response (MDR),WatchGuard NDR for FireboxV Medium - 4 Year,https://www.leadersystems.com.au/Images/NWG-WGNVME22204.jpg,Watchguard,WGNVME22204,123.00,153.00
NWG-WGAP43200621,Subscriptions  Licensing,WatchGuard Standard Wi-Fi Management Renewal/Upgrade 1-yr for AP432,https://www.leadersystems.com.au/Images/NWG-WGAP43200621.jpg,Watchguard,WGAP43200621,93.00,117.00
NWG-WGAP33200623,Subscriptions  Licensing,WatchGuard Standard Wi-Fi Management Renewal/Upgrade 3-yr for AP332CR,https://www.leadersystems.com.au/Images/NWG-WGAP33200623.jpg,Watchguard,WGAP33200623,93.00,117.00
NWG-WGAP43200623,Subscriptions  Licensing,WatchGuard Standard Wi-Fi Management Renewal/Upgrade 3-yr for AP432,https://www.leadersystems.com.au/Images/NWG-WGAP43200623.jpg,Watchguard,WGAP43200623,93.00,117.00
NWG-WGTSNDR30404,Cloud  Server Security,WatchGuard ThreatSync+ NDR - 4 Year - 251 to 500 licenses,https://www.leadersystems.com.au/Images/NWG-WGTSNDR30404.jpg,Watchguard,WGTSNDR30404,85.00,106.00
NWG-WGTSNDR30205,Cloud  Server Security,WatchGuard ThreatSync+ NDR - 5 Year - 51 to 100 licenses,https://www.leadersystems.com.au/Images/NWG-WGTSNDR30205.jpg,Watchguard,WGTSNDR30205,85.00,106.00
NWG-WGTSSAAS30701,Cloud  Server Security,WatchGuard ThreatSync+ SAAS - 1 Year - 5001+ licenses,https://www.leadersystems.com.au/Images/NWG-WGTSSAAS30701.jpg,Watchguard,WGTSSAAS30701,37.00,47.00
NWG-WGINSG30305,Endpoint  Mobile Protection,Advanced Reporting Tool - 5 Year - 101 to 250 licenses,https://www.leadersystems.com.au/Images/NWG-WGINSG30305.jpg,Watchguard,WGINSG30305,22.00,28.00
NWG-WGINSG30404,Endpoint  Mobile Protection,Advanced Reporting Tool - 4 Year - 251 to 500 licenses,https://www.leadersystems.com.au/Images/NWG-WGINSG30404.jpg,Watchguard,WGINSG30404,22.00,28.00
NWG-WGTSSAAS30702,Cloud  Server Security,WatchGuard ThreatSync+ SAAS - 2 Year - 5001+ licenses,https://www.leadersystems.com.au/Images/NWG-WGTSSAAS30702.jpg,Watchguard,WGTSSAAS30702,32.00,40.00
NWG-WGTSSAAS30202,Cloud  Server Security,WatchGuard ThreatSync+ SAAS - 2 Year - 51 to 100 licenses,https://www.leadersystems.com.au/Images/NWG-WGTSSAAS30202.jpg,Watchguard,WGTSSAAS30202,32.00,40.00
NWG-WGMDRT30102,Managed Detection  Response (MDR),WatchGuard Total MDR - 2 Year - 1 to 50 licenses,https://www.leadersystems.com.au/Images/NWG-WGMDRT30102.jpg,Watchguard,WGMDRT30102,126.00,149.69
NWG-WGMDRT30302,Managed Detection  Response (MDR),WatchGuard Total MDR - 2 Year - 101 to 250 licenses,https://www.leadersystems.com.au/Images/NWG-WGMDRT30302.jpg,Watchguard,WGMDRT30302,126.00,149.69
NWG-WGTSST30701,Managed Detection  Response (MDR),WatchGuard Total NDR - 1 Year - 5001+ licenses,https://www.leadersystems.com.au/Images/NWG-WGTSST30701.jpg,Watchguard,WGTSST30701,123.00,153.00
NWG-WGTSST30102,Managed Detection  Response (MDR),WatchGuard Total NDR - 2 Year - 1 to 50 licenses,https://www.leadersystems.com.au/Images/NWG-WGTSST30102.jpg,Watchguard,WGTSST30102,123.00,153.00
NWG-WGTSST30605,Managed Detection  Response (MDR),WatchGuard Total NDR - 5 Year - 1001 to 5000 licenses,https://www.leadersystems.com.au/Images/NWG-WGTSST30605.jpg,Watchguard,WGTSST30605,123.00,153.00
NWG-WGTSST30405,Managed Detection  Response (MDR),WatchGuard Total NDR - 5 Year - 251 to 500 licenses,https://www.leadersystems.com.au/Images/NWG-WGTSST30405.jpg,Watchguard,WGTSST30405,123.00,153.00
NWG-WGT1250084,Firewalls  Network Security,WatchGuard Total Security Suite for Firebox T125 - 4-Year,https://www.leadersystems.com.au/Images/NWG-WGT1250084.jpg,Watchguard,WGT1250084,1224.00,1658.00
NWG-WGT1260084,Firewalls  Network Security,WatchGuard Total Security Suite for Firebox T125-W - 4-Year,https://www.leadersystems.com.au/Images/NWG-WGT1260084.jpg,Watchguard,WGT1260084,1224.00,1658.00
NWG-WGAP33022022,Subscriptions  Licensing,WatchGuard USP Wi-Fi Management Renewal/Upgrade 2-yr for AP330,https://www.leadersystems.com.au/Images/NWG-WGAP33022022.jpg,Watchguard,WGAP33022022,155.00,194.00
NWG-WGAP43022022,Subscriptions  Licensing,WatchGuard USP Wi-Fi Management Renewal/Upgrade 2-yr for AP430CR,https://www.leadersystems.com.au/Images/NWG-WGAP43022022.jpg,Watchguard,WGAP43022022,155.00,194.00
NWG-WGAP43022025,Subscriptions  Licensing,WatchGuard USP Wi-Fi Management Renewal/Upgrade 5-yr for AP430CR,https://www.leadersystems.com.au/Images/NWG-WGAP43022025.jpg,Watchguard,WGAP43022025,155.00,194.00
