STOCK CODE,SUBCATEGORY NAME,SHORT DESCRIPTION,IMAGE,MANUFACTURER,MANUFACTURER SKU,DBP,RRP
NWG-MSS019528,Subscriptions  Licensing,WatchGuard MSSP 500 Pre Pay Points,https://www.leadersystems.com.au/Images/NWG-MSS019528.jpg,Watchguard,MSS019528,622,786
NWG-WG460301,Subscriptions  Licensing,WatchGuard NGFW Suite Renewal/Upgrade 1-yr for Firebox M4600,https://www.leadersystems.com.au/Images/NWG-WG460301.jpg,Watchguard,WG460301,7389,9374
NWG-WG460351,Subscriptions  Licensing,WatchGuard Total Security Suite Renewal/Upgrade 1-yr for Firebox M4600,https://www.leadersystems.com.au/Images/NWG-WG460351.jpg,Watchguard,WG460351,21720,27555
NWG-WGCSM331,Subscriptions  Licensing,WatchGuard Basic Security Suite Renewal/Upgrade 1-yr for Firebox Cloud Small,https://www.leadersystems.com.au/Images/NWG-WGCSM331.jpg,Watchguard,WGCSM331,936,1167
NWG-WGCSM203,Subscriptions  Licensing,WatchGuard Standard Support Renewal 3-yr for Firebox Cloud Small,https://www.leadersystems.com.au/Images/NWG-WGCSM203.jpg,Watchguard,WGCSM203,710,885
NWG-WGCME351,Subscriptions  Licensing,WatchGuard Total Security Suite Renewal/Upgrade 1-yr for Firebox Cloud Medium,https://www.leadersystems.com.au/Images/NWG-WGCME351.jpg,Watchguard,WGCME351,4633,5772
NWG-WGCME203,Subscriptions  Licensing,WatchGuard Standard Support Renewal 3-yr for Firebox Cloud Medium,https://www.leadersystems.com.au/Images/NWG-WGCME203.jpg,Watchguard,WGCME203,1673,2084
NWG-WGCME201,Subscriptions  Licensing,WatchGuard Standard Support Renewal 1-yr for Firebox Cloud Medium,https://www.leadersystems.com.au/Images/NWG-WGCME201.jpg,Watchguard,WGCME201,719,896
NWG-WGCLG351,Subscriptions  Licensing,WatchGuard Total Security Suite Renewal/Upgrade 1-yr for Firebox Cloud Large,https://www.leadersystems.com.au/Images/NWG-WGCLG351.jpg,Watchguard,WGCLG351,9872,12525
NWG-WGCLG333,Subscriptions  Licensing,WatchGuard Basic Security Suite Renewal/Upgrade 3-yr for Firebox Cloud Large,https://www.leadersystems.com.au/Images/NWG-WGCLG333.jpg,Watchguard,WGCLG333,10838,13750
NWG-WGCXL333,Subscriptions  Licensing,WatchGuard Basic Security Suite Renewal/Upgrade 3-yr for Firebox Cloud XLarge,https://www.leadersystems.com.au/Images/NWG-WGCXL333.jpg,Watchguard,WGCXL333,21590,27390
NWG-WGCXL331,Subscriptions  Licensing,WatchGuard Basic Security Suite Renewal/Upgrade 1-yr for Firebox Cloud XLarge,https://www.leadersystems.com.au/Images/NWG-WGCXL331.jpg,Watchguard,WGCXL331,9284,11778
NWG-WGVSM331,Subscriptions  Licensing,WatchGuard Basic Security Suite Renewal/Upgrade 1-yr for FireboxV Small,https://www.leadersystems.com.au/Images/NWG-WGVSM331.jpg,Watchguard,WGVSM331,936,1167
NWG-WGVSM203,Subscriptions  Licensing,WatchGuard Standard Support Renewal 3-yr for FireboxV Small,https://www.leadersystems.com.au/Images/NWG-WGVSM203.jpg,Watchguard,WGVSM203,710,885
NWG-WGVSM151,Subscriptions  Licensing,WatchGuard Application Control 1-yr for FireboxV Small,https://www.leadersystems.com.au/Images/NWG-WGVSM151.jpg,Watchguard,WGVSM151,460,574
NWG-WGVSM181,Subscriptions  Licensing,WatchGuard Network Discovery 1-yr for FireboxV Small,https://www.leadersystems.com.au/Images/NWG-WGVSM181.jpg,Watchguard,WGVSM181,460,574
NWG-WGVME141,Subscriptions  Licensing,WatchGuard Reputation Enabled Defense 1-yr for FireboxV Medium,https://www.leadersystems.com.au/Images/NWG-WGVME141.jpg,Watchguard,WGVME141,1070,1333
NWG-WGVME151,Subscriptions  Licensing,WatchGuard Application Control 1-yr for FireboxV Medium,https://www.leadersystems.com.au/Images/NWG-WGVME151.jpg,Watchguard,WGVME151,1070,1333
NWG-WGVLG131,Subscriptions  Licensing,WatchGuard Intrusion Prevention Service 1-yr for FireboxV Large,https://www.leadersystems.com.au/Images/NWG-WGVLG131.jpg,Watchguard,WGVLG131,2267,2876
NWG-WGVLG141,Subscriptions  Licensing,WatchGuard Reputation Enabled Defense 1-yr for FireboxV Large,https://www.leadersystems.com.au/Images/NWG-WGVLG141.jpg,Watchguard,WGVLG141,2267,2876
NWG-WGVXL121,Subscriptions  Licensing,WatchGuard Gateway AntiVirus 1-yr for FireboxV XLarge,https://www.leadersystems.com.au/Images/NWG-WGVXL121.jpg,Watchguard,WGVXL121,4521,5736
NWG-WGM57331,Subscriptions  Licensing,WatchGuard Basic Security Suite Renewal/Upgrade 1-yr for Firebox M570,https://www.leadersystems.com.au/Images/NWG-WGM57331.jpg,Watchguard,WGM57331,5205,6484
NWG-WGM57261,Subscriptions  Licensing,WatchGuard Gold Support Renewal/Upgrade 1-yr for Firebox M570,https://www.leadersystems.com.au/Images/NWG-WGM57261.jpg,Watchguard,WGM57261,2052,2557
NWG-WGM67331,Subscriptions  Licensing,WatchGuard Basic Security Suite Renewal/Upgrade 1-yr for Firebox M670,https://www.leadersystems.com.au/Images/NWG-WGM67331.jpg,Watchguard,WGM67331,7219,8994
NWG-WGWFC231,Subscriptions  Licensing,"WatchGuard 1-yr Total Wi-Fi Renewal/Upgrade, 1 AP",https://www.leadersystems.com.au/Images/NWG-WGWFC231.jpg,Watchguard,WGWFC231,255,318
NWG-WGT16181,Subscriptions  Licensing,WatchGuard Network Discovery 1-yr for Firebox T15-W,https://www.leadersystems.com.au/Images/NWG-WGT16181.jpg,Watchguard,WGT16181,174,217
NWG-MSS019530,Subscriptions  Licensing,WatchGuard MSSP 50000 Pre Pay Points,https://www.leadersystems.com.au/Images/NWG-MSS019530.jpg,Watchguard,MSS019530,62292,93079
NWG-WG460111,Email Security,WatchGuard spamBlocker 1-yr for Firebox M4600,https://www.leadersystems.com.au/Images/NWG-WG460111.jpg,Watchguard,WG460111,4546,5768
NWG-WG460131,Subscriptions  Licensing,WatchGuard Intrusion Prevention Service 1-yr for Firebox M4600,https://www.leadersystems.com.au/Images/NWG-WG460131.jpg,Watchguard,WG460131,4546,5768
NWG-WG561101,Cloud  Server Security,WatchGuard WebBlocker 1-yr for Firebox M5600,https://www.leadersystems.com.au/Images/NWG-WG561101.jpg,Watchguard,WG561101,11507,14599
NWG-WG561121,Subscriptions  Licensing,WatchGuard Gateway AntiVirus 1-yr for Firebox M5600,https://www.leadersystems.com.au/Images/NWG-WG561121.jpg,Watchguard,WG561121,11507,14599
NWG-WGM44181,Subscriptions  Licensing,WatchGuard Network Discovery 1-yr for Firebox M440,https://www.leadersystems.com.au/Images/NWG-WGM44181.jpg,Watchguard,WGM44181,2366,3002
NWG-WGCME643,Firewalls  Network Security,WatchGuard Firebox Cloud Medium with 3-yr Total Security Suite,https://www.leadersystems.com.au/Images/NWG-WGCME643.jpg,Watchguard,WGCME643,12443,16849
NWG-WGCME641,Firewalls  Network Security,WatchGuard Firebox Cloud Medium with 1-yr Total Security Suite,https://www.leadersystems.com.au/Images/NWG-WGCME641.jpg,Watchguard,WGCME641,6819,9234
NWG-WGCLG673,Firewalls  Network Security,Trade up to WatchGuard Firebox Cloud Large with 3-yr Total Security Suite,https://www.leadersystems.com.au/Images/NWG-WGCLG673.jpg,Watchguard,WGCLG673,24255,33448
NWG-WGCLG033,Firewalls  Network Security,WatchGuard Firebox Cloud Large with 3-yr Basic Security Suite,https://www.leadersystems.com.au/Images/NWG-WGCLG033.jpg,Watchguard,WGCLG033,15048,20751
NWG-WGCXL031,Firewalls  Network Security,WatchGuard Firebox Cloud XLarge with 1-yr Basic Security Suite,https://www.leadersystems.com.au/Images/NWG-WGCXL031.jpg,Watchguard,WGCXL031,18740,25843
NWG-WGCXL003,Firewalls  Network Security,WatchGuard Firebox Cloud XLarge with 3-yr Standard Support - Only available to WGOne Silver/Gold Partners,https://www.leadersystems.com.au/Images/NWG-WGCXL003.jpg,Watchguard,WGCXL003,17572,24232
NWG-WGVLG643,Firewalls  Network Security,WatchGuard FireboxV Large with 3-yr Total Security Suite,https://www.leadersystems.com.au/Images/NWG-WGVLG643.jpg,Watchguard,WGVLG643,26529,36583
NWG-WGVLG671,Firewalls  Network Security,Trade up to WatchGuard FireboxV Large with 1-yr Total Security Suite,https://www.leadersystems.com.au/Images/NWG-WGVLG671.jpg,Watchguard,WGVLG671,12262,16909
NWG-WG460101,Cloud  Server Security,WatchGuard WebBlocker 1-yr for Firebox M4600,https://www.leadersystems.com.au/Images/NWG-WG460101.jpg,Watchguard,WG460101,4546,5768
NWG-WG460121,Subscriptions  Licensing,WatchGuard Gateway AntiVirus 1-yr for Firebox M4600,https://www.leadersystems.com.au/Images/NWG-WG460121.jpg,Watchguard,WG460121,4546,5768
NWG-WGVXL033,Firewalls  Network Security,WatchGuard FireboxV XLarge with 3-yr Basic Security Suite,https://www.leadersystems.com.au/Images/NWG-WGVXL033.jpg,Watchguard,WGVXL033,30016,41392
NWG-WG561261,Subscriptions  Licensing,WatchGuard Gold Support Renewal/Upgrade 1-yr for Firebox M5600,https://www.leadersystems.com.au/Images/NWG-WG561261.jpg,Watchguard,WG561261,11408,14473
NWG-WG561111,Email Security,WatchGuard spamBlocker 1-yr for Firebox M5600,https://www.leadersystems.com.au/Images/NWG-WG561111.jpg,Watchguard,WG561111,11507,14599
NWG-WGCSM121,Subscriptions  Licensing,WatchGuard Gateway AntiVirus 1-yr for Firebox Cloud Small,https://www.leadersystems.com.au/Images/NWG-WGCSM121.jpg,Watchguard,WGCSM121,460,574
NWG-WGCME121,Subscriptions  Licensing,WatchGuard Gateway AntiVirus 1-yr for Firebox Cloud Medium,https://www.leadersystems.com.au/Images/NWG-WGCME121.jpg,Watchguard,WGCME121,1070,1333
NWG-WGCLG171,Cloud  Server Security,WatchGuard APT Blocker 1-yr for Firebox Cloud Large,https://www.leadersystems.com.au/Images/NWG-WGCLG171.jpg,Watchguard,WGCLG171,2267,2876
NWG-WGCLG121,Subscriptions  Licensing,WatchGuard Gateway AntiVirus 1-yr for Firebox Cloud Large,https://www.leadersystems.com.au/Images/NWG-WGCLG121.jpg,Watchguard,WGCLG121,2267,2876
NWG-WGCXL171,Cloud  Server Security,WatchGuard APT Blocker 1-yr for Firebox Cloud XLarge,https://www.leadersystems.com.au/Images/NWG-WGCXL171.jpg,Watchguard,WGCXL171,4521,5736
NWG-WGVSM171,Cloud  Server Security,WatchGuard APT Blocker 1-yr for FireboxV Small,https://www.leadersystems.com.au/Images/NWG-WGVSM171.jpg,Watchguard,WGVSM171,458,582
NWG-WGVME261,Subscriptions  Licensing,WatchGuard Gold Support Renewal/Upgrade 1-yr for FireboxV Medium,https://www.leadersystems.com.au/Images/NWG-WGVME261.jpg,Watchguard,WGVME261,1055,1314
NWG-WGVME171,Cloud  Server Security,WatchGuard APT Blocker 1-yr for FireboxV Medium,https://www.leadersystems.com.au/Images/NWG-WGVME171.jpg,Watchguard,WGVME171,1065,1352
NWG-WGVLG201,Subscriptions  Licensing,WatchGuard Standard Support Renewal 1-yr for FireboxV Large,https://www.leadersystems.com.au/Images/NWG-WGVLG201.jpg,Watchguard,WGVLG201,1437,1823
NWG-WG460141,Subscriptions  Licensing,WatchGuard Reputation Enabled Defense 1-yr for Firebox M4600,https://www.leadersystems.com.au/Images/NWG-WG460141.jpg,Watchguard,WG460141,4546,5768
NWG-WGCME523,Subscriptions  Licensing,WatchGuard Cloud 1-month data retention for Firebox Cloud Medium - 3-yr,https://www.leadersystems.com.au/Images/NWG-WGCME523.jpg,Watchguard,WGCME523,3202,3990
NWG-WGCME521,Subscriptions  Licensing,WatchGuard Cloud 1-month data retention for Firebox Cloud Medium - 1-yr,https://www.leadersystems.com.au/Images/NWG-WGCME521.jpg,Watchguard,WGCME521,1070,1333
NWG-WGM57521,Subscriptions  Licensing,WatchGuard Cloud 1-month data retention for M570 - 1-yr,https://www.leadersystems.com.au/Images/NWG-WGM57521.jpg,Watchguard,WGM57521,2071,2580
NWG-WG460331,Subscriptions  Licensing,WatchGuard Basic Security Suite Renewal/Upgrade 1-yr for Firebox M4600,https://www.leadersystems.com.au/Images/NWG-WG460331.jpg,Watchguard,WG460331,10708,13585
NWG-WG561201,Subscriptions  Licensing,WatchGuard Standard Support Renewal 1-yr for Firebox M5600,https://www.leadersystems.com.au/Images/NWG-WG561201.jpg,Watchguard,WG561201,8893,11283
NWG-WGVLG261,Subscriptions  Licensing,WatchGuard Gold Support Renewal/Upgrade 1-yr for FireboxV Large,https://www.leadersystems.com.au/Images/NWG-WGVLG261.jpg,Watchguard,WGVLG261,2124,2695
NWG-WGVXL331,Subscriptions  Licensing,WatchGuard Basic Security Suite Renewal/Upgrade 1-yr for FireboxV XLarge,https://www.leadersystems.com.au/Images/NWG-WGVXL331.jpg,Watchguard,WGVXL331,9284,11778
NWG-WGVXL201,Subscriptions  Licensing,WatchGuard Standard Support Renewal 1-yr for FireboxV XLarge,https://www.leadersystems.com.au/Images/NWG-WGVXL201.jpg,Watchguard,WGVXL201,3041,3858
NWG-WGM37351,Subscriptions  Licensing,WatchGuard Total Security Suite Renewal/Upgrade 1-yr for Firebox M370,https://www.leadersystems.com.au/Images/NWG-WGM37351.jpg,Watchguard,WGM37351,4172,5198
NWG-WGM37331,Subscriptions  Licensing,WatchGuard Basic Security Suite Renewal/Upgrade 1-yr for Firebox M370,https://www.leadersystems.com.au/Images/NWG-WGM37331.jpg,Watchguard,WGM37331,2058,2565
NWG-WGCSM101,Cloud  Server Security,WatchGuard WebBlocker 1-yr for Firebox Cloud Small,https://www.leadersystems.com.au/Images/NWG-WGCSM101.jpg,Watchguard,WGCSM101,460,574
NWG-WGCME101,Cloud  Server Security,WatchGuard WebBlocker 1-yr for Firebox Cloud Medium,https://www.leadersystems.com.au/Images/NWG-WGCME101.jpg,Watchguard,WGCME101,1070,1333
NWG-WGCLG101,Cloud  Server Security,WatchGuard WebBlocker 1-yr for Firebox Cloud Large,https://www.leadersystems.com.au/Images/NWG-WGCLG101.jpg,Watchguard,WGCLG101,2267,2876
NWG-WGCXL101,Cloud  Server Security,WatchGuard WebBlocker 1-yr for Firebox Cloud XLarge,https://www.leadersystems.com.au/Images/NWG-WGCXL101.jpg,Watchguard,WGCXL101,4521,5736
NWG-WGVSM101,Cloud  Server Security,WatchGuard WebBlocker 1-yr for FireboxV Small,https://www.leadersystems.com.au/Images/NWG-WGVSM101.jpg,Watchguard,WGVSM101,460,574
NWG-WGVME173,Cloud  Server Security,WatchGuard APT Blocker 3-yr for FireboxV Medium,https://www.leadersystems.com.au/Images/NWG-WGVME173.jpg,Watchguard,WGVME173,2539,3222
NWG-WGVLG203,Subscriptions  Licensing,WatchGuard Standard Support Renewal 3-yr for FireboxV Large,https://www.leadersystems.com.au/Images/NWG-WGVLG203.jpg,Watchguard,WGVLG203,3456,4385
NWG-WGVLG263,Subscriptions  Licensing,WatchGuard Gold Support Renewal/Upgrade 3-yr for FireboxV Large,https://www.leadersystems.com.au/Images/NWG-WGVLG263.jpg,Watchguard,WGVLG263,5091,6459
NWG-WGVXL333,Subscriptions  Licensing,WatchGuard Basic Security Suite Renewal/Upgrade 3-yr for FireboxV XLarge,https://www.leadersystems.com.au/Images/NWG-WGVXL333.jpg,Watchguard,WGVXL333,21590,27390
NWG-WGM37141,Subscriptions  Licensing,WatchGuard Reputation Enabled Defense 1-yr for Firebox M370,https://www.leadersystems.com.au/Images/NWG-WGM37141.jpg,Watchguard,WGM37141,821,1023
NWG-WGM37181,Subscriptions  Licensing,WatchGuard Network Discovery 1-yr for Firebox M370,https://www.leadersystems.com.au/Images/NWG-WGM37181.jpg,Watchguard,WGM37181,821,1023
NWG-WGM47351,Subscriptions  Licensing,WatchGuard Total Security Suite Renewal/Upgrade 1-yr for M470,https://www.leadersystems.com.au/Images/NWG-WGM47351.jpg,Watchguard,WGM47351,6809,8483
NWG-WGM47111,Email Security,WatchGuard spamBlocker 1-yr for M470,https://www.leadersystems.com.au/Images/NWG-WGM47111.jpg,Watchguard,WGM47111,1337,1666
NWG-WGVXL203,Subscriptions  Licensing,WatchGuard Standard Support Renewal 3-yr for FireboxV XLarge,https://www.leadersystems.com.au/Images/NWG-WGVXL203.jpg,Watchguard,WGVXL203,7079,8981
NWG-WGM37151,Subscriptions  Licensing,WatchGuard Application Control 1-yr for Firebox M370,https://www.leadersystems.com.au/Images/NWG-WGM37151.jpg,Watchguard,WGM37151,821,1023
NWG-WGM47131,Subscriptions  Licensing,WatchGuard Intrusion Prevention Service 1-yr for M470,https://www.leadersystems.com.au/Images/NWG-WGM47131.jpg,Watchguard,WGM47131,1331,1658
NWG-WGM47141,Subscriptions  Licensing,WatchGuard Reputation Enabled Defense 1-yr for M470,https://www.leadersystems.com.au/Images/NWG-WGM47141.jpg,Watchguard,WGM47141,1331,1658
NWG-WGM57101,Cloud  Server Security,WatchGuard WebBlocker 1-yr for Firebox M570,https://www.leadersystems.com.au/Images/NWG-WGM57101.jpg,Watchguard,WGM57101,2071,2580
NWG-WGMRA503,Firewalls  Network Security,WatchGuard Dimension Command 3-yr for Mid-Range Appliance,https://www.leadersystems.com.au/Images/NWG-WGMRA503.jpg,Watchguard,WGMRA503,616,767
NWG-WGCSM351,Subscriptions  Licensing,WatchGuard Total Security Suite Renewal/Upgrade 1-yr for Firebox Cloud Small,https://www.leadersystems.com.au/Images/NWG-WGCSM351.jpg,Watchguard,WGCSM351,1990,2479
NWG-WGCSM263,Subscriptions  Licensing,WatchGuard Gold Support Renewal/Upgrade 3-yr for Firebox Cloud Small,https://www.leadersystems.com.au/Images/NWG-WGCSM263.jpg,Watchguard,WGCSM263,1056,1316
NWG-WGCSM173,Cloud  Server Security,WatchGuard APT Blocker 3-yr for Firebox Cloud Small,https://www.leadersystems.com.au/Images/NWG-WGCSM173.jpg,Watchguard,WGCSM173,1094,1364
NWG-WGCME131,Subscriptions  Licensing,WatchGuard Intrusion Prevention Service 1-yr for Firebox Cloud Medium,https://www.leadersystems.com.au/Images/NWG-WGCME131.jpg,Watchguard,WGCME131,1070,1333
NWG-WGCME151,Subscriptions  Licensing,WatchGuard Application Control 1-yr for Firebox Cloud Medium,https://www.leadersystems.com.au/Images/NWG-WGCME151.jpg,Watchguard,WGCME151,1070,1333
NWG-WGCLG263,Subscriptions  Licensing,WatchGuard Gold Support Renewal/Upgrade 3-yr for Firebox Cloud Large,https://www.leadersystems.com.au/Images/NWG-WGCLG263.jpg,Watchguard,WGCLG263,5239,6648
NWG-WGCLG173,Cloud  Server Security,WatchGuard APT Blocker 3-yr for Firebox Cloud Large,https://www.leadersystems.com.au/Images/NWG-WGCLG173.jpg,Watchguard,WGCLG173,5450,6915
NWG-WGM47151,Subscriptions  Licensing,WatchGuard Application Control 1-yr for M470,https://www.leadersystems.com.au/Images/NWG-WGM47151.jpg,Watchguard,WGM47151,1331,1658
NWG-WGM57121,Subscriptions  Licensing,WatchGuard Gateway AntiVirus 1-yr for Firebox M570,https://www.leadersystems.com.au/Images/NWG-WGM57121.jpg,Watchguard,WGM57121,2071,2580
NWG-MSS019529,Subscriptions  Licensing,WatchGuard MSSP 5000 Pre Pay Points,https://www.leadersystems.com.au/Images/NWG-MSS019529.jpg,Watchguard,MSS019529,6218,7858
NWG-WG460151,Subscriptions  Licensing,WatchGuard Application Control 1-yr for Firebox M4600,https://www.leadersystems.com.au/Images/NWG-WG460151.jpg,Watchguard,WG460151,4546,5768
NWG-WGM57111,Email Security,WatchGuard spamBlocker 1-yr for Firebox M570,https://www.leadersystems.com.au/Images/NWG-WGM57111.jpg,Watchguard,WGM57111,2071,2580
NWG-WGM67101,Cloud  Server Security,WatchGuard WebBlocker 1-yr for Firebox M670,https://www.leadersystems.com.au/Images/NWG-WGM67101.jpg,Watchguard,WGM67101,2873,3579
NWG-WGM57131,Subscriptions  Licensing,WatchGuard Intrusion Prevention Service 1-yr for Firebox M570,https://www.leadersystems.com.au/Images/NWG-WGM57131.jpg,Watchguard,WGM57131,2071,2580
NWG-WGM67121,Subscriptions  Licensing,WatchGuard Gateway AntiVirus 1-yr for Firebox M670,https://www.leadersystems.com.au/Images/NWG-WGM67121.jpg,Watchguard,WGM67121,2873,3579
NWG-WG561151,Subscriptions  Licensing,WatchGuard Application Control 1-yr for Firebox M5600,https://www.leadersystems.com.au/Images/NWG-WG561151.jpg,Watchguard,WG561151,11507,14599
NWG-WG560181,Subscriptions  Licensing,WatchGuard Network Discovery 1-yr for Firebox M5600,https://www.leadersystems.com.au/Images/NWG-WG560181.jpg,Watchguard,WG560181,11507,14599
NWG-WG35R351,Subscriptions  Licensing,WatchGuard Total Security Suite Renewal/Upgrade 1-yr for Firebox T35-Rugged,https://www.leadersystems.com.au/Images/NWG-WG35R351.jpg,Watchguard,WG35R351,3035,3850
NWG-WGT15111,Email Security,WatchGuard spamBlocker 1-yr for Firebox T15,https://www.leadersystems.com.au/Images/NWG-WGT15111.jpg,Watchguard,WGT15111,137,171
NWG-WGT15131,Subscriptions  Licensing,WatchGuard Intrusion Prevention Service 1-yr for Firebox T15,https://www.leadersystems.com.au/Images/NWG-WGT15131.jpg,Watchguard,WGT15131,137,171
NWG-WGT15121,Subscriptions  Licensing,WatchGuard Gateway AntiVirus 1-yr for Firebox T15,https://www.leadersystems.com.au/Images/NWG-WGT15121.jpg,Watchguard,WGT15121,137,171
NWG-WGT15141,Subscriptions  Licensing,WatchGuard Reputation Enabled Defense 1-yr for Firebox T15,https://www.leadersystems.com.au/Images/NWG-WGT15141.jpg,Watchguard,WGT15141,137,171
NWG-MSS019526,Subscriptions  Licensing,WatchGuard MSSP 10000 Pre Pay Points,https://www.leadersystems.com.au/Images/NWG-MSS019526.jpg,Watchguard,MSS019526,12437,15715
NWG-MSS019525,Subscriptions  Licensing,WatchGuard MSSP 1000 Pre Pay Points,https://www.leadersystems.com.au/Images/NWG-MSS019525.jpg,Watchguard,MSS019525,1244,1572
NWG-WG460201,Subscriptions  Licensing,WatchGuard Standard Support Renewal 1-yr for Firebox M4600,https://www.leadersystems.com.au/Images/NWG-WG460201.jpg,Watchguard,WG460201,3512,4455
NWG-WGT16111,Email Security,WatchGuard spamBlocker 1-yr for Firebox T15-W,https://www.leadersystems.com.au/Images/NWG-WGT16111.jpg,Watchguard,WGT16111,174,217
NWG-WGM27351,Subscriptions  Licensing,WatchGuard Total Security Suite Renewal/Upgrade 1-yr for Firebox M270,https://www.leadersystems.com.au/Images/NWG-WGM27351.jpg,Watchguard,WGM27351,3240,4036
NWG-WGT16101,Cloud  Server Security,WatchGuard WebBlocker 1-yr for Firebox T15-W,https://www.leadersystems.com.au/Images/NWG-WGT16101.jpg,Watchguard,WGT16101,174,217
NWG-WGT16121,Subscriptions  Licensing,WatchGuard Gateway AntiVirus 1-yr for Firebox T15-W,https://www.leadersystems.com.au/Images/NWG-WGT16121.jpg,Watchguard,WGT16121,174,217
NWG-WG460261,Subscriptions  Licensing,WatchGuard Gold Support Renewal/Upgrade 1-yr for Firebox M4600,https://www.leadersystems.com.au/Images/NWG-WG460261.jpg,Watchguard,WG460261,4509,5720
NWG-WG561141,Subscriptions  Licensing,WatchGuard Reputation Enabled Defense 1-yr for Firebox M5600,https://www.leadersystems.com.au/Images/NWG-WG561141.jpg,Watchguard,WG561141,11507,14599
NWG-WGCXL131,Subscriptions  Licensing,WatchGuard Intrusion Prevention Service 1-yr for Firebox Cloud XLarge,https://www.leadersystems.com.au/Images/NWG-WGCXL131.jpg,Watchguard,WGCXL131,4521,5736
NWG-WGCXL151,Subscriptions  Licensing,WatchGuard Application Control 1-yr for Firebox Cloud XLarge,https://www.leadersystems.com.au/Images/NWG-WGCXL151.jpg,Watchguard,WGCXL151,4533,5752
NWG-WGVSM263,Subscriptions  Licensing,WatchGuard Gold Support Renewal/Upgrade 3-yr for FireboxV Small,https://www.leadersystems.com.au/Images/NWG-WGVSM263.jpg,Watchguard,WGVSM263,1056,1316
NWG-WGVSM173,Cloud  Server Security,WatchGuard APT Blocker 3-yr for FireboxV Small,https://www.leadersystems.com.au/Images/NWG-WGVSM173.jpg,Watchguard,WGVSM173,1090,1383
NWG-WGVME101,Cloud  Server Security,WatchGuard WebBlocker 1-yr for FireboxV Medium,https://www.leadersystems.com.au/Images/NWG-WGVME101.jpg,Watchguard,WGVME101,1070,1333
NWG-WGVME121,Subscriptions  Licensing,WatchGuard Gateway AntiVirus 1-yr for FireboxV Medium,https://www.leadersystems.com.au/Images/NWG-WGVME121.jpg,Watchguard,WGVME121,1070,1333
NWG-WGVLG353,Subscriptions  Licensing,WatchGuard Total Security Suite Renewal/Upgrade 3-yr for FireboxV Large,https://www.leadersystems.com.au/Images/NWG-WGVLG353.jpg,Watchguard,WGVLG353,22333,28333
NWG-WGVLG333,Subscriptions  Licensing,WatchGuard Basic Security Suite Renewal/Upgrade 3-yr for FireboxV Large,https://www.leadersystems.com.au/Images/NWG-WGVLG333.jpg,Watchguard,WGVLG333,10541,13373
NWG-WGM27141,Subscriptions  Licensing,WatchGuard Reputation Enabled Defense 1-yr for Firebox M270,https://www.leadersystems.com.au/Images/NWG-WGM27141.jpg,Watchguard,WGM27141,628,783
NWG-WGM27181,Subscriptions  Licensing,WatchGuard Network Discovery 1-yr for Firebox M270,https://www.leadersystems.com.au/Images/NWG-WGM27181.jpg,Watchguard,WGM27181,628,783
NWG-WGM27331,Subscriptions  Licensing,WatchGuard Basic Security Suite Renewal/Upgrade 1-yr for Firebox M270,https://www.leadersystems.com.au/Images/NWG-WGM27331.jpg,Watchguard,WGM27331,1598,1991
NWG-WGCSM671,Firewalls  Network Security,Trade up to WatchGuard Firebox Cloud Small with 1-yr Total Security Suite,https://www.leadersystems.com.au/Images/NWG-WGCSM671.jpg,Watchguard,WGCSM671,2460,3331
NWG-WGCSM033,Firewalls  Network Security,WatchGuard Firebox Cloud Small with 3-yr Basic Security Suite,https://www.leadersystems.com.au/Images/NWG-WGCSM033.jpg,Watchguard,WGCSM033,3021,4091
NWG-WGCME003,Firewalls  Network Security,WatchGuard Firebox Cloud Medium with 3-yr Standard Support - Only available to WGOne Silver/Gold Partners,https://www.leadersystems.com.au/Images/NWG-WGCME003.jpg,Watchguard,WGCME003,4136,5601
NWG-WGCME063,Firewalls  Network Security,Trade up to WatchGuard Firebox Cloud Medium with 3-yr Basic Security Suite,https://www.leadersystems.com.au/Images/NWG-WGCME063.jpg,Watchguard,WGCME063,6081,8235
NWG-WG561301,Subscriptions  Licensing,WatchGuard NGFW Suite Renewal/Upgrade 1-yr for Firebox M5600,https://www.leadersystems.com.au/Images/NWG-WG561301.jpg,Watchguard,WG561301,18704,23729
NWG-WG561331,Subscriptions  Licensing,WatchGuard Basic Security Suite Renewal/Upgrade 1-yr for Firebox M5600,https://www.leadersystems.com.au/Images/NWG-WG561331.jpg,Watchguard,WG561331,27120,34407
NWG-WGT21201,Subscriptions  Licensing,WatchGuard Standard Support Renewal 1-yr for Firebox T20-W,https://www.leadersystems.com.au/Images/NWG-WGT21201.jpg,Watchguard,WGT21201,159,198
NWG-WGCSM171,Cloud  Server Security,WatchGuard APT Blocker 1-yr for Firebox Cloud Small,https://www.leadersystems.com.au/Images/NWG-WGCSM171.jpg,Watchguard,WGCSM171,460,574
NWG-WGCSM151,Subscriptions  Licensing,WatchGuard Application Control 1-yr for Firebox Cloud Small,https://www.leadersystems.com.au/Images/NWG-WGCSM151.jpg,Watchguard,WGCSM151,460,574
NWG-WGCME263,Subscriptions  Licensing,WatchGuard Gold Support Renewal/Upgrade 3-yr for Firebox Cloud Medium,https://www.leadersystems.com.au/Images/NWG-WGCME263.jpg,Watchguard,WGCME263,2462,3068
NWG-WGCLG353,Subscriptions  Licensing,WatchGuard Total Security Suite Renewal/Upgrade 3-yr for Firebox Cloud Large,https://www.leadersystems.com.au/Images/NWG-WGCLG353.jpg,Watchguard,WGCLG353,22958,29127
NWG-WGCLG261,Subscriptions  Licensing,WatchGuard Gold Support Renewal/Upgrade 1-yr for Firebox Cloud Large,https://www.leadersystems.com.au/Images/NWG-WGCLG261.jpg,Watchguard,WGCLG261,2254,2860
NWG-WGCLG131,Subscriptions  Licensing,WatchGuard Intrusion Prevention Service 1-yr for Firebox Cloud Large,https://www.leadersystems.com.au/Images/NWG-WGCLG131.jpg,Watchguard,WGCLG131,2267,2876
NWG-WGCXL173,Cloud  Server Security,WatchGuard APT Blocker 3-yr for Firebox Cloud XLarge,https://www.leadersystems.com.au/Images/NWG-WGCXL173.jpg,Watchguard,WGCXL173,10863,13782
NWG-WGCXL141,Subscriptions  Licensing,WatchGuard Reputation Enabled Defense 1-yr for Firebox Cloud XLarge,https://www.leadersystems.com.au/Images/NWG-WGCXL141.jpg,Watchguard,WGCXL141,4521,5736
NWG-WGVXL263,Subscriptions  Licensing,WatchGuard Gold Support Renewal/Upgrade 3-yr for FireboxV XLarge,https://www.leadersystems.com.au/Images/NWG-WGVXL263.jpg,Watchguard,WGVXL263,10448,13255
NWG-WGVXL173,Cloud  Server Security,WatchGuard APT Blocker 3-yr for FireboxV XLarge,https://www.leadersystems.com.au/Images/NWG-WGVXL173.jpg,Watchguard,WGVXL173,10863,13782
NWG-WGVXL131,Subscriptions  Licensing,WatchGuard Intrusion Prevention Service 1-yr for FireboxV XLarge,https://www.leadersystems.com.au/Images/NWG-WGVXL131.jpg,Watchguard,WGVXL131,4521,5736
NWG-WGVXL151,Subscriptions  Licensing,WatchGuard Application Control 1-yr for FireboxV XLarge,https://www.leadersystems.com.au/Images/NWG-WGVXL151.jpg,Watchguard,WGVXL151,4533,5752
NWG-WGM47121,Subscriptions  Licensing,WatchGuard Gateway AntiVirus 1-yr for M470,https://www.leadersystems.com.au/Images/NWG-WGM47121.jpg,Watchguard,WGM47121,1331,1658
NWG-WG460181,Subscriptions  Licensing,WatchGuard Network Discovery 1-yr for Firebox M4600,https://www.leadersystems.com.au/Images/NWG-WG460181.jpg,Watchguard,WG460181,4546,5768
NWG-WG561351,Subscriptions  Licensing,WatchGuard Total Security Suite Renewal/Upgrade 1-yr for Firebox M5600,https://www.leadersystems.com.au/Images/NWG-WG561351.jpg,Watchguard,WG561351,58386,78019
NWG-WGT20201,Subscriptions  Licensing,WatchGuard Standard Support Renewal 1-yr for Firebox T20,https://www.leadersystems.com.au/Images/NWG-WGT20201.jpg,Watchguard,WGT20201,139,173
NWG-WGM57151,Subscriptions  Licensing,WatchGuard Application Control 1-yr for Firebox M570,https://www.leadersystems.com.au/Images/NWG-WGM57151.jpg,Watchguard,WGM57151,2071,2580
NWG-WGM67201,Subscriptions  Licensing,WatchGuard Standard Support Renewal 1-yr for Firebox M670,https://www.leadersystems.com.au/Images/NWG-WGM67201.jpg,Watchguard,WGM67201,2226,2774
NWG-WGCSM031,Firewalls  Network Security,WatchGuard Firebox Cloud Small with 1-yr Basic Security Suite,https://www.leadersystems.com.au/Images/NWG-WGCSM031.jpg,Watchguard,WGCSM031,1888,2557
NWG-WGCME001,Firewalls  Network Security,WatchGuard Firebox Cloud Medium with 1-yr Standard Support - Only available to WGOne Silver/Gold Partners,https://www.leadersystems.com.au/Images/NWG-WGCME001.jpg,Watchguard,WGCME001,3267,4424
NWG-WGCME061,Firewalls  Network Security,Trade up to WatchGuard Firebox Cloud Medium with 1-yr Basic Security Suite,https://www.leadersystems.com.au/Images/NWG-WGCME061.jpg,Watchguard,WGCME061,3432,4648
NWG-WGCXL641,Firewalls  Network Security,WatchGuard Firebox Cloud XLarge with 1-yr Total Security Suite,https://www.leadersystems.com.au/Images/NWG-WGCXL641.jpg,Watchguard,WGCXL641,29019,40017
NWG-WGVSM641,Firewalls  Network Security,WatchGuard FireboxV Small with 1-yr Total Security Suite,https://www.leadersystems.com.au/Images/NWG-WGVSM641.jpg,Watchguard,WGVSM641,2918,3951
NWG-WGVSM671,Firewalls  Network Security,Trade up to WatchGuard FireboxV Small with 1-yr Total Security Suite,https://www.leadersystems.com.au/Images/NWG-WGVSM671.jpg,Watchguard,WGVSM671,2460,3331
NWG-WGVME033,Firewalls  Network Security,WatchGuard FireboxV Medium with 3-yr Basic Security Suite,https://www.leadersystems.com.au/Images/NWG-WGVME033.jpg,Watchguard,WGVME033,7059,9560
NWG-WGVME003,Firewalls  Network Security,WatchGuard FireboxV Medium with 3-yr Standard Support - Only available to WGOne Silver/Gold Partners,https://www.leadersystems.com.au/Images/NWG-WGVME003.jpg,Watchguard,WGVME003,4136,5601
NWG-WGCXL643,Firewalls  Network Security,WatchGuard Firebox Cloud XLarge with 3-yr Total Security Suite,https://www.leadersystems.com.au/Images/NWG-WGCXL643.jpg,Watchguard,WGCXL643,59508,86429
NWG-WGVSM673,Firewalls  Network Security,Trade up to WatchGuard FireboxV Small with 3-yr Total Security Suite,https://www.leadersystems.com.au/Images/NWG-WGVSM673.jpg,Watchguard,WGVSM673,4868,6593
NWG-WGVME031,Firewalls  Network Security,WatchGuard FireboxV Medium with 1-yr Basic Security Suite,https://www.leadersystems.com.au/Images/NWG-WGVME031.jpg,Watchguard,WGVME031,4405,5965
NWG-WGVME001,Firewalls  Network Security,WatchGuard FireboxV Medium with 1-yr Standard Support - Only available to WGOne Silver/Gold Partners,https://www.leadersystems.com.au/Images/NWG-WGVME001.jpg,Watchguard,WGVME001,3267,4424
NWG-WGVLG061,Firewalls  Network Security,Trade up to WatchGuard FireboxV Large with 1-yr Basic Security Suite,https://www.leadersystems.com.au/Images/NWG-WGVLG061.jpg,Watchguard,WGVLG061,7316,10089
NWG-WG8598,Watchguard Accessories,WatchGuard Firebox M5600 Hot Swap Power Supply,https://www.leadersystems.com.au/Images/NWG-WG8598.jpg,Watchguard,WG8598,1280,1721
NWG-WGM67261,Subscriptions  Licensing,WatchGuard Gold Support Renewal/Upgrade 1-yr for Firebox M670,https://www.leadersystems.com.au/Images/NWG-WGM67261.jpg,Watchguard,WGM67261,2842,3541
NWG-WGT15261,Subscriptions  Licensing,WatchGuard Gold Support Renewal/Upgrade 1-yr for Firebox T15,https://www.leadersystems.com.au/Images/NWG-WGT15261.jpg,Watchguard,WGT15261,146,182
NWG-WGT15101,Cloud  Server Security,WatchGuard WebBlocker 1-yr for Firebox T15,https://www.leadersystems.com.au/Images/NWG-WGT15101.jpg,Watchguard,WGT15101,137,171
NWG-WGT16141,Subscriptions  Licensing,WatchGuard Reputation Enabled Defense 1-yr for Firebox T15-W,https://www.leadersystems.com.au/Images/NWG-WGT16141.jpg,Watchguard,WGT16141,174,217
NWG-WGVLG063,Firewalls  Network Security,Trade up to WatchGuard FireboxV Large with 3-yr Basic Security Suite,https://www.leadersystems.com.au/Images/NWG-WGVLG063.jpg,Watchguard,WGVLG063,12962,17875
NWG-WG8583,Watchguard Accessories,Transceiver 10Gb Short-Range SFP+ for WatchGuard Firebox M,https://www.leadersystems.com.au/Images/NWG-WG8583.jpg,Watchguard,WG8583,456,605
NWG-WGT16351,Subscriptions  Licensing,WatchGuard Total Security Suite Renewal/Upgrade 1-yr for Firebox T15-W,https://www.leadersystems.com.au/Images/NWG-WGT16351.jpg,Watchguard,WGT16351,745,929
NWG-WGT16331,Subscriptions  Licensing,WatchGuard Basic Security Suite Renewal/Upgrade 1-yr for Firebox T15-W,https://www.leadersystems.com.au/Images/NWG-WGT16331.jpg,Watchguard,WGT16331,356,444
NWG-WGVME521,Subscriptions  Licensing,WatchGuard Cloud 1-month data retention for FireboxV Medium - 1-yr,https://www.leadersystems.com.au/Images/NWG-WGVME521.jpg,Watchguard,WGVME521,1070,1333
NWG-WGVSM521,Subscriptions  Licensing,WatchGuard Cloud 1-month data retention for FireboxV Small - 1-yr,https://www.leadersystems.com.au/Images/NWG-WGVSM521.jpg,Watchguard,WGVSM521,460,574
NWG-WGCSM141,Subscriptions  Licensing,WatchGuard Reputation Enabled Defense 1-yr for Firebox Cloud Small,https://www.leadersystems.com.au/Images/NWG-WGCSM141.jpg,Watchguard,WGCSM141,460,574
NWG-WGCME353,Subscriptions  Licensing,WatchGuard Total Security Suite Renewal/Upgrade 3-yr for Firebox Cloud Medium,https://www.leadersystems.com.au/Images/NWG-WGCME353.jpg,Watchguard,WGCME353,10776,13425
NWG-WGCME261,Subscriptions  Licensing,WatchGuard Gold Support Renewal/Upgrade 1-yr for Firebox Cloud Medium,https://www.leadersystems.com.au/Images/NWG-WGCME261.jpg,Watchguard,WGCME261,1055,1314
NWG-WGCME171,Cloud  Server Security,WatchGuard APT Blocker 1-yr for Firebox Cloud Medium,https://www.leadersystems.com.au/Images/NWG-WGCME171.jpg,Watchguard,WGCME171,1070,1333
NWG-WGCLG141,Subscriptions  Licensing,WatchGuard Reputation Enabled Defense 1-yr for Firebox Cloud Large,https://www.leadersystems.com.au/Images/NWG-WGCLG141.jpg,Watchguard,WGCLG141,2267,2876
NWG-WGCXL353,Subscriptions  Licensing,WatchGuard Total Security Suite Renewal/Upgrade 3-yr for Firebox Cloud XLarge,https://www.leadersystems.com.au/Images/NWG-WGCXL353.jpg,Watchguard,WGCXL353,45780,67782
NWG-WGCXL201,Subscriptions  Licensing,WatchGuard Standard Support Renewal 1-yr for Firebox Cloud XLarge,https://www.leadersystems.com.au/Images/NWG-WGCXL201.jpg,Watchguard,WGCXL201,3041,3858
NWG-WGCXL261,Subscriptions  Licensing,WatchGuard Gold Support Renewal/Upgrade 1-yr for Firebox Cloud XLarge,https://www.leadersystems.com.au/Images/NWG-WGCXL261.jpg,Watchguard,WGCXL261,4496,5705
NWG-WGVME523,Subscriptions  Licensing,WatchGuard Cloud 1-month data retention for FireboxV Medium - 3-yr,https://www.leadersystems.com.au/Images/NWG-WGVME523.jpg,Watchguard,WGVME523,3202,3990
NWG-WGVSM523,Subscriptions  Licensing,WatchGuard Cloud 1-month data retention for FireboxV Small - 3-yr,https://www.leadersystems.com.au/Images/NWG-WGVSM523.jpg,Watchguard,WGVSM523,1374,1712
NWG-WGVSM201,Subscriptions  Licensing,WatchGuard Standard Support Renewal 1-yr for FireboxV Small,https://www.leadersystems.com.au/Images/NWG-WGVSM201.jpg,Watchguard,WGVSM201,303,379
NWG-WGVSM141,Subscriptions  Licensing,WatchGuard Reputation Enabled Defense 1-yr for FireboxV Small,https://www.leadersystems.com.au/Images/NWG-WGVSM141.jpg,Watchguard,WGVSM141,460,574
NWG-WGVME203,Subscriptions  Licensing,WatchGuard Standard Support Renewal 3-yr for FireboxV Medium,https://www.leadersystems.com.au/Images/NWG-WGVME203.jpg,Watchguard,WGVME203,1667,2077
NWG-WGVLG331,Subscriptions  Licensing,WatchGuard Basic Security Suite Renewal/Upgrade 1-yr for FireboxV Large,https://www.leadersystems.com.au/Images/NWG-WGVLG331.jpg,Watchguard,WGVLG331,4385,5563
NWG-WGVLG151,Subscriptions  Licensing,WatchGuard Application Control 1-yr for FireboxV Large,https://www.leadersystems.com.au/Images/NWG-WGVLG151.jpg,Watchguard,WGVLG151,2267,2876
NWG-WGVXL171,Cloud  Server Security,WatchGuard APT Blocker 1-yr for FireboxV XLarge,https://www.leadersystems.com.au/Images/NWG-WGVXL171.jpg,Watchguard,WGVXL171,4521,5736
NWG-WGVXL141,Subscriptions  Licensing,WatchGuard Reputation Enabled Defense 1-yr for FireboxV XLarge,https://www.leadersystems.com.au/Images/NWG-WGVXL141.jpg,Watchguard,WGVXL141,4521,5736
NWG-WGM37131,Subscriptions  Licensing,WatchGuard Intrusion Prevention Service 1-yr for Firebox M370,https://www.leadersystems.com.au/Images/NWG-WGM37131.jpg,Watchguard,WGM37131,821,1023
NWG-WGM47331,Subscriptions  Licensing,WatchGuard Basic Security Suite Renewal/Upgrade 1-yr for M470,https://www.leadersystems.com.au/Images/NWG-WGM47331.jpg,Watchguard,WGM47331,3364,4191
NWG-WGM57141,Subscriptions  Licensing,WatchGuard Reputation Enabled Defense 1-yr for Firebox M570,https://www.leadersystems.com.au/Images/NWG-WGM57141.jpg,Watchguard,WGM57141,2071,2580
NWG-WGEMA081,Email Security,Panda Email Protection - 1 Year - 1001 to 3000 users,https://www.leadersystems.com.au/Images/NWG-WGEMA081.jpg,Watchguard,WGEMA081,13,18
NWG-WGEMA071,Email Security,Panda Email Protection - 1 Year - 501 to 1000 users,https://www.leadersystems.com.au/Images/NWG-WGEMA071.jpg,Watchguard,WGEMA071,19,26
NWG-WGM67131,Subscriptions  Licensing,WatchGuard Intrusion Prevention Service 1-yr for Firebox M670,https://www.leadersystems.com.au/Images/NWG-WGM67131.jpg,Watchguard,WGM67131,2873,3579
NWG-WGWFC241,Subscriptions  Licensing,"WatchGuard 1-yr Secure Wi-Fi Renewal/Upgrade, 1 AP",https://www.leadersystems.com.au/Images/NWG-WGWFC241.jpg,Watchguard,WGWFC241,168,210
NWG-WGT15171,Cloud  Server Security,WatchGuard APT Blocker 1-yr for Firebox T15,https://www.leadersystems.com.au/Images/NWG-WGT15171.jpg,Watchguard,WGT15171,137,171
NWG-WGVSM111,Email Security,WatchGuard spamBlocker 1-yr for FireboxV Small,https://www.leadersystems.com.au/Images/NWG-WGVSM111.jpg,Watchguard,WGVSM111,460,574
NWG-WGVSM131,Subscriptions  Licensing,WatchGuard Intrusion Prevention Service 1-yr for FireboxV Small,https://www.leadersystems.com.au/Images/NWG-WGVSM131.jpg,Watchguard,WGVSM131,460,574
NWG-WGVME331,Subscriptions  Licensing,WatchGuard Basic Security Suite Renewal/Upgrade 1-yr for FireboxV Medium,https://www.leadersystems.com.au/Images/NWG-WGVME331.jpg,Watchguard,WGVME331,2183,2720
NWG-WGVME201,Subscriptions  Licensing,WatchGuard Standard Support Renewal 1-yr for FireboxV Medium,https://www.leadersystems.com.au/Images/NWG-WGVME201.jpg,Watchguard,WGVME201,719,896
NWG-WGVLG171,Cloud  Server Security,WatchGuard APT Blocker 1-yr for FireboxV Large,https://www.leadersystems.com.au/Images/NWG-WGVLG171.jpg,Watchguard,WGVLG171,2267,2876
NWG-WGVLG181,Subscriptions  Licensing,WatchGuard Network Discovery 1-yr for FireboxV Large,https://www.leadersystems.com.au/Images/NWG-WGVLG181.jpg,Watchguard,WGVLG181,2267,2876
NWG-WGVXL351,Subscriptions  Licensing,WatchGuard Total Security Suite Renewal/Upgrade 1-yr for FireboxV XLarge,https://www.leadersystems.com.au/Images/NWG-WGVXL351.jpg,Watchguard,WGVXL351,19682,24970
NWG-WGM37201,Subscriptions  Licensing,WatchGuard Standard Support Renewal 1-yr for Firebox M370,https://www.leadersystems.com.au/Images/NWG-WGM37201.jpg,Watchguard,WGM37201,640,798
NWG-WGCSM643,Firewalls  Network Security,WatchGuard Firebox Cloud Small with 3-yr Total Security Suite,https://www.leadersystems.com.au/Images/NWG-WGCSM643.jpg,Watchguard,WGCSM643,5332,7220
NWG-WGCSM673,Firewalls  Network Security,Trade up to WatchGuard Firebox Cloud Small with 3-yr Total Security Suite,https://www.leadersystems.com.au/Images/NWG-WGCSM673.jpg,Watchguard,WGCSM673,4868,6593
NWG-WGCLG641,Firewalls  Network Security,WatchGuard Firebox Cloud Large with 1-yr Total Security Suite,https://www.leadersystems.com.au/Images/NWG-WGCLG641.jpg,Watchguard,WGCLG641,14558,20075
NWG-WGCLG031,Firewalls  Network Security,WatchGuard Firebox Cloud Large with 1-yr Basic Security Suite,https://www.leadersystems.com.au/Images/NWG-WGCLG031.jpg,Watchguard,WGCLG031,9401,12965
NWG-WGCLG001,Firewalls  Network Security,WatchGuard Firebox Cloud Large with 1-yr Standard Support - Only available to WGOne Silver/Gold Partners,https://www.leadersystems.com.au/Images/NWG-WGCLG001.jpg,Watchguard,WGCLG001,6963,9602
NWG-WGCLG061,Firewalls  Network Security,Trade up to WatchGuard Firebox Cloud Large with 1-yr Basic Security Suite,https://www.leadersystems.com.au/Images/NWG-WGCLG061.jpg,Watchguard,WGCLG061,7316,10089
NWG-WGVSM033,Firewalls  Network Security,WatchGuard FireboxV Small with 3-yr Basic Security Suite,https://www.leadersystems.com.au/Images/NWG-WGVSM033.jpg,Watchguard,WGVSM033,3021,4091
NWG-WGVSM003,Firewalls  Network Security,WatchGuard FireboxV Small with 3-yr Standard Support - Only available to WGOne Silver/Gold Partners,https://www.leadersystems.com.au/Images/NWG-WGVSM003.jpg,Watchguard,WGVSM003,1768,2394
NWG-WGT15331,Subscriptions  Licensing,WatchGuard Basic Security Suite Renewal/Upgrade 1-yr for Firebox T15,https://www.leadersystems.com.au/Images/NWG-WGT15331.jpg,Watchguard,WGT15331,284,354
NWG-WGT16201,Subscriptions  Licensing,WatchGuard Standard Support Renewal 1-yr for Firebox T15-W,https://www.leadersystems.com.au/Images/NWG-WGT16201.jpg,Watchguard,WGT16201,119,148
NWG-WGM37261,Subscriptions  Licensing,WatchGuard Gold Support Renewal/Upgrade 1-yr for Firebox M370,https://www.leadersystems.com.au/Images/NWG-WGM37261.jpg,Watchguard,WGM37261,811,1011
NWG-WGM37101,Cloud  Server Security,WatchGuard WebBlocker 1-yr for Firebox M370,https://www.leadersystems.com.au/Images/NWG-WGM37101.jpg,Watchguard,WGM37101,821,1023
NWG-WGT16151,Subscriptions  Licensing,WatchGuard Application Control 1-yr for Firebox T15-W,https://www.leadersystems.com.au/Images/NWG-WGT16151.jpg,Watchguard,WGT16151,174,217
NWG-WGM27111,Email Security,WatchGuard spamBlocker 1-yr for Firebox M270,https://www.leadersystems.com.au/Images/NWG-WGM27111.jpg,Watchguard,WGM27111,628,783
NWG-WGM37111,Email Security,WatchGuard spamBlocker 1-yr for Firebox M370,https://www.leadersystems.com.au/Images/NWG-WGM37111.jpg,Watchguard,WGM37111,821,1023
NWG-WGM47181,Subscriptions  Licensing,WatchGuard Network Discovery 1-yr for M470,https://www.leadersystems.com.au/Images/NWG-WGM47181.jpg,Watchguard,WGM47181,1331,1658
NWG-WGT80341,Subscriptions  Licensing,WatchGuard Basic Security Suite Renewal/Upgrade 1-yr for Firebox T80,https://www.leadersystems.com.au/Images/NWG-WGT80341.jpg,Watchguard,WGT80341,1262,1573
NWG-WGT80261,Subscriptions  Licensing,WatchGuard Gold Support Renewal/Upgrade 1-yr for Firebox T80,https://www.leadersystems.com.au/Images/NWG-WGT80261.jpg,Watchguard,WGT80261,620,773
NWG-WGM57351,Subscriptions  Licensing,WatchGuard Total Security Suite Renewal/Upgrade 1-yr for Firebox M570,https://www.leadersystems.com.au/Images/NWG-WGM57351.jpg,Watchguard,WGM57351,10546,13139
NWG-WGM67111,Email Security,WatchGuard spamBlocker 1-yr for Firebox M670,https://www.leadersystems.com.au/Images/NWG-WGM67111.jpg,Watchguard,WGM67111,2873,3579
NWG-WGVSM063,Firewalls  Network Security,Trade up to WatchGuard FireboxV Small with 3-yr Basic Security Suite,https://www.leadersystems.com.au/Images/NWG-WGVSM063.jpg,Watchguard,WGVSM063,2603,3525
NWG-WGVME641,Firewalls  Network Security,WatchGuard FireboxV Medium with 1-yr Total Security Suite,https://www.leadersystems.com.au/Images/NWG-WGVME641.jpg,Watchguard,WGVME641,6819,9234
NWG-WGVME671,Firewalls  Network Security,Trade up to WatchGuard FireboxV Medium with 1-yr Total Security Suite,https://www.leadersystems.com.au/Images/NWG-WGVME671.jpg,Watchguard,WGVME671,5744,7778
NWG-WGVXL643,Firewalls  Network Security,WatchGuard FireboxV XLarge with 3-yr Total Security Suite,https://www.leadersystems.com.au/Images/NWG-WGVXL643.jpg,Watchguard,WGVXL643,59508,86429
NWG-WGVXL673,Firewalls  Network Security,Trade up to WatchGuard FireboxV XLarge with 3-yr Total Security Suite,https://www.leadersystems.com.au/Images/NWG-WGVXL673.jpg,Watchguard,WGVXL673,48363,78999
NWG-WGVXL063,Firewalls  Network Security,Trade up to WatchGuard FireboxV XLarge with 3-yr Basic Security Suite,https://www.leadersystems.com.au/Images/NWG-WGVXL063.jpg,Watchguard,WGVXL063,25856,35656
NWG-WG8022,Watchguard Accessories,Transceiver 40Gb Short-Range QSFP+ for WatchGuard Firebox M,https://www.leadersystems.com.au/Images/NWG-WG8022.jpg,Watchguard,WG8022,897,1203
NWG-WG9004,Watchguard Accessories,WatchGuard Dual-Band Omni Antennas (5/7 dBi) AP430CR/AP327X,https://www.leadersystems.com.au/Images/NWG-WG9004.jpg,Watchguard,WG9004,68,80.78
NWG-WG8592,Watchguard Accessories,WatchGuard Firebox M 8 Port 1Gb Copper Module,https://www.leadersystems.com.au/Images/NWG-WG8592.jpg,Watchguard,WG8592,1280,1721
NWG-WG8594,Watchguard Accessories,WatchGuard Firebox M 4 Port 10Gb SFP+ Fiber Module,https://www.leadersystems.com.au/Images/NWG-WG8594.jpg,Watchguard,WG8594,1790,2413
NWG-WGT40351,Subscriptions  Licensing,WatchGuard Total Security Suite Renewal/Upgrade 1-yr for Firebox T40,https://www.leadersystems.com.au/Images/NWG-WGT40351.jpg,Watchguard,WGT40351,1424,1774
NWG-WGT40341,Subscriptions  Licensing,WatchGuard Basic Security Suite Renewal/Upgrade 1-yr for Firebox T40,https://www.leadersystems.com.au/Images/NWG-WGT40341.jpg,Watchguard,WGT40341,742,925
NWG-WGT20351,Subscriptions  Licensing,WatchGuard Total Security Suite Renewal/Upgrade 1-yr for Firebox T20,https://www.leadersystems.com.au/Images/NWG-WGT20351.jpg,Watchguard,WGT20351,751,936
NWG-WGM67141,Subscriptions  Licensing,WatchGuard Reputation Enabled Defense 1-yr for Firebox M670,https://www.leadersystems.com.au/Images/NWG-WGM67141.jpg,Watchguard,WGM67141,2873,3579
NWG-WGT15151,Subscriptions  Licensing,WatchGuard Application Control 1-yr for Firebox T15,https://www.leadersystems.com.au/Images/NWG-WGT15151.jpg,Watchguard,WGT15151,137,171
NWG-WGM27201,Subscriptions  Licensing,WatchGuard Standard Support Renewal 1-yr for Firebox M270,https://www.leadersystems.com.au/Images/NWG-WGM27201.jpg,Watchguard,WGM27201,488,609
NWG-WGM27261,Subscriptions  Licensing,WatchGuard Gold Support Renewal/Upgrade 1-yr for Firebox M270,https://www.leadersystems.com.au/Images/NWG-WGM27261.jpg,Watchguard,WGM27261,633,789
NWG-WGCSM641,Firewalls  Network Security,WatchGuard Firebox Cloud Small with 1-yr Total Security Suite,https://www.leadersystems.com.au/Images/NWG-WGCSM641.jpg,Watchguard,WGCSM641,2918,3951
NWG-WGCSM001,Firewalls  Network Security,WatchGuard Firebox Cloud Small with 1-yr Standard Support - Only available to WGOne Silver/Gold Partners,https://www.leadersystems.com.au/Images/NWG-WGCSM001.jpg,Watchguard,WGCSM001,1396,1891
NWG-WGCME031,Firewalls  Network Security,WatchGuard Firebox Cloud Medium with 1-yr Basic Security Suite,https://www.leadersystems.com.au/Images/NWG-WGCME031.jpg,Watchguard,WGCME031,4405,5965
NWG-WGCLG643,Firewalls  Network Security,WatchGuard Firebox Cloud Large with 3-yr Total Security Suite,https://www.leadersystems.com.au/Images/NWG-WGCLG643.jpg,Watchguard,WGCLG643,26529,36583
NWG-WGCLG003,Firewalls  Network Security,WatchGuard Firebox Cloud Large with 3-yr Standard Support - Only available to WGOne Silver/Gold Partners,https://www.leadersystems.com.au/Images/NWG-WGCLG003.jpg,Watchguard,WGCLG003,8814,12155
NWG-WGCXL033,Firewalls  Network Security,WatchGuard Firebox Cloud XLarge with 3-yr Basic Security Suite,https://www.leadersystems.com.au/Images/NWG-WGCXL033.jpg,Watchguard,WGCXL033,30016,41392
NWG-WGVSM031,Firewalls  Network Security,WatchGuard FireboxV Small with 1-yr Basic Security Suite,https://www.leadersystems.com.au/Images/NWG-WGVSM031.jpg,Watchguard,WGVSM031,1888,2557
NWG-WGVLG033,Firewalls  Network Security,WatchGuard FireboxV Large with 3-yr Basic Security Suite,https://www.leadersystems.com.au/Images/NWG-WGVLG033.jpg,Watchguard,WGVLG033,15048,20751
NWG-WGM27121,Subscriptions  Licensing,WatchGuard Gateway AntiVirus 1-yr for Firebox M270,https://www.leadersystems.com.au/Images/NWG-WGM27121.jpg,Watchguard,WGM27121,628,783
NWG-WGM27131,Subscriptions  Licensing,WatchGuard Intrusion Prevention Service 1-yr for Firebox M270,https://www.leadersystems.com.au/Images/NWG-WGM27131.jpg,Watchguard,WGM27131,628,783
NWG-WGM47521,Subscriptions  Licensing,WatchGuard Cloud 1-month data retention for M470 - 1-yr,https://www.leadersystems.com.au/Images/NWG-WGM47521.jpg,Watchguard,WGM47521,1337,1666
NWG-WGVXL671,Firewalls  Network Security,Trade up to WatchGuard FireboxV XLarge with 1-yr Total Security Suite,https://www.leadersystems.com.au/Images/NWG-WGVXL671.jpg,Watchguard,WGVXL671,24443,33708
NWG-WGVXL061,Firewalls  Network Security,Trade up to WatchGuard FireboxV XLarge with 1-yr Basic Security Suite,https://www.leadersystems.com.au/Images/NWG-WGVXL061.jpg,Watchguard,WGVXL061,14581,20107
NWG-WG8602,Watchguard Accessories,WatchGuard 802.3at PoE+ Injector with AC cord (AU) for all APs,https://www.leadersystems.com.au/Images/NWG-WG8602.jpg,Watchguard,WG8602,85,103
NWG-WGT41341,Subscriptions  Licensing,WatchGuard Basic Security Suite Renewal/Upgrade 1-yr for Firebox T40-W,https://www.leadersystems.com.au/Images/NWG-WGT41341.jpg,Watchguard,WGT41341,897,1118
NWG-WGT41261,Subscriptions  Licensing,WatchGuard Gold Support Renewal/Upgrade 1-yr for Firebox T40-W,https://www.leadersystems.com.au/Images/NWG-WGT41261.jpg,Watchguard,WGT41261,442,551
NWG-WGEMA083,Email Security,Panda Email Protection - 3 Year - 1001 to 3000 users,https://www.leadersystems.com.au/Images/NWG-WGEMA083.jpg,Watchguard,WGEMA083,36,48
NWG-WGT21351,Subscriptions  Licensing,WatchGuard Total Security Suite Renewal/Upgrade 1-yr for Firebox T20-W,https://www.leadersystems.com.au/Images/NWG-WGT21351.jpg,Watchguard,WGT21351,905,1128
NWG-WGCSM003,Firewalls  Network Security,WatchGuard Firebox Cloud Small with 3-yr Standard Support - Only available to WGOne Silver/Gold Partners,https://www.leadersystems.com.au/Images/NWG-WGCSM003.jpg,Watchguard,WGCSM003,1768,2394
NWG-WGCSM063,Firewalls  Network Security,Trade up to WatchGuard Firebox Cloud Small with 3-yr Basic Security Suite,https://www.leadersystems.com.au/Images/NWG-WGCSM063.jpg,Watchguard,WGCSM063,2603,3525
NWG-WGCME671,Firewalls  Network Security,Trade up to WatchGuard Firebox Cloud Medium with 1-yr Total Security Suite,https://www.leadersystems.com.au/Images/NWG-WGCME671.jpg,Watchguard,WGCME671,5744,7778
NWG-WGCME033,Firewalls  Network Security,WatchGuard Firebox Cloud Medium with 3-yr Basic Security Suite,https://www.leadersystems.com.au/Images/NWG-WGCME033.jpg,Watchguard,WGCME033,7059,9560
NWG-WGCXL673,Firewalls  Network Security,Trade up to WatchGuard Firebox Cloud XLarge with 3-yr Total Security Suite,https://www.leadersystems.com.au/Images/NWG-WGCXL673.jpg,Watchguard,WGCXL673,48363,78999
NWG-WGVSM643,Firewalls  Network Security,WatchGuard FireboxV Small with 3-yr Total Security Suite,https://www.leadersystems.com.au/Images/NWG-WGVSM643.jpg,Watchguard,WGVSM643,5332,7220
NWG-WGVME061,Firewalls  Network Security,Trade up to WatchGuard FireboxV Medium with 1-yr Basic Security Suite,https://www.leadersystems.com.au/Images/NWG-WGVME061.jpg,Watchguard,WGVME061,3432,4648
NWG-WGDNS30101,Cloud  Server Security,WatchGuard DNSWatchGO - 1 Year - 1 to 50 Users - License Per User,https://www.leadersystems.com.au/Images/NWG-WGDNS30101.jpg,Watchguard,WGDNS30101,47,59
NWG-WG9012,Watchguard Accessories,WatchGuard Firebox M4800 Hot Swap Power Supply,https://www.leadersystems.com.au/Images/NWG-WG9012.jpg,Watchguard,WG9012,1280,1721
NWG-WG9013,Watchguard Accessories,WatchGuard Firebox M5800 Hot Swap Power Supply,https://www.leadersystems.com.au/Images/NWG-WG9013.jpg,Watchguard,WG9013,1280,1721
NWG-WGATH30503,Identity  Access Security,WatchGuard AuthPoint - 3 Year - 501 to 1000 Users - License Per User,https://www.leadersystems.com.au/Images/NWG-WGATH30503.jpg,Watchguard,WGATH30503,51,64
NWG-WGATH30601,Identity  Access Security,WatchGuard AuthPoint - 1 Year - 1001 to 5000 Users - License Per User,https://www.leadersystems.com.au/Images/NWG-WGATH30601.jpg,Watchguard,WGATH30601,19,24
NWG-WGM48173,Cloud  Server Security,WatchGuard APT Blocker 3-yr for Firebox M4800,https://www.leadersystems.com.au/Images/NWG-WGM48173.jpg,Watchguard,WGM48173,13099,16618
NWG-WGVLG523,Subscriptions  Licensing,WatchGuard Cloud 1-month data retention for FireboxV Large - 3-yr,https://www.leadersystems.com.au/Images/NWG-WGVLG523.jpg,Watchguard,WGVLG523,6806,8635
NWG-WG561521,Subscriptions  Licensing,WatchGuard Cloud 1-month data retention for M5600 - 1-yr,https://www.leadersystems.com.au/Images/NWG-WG561521.jpg,Watchguard,WG561521,11507,14599
NWG-WGEMA063,Email Security,Panda Email Protection - 3 Year - 251 to 500 users,https://www.leadersystems.com.au/Images/NWG-WGEMA063.jpg,Watchguard,WGEMA063,58,77
NWG-WGEPL011,Endpoint  Mobile Protection,Panda Endpoint Protection Plus - 1 Year - 1 to 10 users,https://www.leadersystems.com.au/Images/NWG-WGEPL011.jpg,Watchguard,WGEPL011,49,63
NWG-MSS019524,Subscriptions  Licensing,WatchGuard MSSP 100 Pre Pay Points,https://www.leadersystems.com.au/Images/NWG-MSS019524.jpg,Watchguard,MSS019524,124,158
NWG-WG460171,Cloud  Server Security,WatchGuard APT Blocker 1-yr for Firebox M4600,https://www.leadersystems.com.au/Images/NWG-WG460171.jpg,Watchguard,WG460171,4998,6341
NWG-WGM48201,Subscriptions  Licensing,WatchGuard Standard Support Renewal 1-yr for Firebox M4800,https://www.leadersystems.com.au/Images/NWG-WGM48201.jpg,Watchguard,WGM48201,4063,5155
NWG-WGPSP30601,Subscriptions  Licensing,WatchGuard Passport (EPDR + AuthPoint + DNSWatchGO) - 1 Year - 1001 to 5000 Users - License Per User,https://www.leadersystems.com.au/Images/NWG-WGPSP30601.jpg,Watchguard,WGPSP30601,65,82
NWG-WGPSP30603,Subscriptions  Licensing,WatchGuard Passport (EPDR + AuthPoint + DNSWatchGO) - 3 Year - 1001 to 5000 Users - License Per User,https://www.leadersystems.com.au/Images/NWG-WGPSP30603.jpg,Watchguard,WGPSP30603,157,196
NWG-WGVLG031,Firewalls  Network Security,WatchGuard FireboxV Large with 1-yr Basic Security Suite,https://www.leadersystems.com.au/Images/NWG-WGVLG031.jpg,Watchguard,WGVLG031,9401,12965
NWG-WGVLG001,Firewalls  Network Security,WatchGuard FireboxV Large with 1-yr Standard Support - Only available to WGOne Silver/Gold Partners,https://www.leadersystems.com.au/Images/NWG-WGVLG001.jpg,Watchguard,WGVLG001,6963,9602
NWG-WG8596,Watchguard Accessories,WATCHGUARD FIREBOX M RACK RAILS KIT,https://www.leadersystems.com.au/Images/NWG-WG8596.jpg,Watchguard,WG8596,162,220
NWG-WG35R201,Subscriptions  Licensing,WatchGuard Standard Support Renewal 1-yr for Firebox T35-Rugged,https://www.leadersystems.com.au/Images/NWG-WG35R201.jpg,Watchguard,WG35R201,401,509
NWG-WG35R261,Subscriptions  Licensing,WatchGuard Gold Support Renewal/Upgrade 1-yr for Firebox T35-Rugged,https://www.leadersystems.com.au/Images/NWG-WG35R261.jpg,Watchguard,WG35R261,591,750
NWG-WGEMA093,Email Security,Panda Email Protection - 3 Year - 3000+ users,https://www.leadersystems.com.au/Images/NWG-WGEMA093.jpg,Watchguard,WGEMA093,36,48
NWG-WGEMA073,Email Security,Panda Email Protection - 3 Year - 501 to 1000 users,https://www.leadersystems.com.au/Images/NWG-WGEMA073.jpg,Watchguard,WGEMA073,52,69
NWG-WGEPL021,Endpoint  Mobile Protection,Panda Endpoint Protection Plus - 1 Year - 11 to 25 users,https://www.leadersystems.com.au/Images/NWG-WGEPL021.jpg,Watchguard,WGEPL021,45,57
NWG-WG561171,Cloud  Server Security,WatchGuard APT Blocker 1-yr for Firebox M5600,https://www.leadersystems.com.au/Images/NWG-WG561171.jpg,Watchguard,WG561171,12659,16060
NWG-WGMRA501,Firewalls  Network Security,WatchGuard Dimension Command 1-yr for Mid-Range Appliance,https://www.leadersystems.com.au/Images/NWG-WGMRA501.jpg,Watchguard,WGMRA501,286,357
NWG-WGCSM333,Subscriptions  Licensing,WatchGuard Basic Security Suite Renewal/Upgrade 3-yr for Firebox Cloud Small,https://www.leadersystems.com.au/Images/NWG-WGCSM333.jpg,Watchguard,WGCSM333,2176,2712
NWG-WGCSM201,Subscriptions  Licensing,WatchGuard Standard Support Renewal 1-yr for Firebox Cloud Small,https://www.leadersystems.com.au/Images/NWG-WGCSM201.jpg,Watchguard,WGCSM201,303,379
NWG-WGCME333,Subscriptions  Licensing,WatchGuard Basic Security Suite Renewal/Upgrade 3-yr for Firebox Cloud Medium,https://www.leadersystems.com.au/Images/NWG-WGCME333.jpg,Watchguard,WGCME333,5080,6329
NWG-WGCXL523,Subscriptions  Licensing,WatchGuard Cloud 1-month data retention for Firebox Cloud XLarge - 3-yr,https://www.leadersystems.com.au/Images/NWG-WGCXL523.jpg,Watchguard,WGCXL523,13594,17247
NWG-WGM59020803,Cloud  Server Security,WatchGuard APT Blocker 3-yr for Firebox M590,https://www.leadersystems.com.au/Images/NWG-WGM59020803.jpg,Watchguard,WGM59020803,5323,6631
NWG-WGM59040203,Subscriptions  Licensing,WatchGuard Basic Security Suite Renewal/Upgrade 3-yr for Firebox M590,https://www.leadersystems.com.au/Images/NWG-WGM59040203.jpg,Watchguard,WGM59040203,10901,13580
NWG-WGT41201,Subscriptions  Licensing,WatchGuard Standard Support Renewal 1-yr for Firebox T40-W,https://www.leadersystems.com.au/Images/NWG-WGT41201.jpg,Watchguard,WGT41201,303,379
NWG-WGM69040301,Subscriptions  Licensing,WatchGuard Total Security Suite Renewal/Upgrade 1-yr for Firebox M690,https://www.leadersystems.com.au/Images/NWG-WGM69040301.jpg,Watchguard,WGM69040301,12095,15067
NWG-WGM69040203,Subscriptions  Licensing,WatchGuard Basic Security Suite Renewal/Upgrade 3-yr for Firebox M690,https://www.leadersystems.com.au/Images/NWG-WGM69040203.jpg,Watchguard,WGM69040203,15123,18840
NWG-WGT41171,Cloud  Server Security,WatchGuard APT Blocker 1-yr for Firebox T40-W,https://www.leadersystems.com.au/Images/NWG-WGT41171.jpg,Watchguard,WGT41171,410,512
NWG-WGT21341,Subscriptions  Licensing,WatchGuard Basic Security Suite Renewal/Upgrade 1-yr for Firebox T20-W,https://www.leadersystems.com.au/Images/NWG-WGT21341.jpg,Watchguard,WGT21341,465,579
NWG-WGCLG523,Subscriptions  Licensing,WatchGuard Cloud 1-month data retention for Firebox Cloud Large - 3-yr,https://www.leadersystems.com.au/Images/NWG-WGCLG523.jpg,Watchguard,WGCLG523,6806,8635
NWG-WGVXL521,Subscriptions  Licensing,WatchGuard Cloud 1-month data retention for FireboxV XLarge - 1-yr,https://www.leadersystems.com.au/Images/NWG-WGVXL521.jpg,Watchguard,WGVXL521,4533,5752
NWG-WGVLG521,Subscriptions  Licensing,WatchGuard Cloud 1-month data retention for FireboxV Large - 1-yr,https://www.leadersystems.com.au/Images/NWG-WGVLG521.jpg,Watchguard,WGVLG521,2267,2876
NWG-WGM37521,Subscriptions  Licensing,WatchGuard Cloud 1-month data retention for M370 - 1-yr,https://www.leadersystems.com.au/Images/NWG-WGM37521.jpg,Watchguard,WGM37521,821,1023
NWG-WGM29040703,Subscriptions  Licensing,WatchGuard Gold Support Renewal/Upgrade 3-yr for Firebox M290,https://www.leadersystems.com.au/Images/NWG-WGM29040703.jpg,Watchguard,WGM29040703,1847,2301
NWG-WGM29040303,Subscriptions  Licensing,WatchGuard Total Security Suite Renewal/Upgrade 3-yr for Firebox M290,https://www.leadersystems.com.au/Images/NWG-WGM29040303.jpg,Watchguard,WGM29040303,6989,8708
NWG-WGT21261,Subscriptions  Licensing,WatchGuard Gold Support Renewal/Upgrade 1-yr for Firebox T20-W,https://www.leadersystems.com.au/Images/NWG-WGT21261.jpg,Watchguard,WGT21261,231,288
NWG-WGM29040301,Subscriptions  Licensing,WatchGuard Total Security Suite Renewal/Upgrade 1-yr for Firebox M290,https://www.leadersystems.com.au/Images/NWG-WGM29040301.jpg,Watchguard,WGM29040301,2916,3634
NWG-WGM39040303,Subscriptions  Licensing,WatchGuard Total Security Suite Renewal/Upgrade 3-yr for Firebox M390,https://www.leadersystems.com.au/Images/NWG-WGM39040303.jpg,Watchguard,WGM39040303,10515,13100
NWG-WGATH30201,Identity  Access Security,WatchGuard AuthPoint - 1 Year - 51 to 100 Users - License Per User,https://www.leadersystems.com.au/Images/NWG-WGATH30201.jpg,Watchguard,WGATH30201,31,39
NWG-WGATH30301,Identity  Access Security,WatchGuard AuthPoint - 1 Year - 101 to 250 Users - License Per User,https://www.leadersystems.com.au/Images/NWG-WGATH30301.jpg,Watchguard,WGATH30301,28,35
NWG-WGDNS30303,Cloud  Server Security,WatchGuard DNSWatchGO - 3 Year - 101 to 250 Users - License Per User,https://www.leadersystems.com.au/Images/NWG-WGDNS30303.jpg,Watchguard,WGDNS30303,89,111
NWG-WGDNS30403,Cloud  Server Security,WatchGuard DNSWatchGO - 3 Year - 251 to 500 Users - License Per User,https://www.leadersystems.com.au/Images/NWG-WGDNS30403.jpg,Watchguard,WGDNS30403,79,99
NWG-WGM48351,Subscriptions  Licensing,WatchGuard Total Security Suite Renewal/Upgrade 1-yr for Firebox M4800,https://www.leadersystems.com.au/Images/NWG-WGM48351.jpg,Watchguard,WGM48351,21429,27186
NWG-WGM39040703,Subscriptions  Licensing,WatchGuard Gold Support Renewal/Upgrade 3-yr for Firebox M390,https://www.leadersystems.com.au/Images/NWG-WGM39040703.jpg,Watchguard,WGM39040703,2780,3463
NWG-WGM39040701,Subscriptions  Licensing,WatchGuard Gold Support Renewal/Upgrade 1-yr for Firebox M390,https://www.leadersystems.com.au/Images/NWG-WGM39040701.jpg,Watchguard,WGM39040701,1194,1488
NWG-WGM58201,Subscriptions  Licensing,WatchGuard Standard Support Renewal 1-yr for Firebox M5800,https://www.leadersystems.com.au/Images/NWG-WGM58201.jpg,Watchguard,WGM58201,9432,11967
NWG-WGM58221,Subscriptions  Licensing,WatchGuard Gold Support Renewal/Upgrade 1-yr for Firebox M5800,https://www.leadersystems.com.au/Images/NWG-WGM58221.jpg,Watchguard,WGM58221,13532,17168
NWG-WGCME331,Subscriptions  Licensing,WatchGuard Basic Security Suite Renewal/Upgrade 1-yr for Firebox Cloud Medium,https://www.leadersystems.com.au/Images/NWG-WGCME331.jpg,Watchguard,WGCME331,2183,2720
NWG-WGCLG331,Subscriptions  Licensing,WatchGuard Basic Security Suite Renewal/Upgrade 1-yr for Firebox Cloud Large,https://www.leadersystems.com.au/Images/NWG-WGCLG331.jpg,Watchguard,WGCLG331,4651,5901
NWG-WGCLG203,Subscriptions  Licensing,WatchGuard Standard Support Renewal 3-yr for Firebox Cloud Large,https://www.leadersystems.com.au/Images/NWG-WGCLG203.jpg,Watchguard,WGCLG203,3555,4510
NWG-WGCXL351,Subscriptions  Licensing,WatchGuard Total Security Suite Renewal/Upgrade 1-yr for Firebox Cloud XLarge,https://www.leadersystems.com.au/Images/NWG-WGCXL351.jpg,Watchguard,WGCXL351,19682,24970
NWG-WGCXL203,Subscriptions  Licensing,WatchGuard Standard Support Renewal 3-yr for Firebox Cloud XLarge,https://www.leadersystems.com.au/Images/NWG-WGCXL203.jpg,Watchguard,WGCXL203,7079,8981
NWG-WGVSM351,Subscriptions  Licensing,WatchGuard Total Security Suite Renewal/Upgrade 1-yr for FireboxV Small,https://www.leadersystems.com.au/Images/NWG-WGVSM351.jpg,Watchguard,WGVSM351,1990,2479
NWG-WGVSM333,Subscriptions  Licensing,WatchGuard Basic Security Suite Renewal/Upgrade 3-yr for FireboxV Small,https://www.leadersystems.com.au/Images/NWG-WGVSM333.jpg,Watchguard,WGVSM333,2176,2712
NWG-WGVME353,Subscriptions  Licensing,WatchGuard Total Security Suite Renewal/Upgrade 3-yr for FireboxV Medium,https://www.leadersystems.com.au/Images/NWG-WGVME353.jpg,Watchguard,WGVME353,10764,13410
NWG-WG9020,Watchguard Accessories,WatchGuard Firebox M 3rd Gen 2 x 10Gb SFP+ Fiber Module,https://www.leadersystems.com.au/Images/NWG-WG9020.jpg,Watchguard,WG9020,1133,1564
NWG-WGPSP30101,Subscriptions  Licensing,WatchGuard Passport (EPDR + AuthPoint + DNSWatchGO) - 1 Year - 1 to 50 Users - License Per User,https://www.leadersystems.com.au/Images/NWG-WGPSP30101.jpg,Watchguard,WGPSP30101,126,157
NWG-WGPSP30201,Subscriptions  Licensing,WatchGuard Passport (EPDR + AuthPoint + DNSWatchGO) - 1 Year - 51 to 100 Users - License Per User,https://www.leadersystems.com.au/Images/NWG-WGPSP30201.jpg,Watchguard,WGPSP30201,111,138
NWG-WGATH30101,Identity  Access Security,WatchGuard AuthPoint - 1 Year - 1 to 50 Users - License Per User,https://www.leadersystems.com.au/Images/NWG-WGATH30101.jpg,Watchguard,WGATH30101,35,45
NWG-WGM69020801,Cloud  Server Security,WatchGuard APT Blocker 1-yr for Firebox M690,https://www.leadersystems.com.au/Images/NWG-WGM69020801.jpg,Watchguard,WGM69020801,3078,3835
NWG-WG35R331,Subscriptions  Licensing,WatchGuard Basic Security Suite Renewal/Upgrade 1-yr for Firebox T35-Rugged,https://www.leadersystems.com.au/Images/NWG-WG35R331.jpg,Watchguard,WG35R331,1437,1823
NWG-WGATH30203,Identity  Access Security,WatchGuard AuthPoint - 3 Year - 51 to 100 Users - License Per User,https://www.leadersystems.com.au/Images/NWG-WGATH30203.jpg,Watchguard,WGATH30203,75,94
NWG-WGDNS30301,Cloud  Server Security,WatchGuard DNSWatchGO - 1 Year - 101 to 250 Users - License Per User,https://www.leadersystems.com.au/Images/NWG-WGDNS30301.jpg,Watchguard,WGDNS30301,37,47
NWG-WGDNS30401,Cloud  Server Security,WatchGuard DNSWatchGO - 1 Year - 251 to 500 Users - License Per User,https://www.leadersystems.com.au/Images/NWG-WGDNS30401.jpg,Watchguard,WGDNS30401,33,42
NWG-WGDNS30501,Cloud  Server Security,WatchGuard DNSWatchGO - 1 Year - 501 to 1000 Users - License Per User,https://www.leadersystems.com.au/Images/NWG-WGDNS30501.jpg,Watchguard,WGDNS30501,28,36
NWG-WGM48353,Subscriptions  Licensing,WatchGuard Total Security Suite Renewal/Upgrade 3-yr for Firebox M4800,https://www.leadersystems.com.au/Images/NWG-WGM48353.jpg,Watchguard,WGM48353,49874,72909
NWG-WGM59040301,Subscriptions  Licensing,WatchGuard Total Security Suite Renewal/Upgrade 1-yr for Firebox M590,https://www.leadersystems.com.au/Images/NWG-WGM59040301.jpg,Watchguard,WGM59040301,8712,10853
NWG-WGM69040101,Subscriptions  Licensing,WatchGuard Standard Support Renewal 1-yr for Firebox M690,https://www.leadersystems.com.au/Images/NWG-WGM69040101.jpg,Watchguard,WGM69040101,2288,2851
NWG-WGEMA053,Email Security,Panda Email Protection - 3 Year - 101 to 250 users,https://www.leadersystems.com.au/Images/NWG-WGEMA053.jpg,Watchguard,WGEMA053,59,79
NWG-WGEMA033,Email Security,Panda Email Protection - 3 Year - 26 to 50 users,https://www.leadersystems.com.au/Images/NWG-WGEMA033.jpg,Watchguard,WGEMA033,63,83
NWG-WGM29020803,Cloud  Server Security,WatchGuard APT Blocker 3-yr for Firebox M290,https://www.leadersystems.com.au/Images/NWG-WGM29020803.jpg,Watchguard,WGM29020803,1785,2224
NWG-WGM58203,Subscriptions  Licensing,WatchGuard Standard Support Renewal 3-yr for Firebox M5800,https://www.leadersystems.com.au/Images/NWG-WGM58203.jpg,Watchguard,WGM58203,21930,27823
NWG-WGM58223,Subscriptions  Licensing,WatchGuard Gold Support Renewal/Upgrade 3-yr for Firebox M5800,https://www.leadersystems.com.au/Images/NWG-WGM58223.jpg,Watchguard,WGM58223,31511,39978
NWG-WGM39040203,Subscriptions  Licensing,WatchGuard Basic Security Suite Renewal/Upgrade 3-yr for Firebox M390,https://www.leadersystems.com.au/Images/NWG-WGM39040203.jpg,Watchguard,WGM39040203,5478,6825
NWG-WGM39020803,Cloud  Server Security,WatchGuard APT Blocker 3-yr for Firebox M390,https://www.leadersystems.com.au/Images/NWG-WGM39020803.jpg,Watchguard,WGM39020803,2680,3339
NWG-WG9018,Watchguard Accessories,WatchGuard Firebox M 3rd Gen 4 x 1Gb Copper Module,https://www.leadersystems.com.au/Images/NWG-WG9018.jpg,Watchguard,WG9018,741,1022
NWG-WGPSP30103,Subscriptions  Licensing,WatchGuard Passport (EPDR + AuthPoint + DNSWatchGO) - 3 Year - 1 to 50 Users - License Per User,https://www.leadersystems.com.au/Images/NWG-WGPSP30103.jpg,Watchguard,WGPSP30103,301,376
NWG-WGPSP30203,Subscriptions  Licensing,WatchGuard Passport (EPDR + AuthPoint + DNSWatchGO) - 3 Year - 51 to 100 Users - License Per User,https://www.leadersystems.com.au/Images/NWG-WGPSP30203.jpg,Watchguard,WGPSP30203,265,331
NWG-WGT80201,Subscriptions  Licensing,WatchGuard Standard Support Renewal 1-yr for Firebox T80,https://www.leadersystems.com.au/Images/NWG-WGT80201.jpg,Watchguard,WGT80201,435,543
NWG-WGT80171,Cloud  Server Security,WatchGuard APT Blocker 1-yr for Firebox T80,https://www.leadersystems.com.au/Images/NWG-WGT80171.jpg,Watchguard,WGT80171,578,721
NWG-WGEMA021,Email Security,Panda Email Protection - 1 Year - 11 to 25 users,https://www.leadersystems.com.au/Images/NWG-WGEMA021.jpg,Watchguard,WGEMA021,23,31
NWG-WGEMA043,Email Security,Panda Email Protection - 3 Year - 51 to 100 users,https://www.leadersystems.com.au/Images/NWG-WGEMA043.jpg,Watchguard,WGEMA043,61,81
NWG-WGT40261,Subscriptions  Licensing,WatchGuard Gold Support Renewal/Upgrade 1-yr for Firebox T40,https://www.leadersystems.com.au/Images/NWG-WGT40261.jpg,Watchguard,WGT40261,363,452
NWG-WGT40201,Subscriptions  Licensing,WatchGuard Standard Support Renewal 1-yr for Firebox T40,https://www.leadersystems.com.au/Images/NWG-WGT40201.jpg,Watchguard,WGT40201,251,313
NWG-WGT20171,Cloud  Server Security,WatchGuard APT Blocker 1-yr for Firebox T20,https://www.leadersystems.com.au/Images/NWG-WGT20171.jpg,Watchguard,WGT20171,174,217
NWG-MSS019527,Subscriptions  Licensing,WatchGuard MSSP 25000 Pre Pay Points,https://www.leadersystems.com.au/Images/NWG-MSS019527.jpg,Watchguard,MSS019527,31091,39286
NWG-WG561131,Subscriptions  Licensing,WatchGuard Intrusion Prevention Service 1-yr for Firebox M5600,https://www.leadersystems.com.au/Images/NWG-WG561131.jpg,Watchguard,WG561131,11507,14599
NWG-WGCSM353,Subscriptions  Licensing,WatchGuard Total Security Suite Renewal/Upgrade 3-yr for Firebox Cloud Small,https://www.leadersystems.com.au/Images/NWG-WGCSM353.jpg,Watchguard,WGCSM353,4614,5748
NWG-WGCSM261,Subscriptions  Licensing,WatchGuard Gold Support Renewal/Upgrade 1-yr for Firebox Cloud Small,https://www.leadersystems.com.au/Images/NWG-WGCSM261.jpg,Watchguard,WGCSM261,455,568
NWG-WGCSM131,Subscriptions  Licensing,WatchGuard Intrusion Prevention Service 1-yr for Firebox Cloud Small,https://www.leadersystems.com.au/Images/NWG-WGCSM131.jpg,Watchguard,WGCSM131,460,574
NWG-WGCME173,Cloud  Server Security,WatchGuard APT Blocker 3-yr for Firebox Cloud Medium,https://www.leadersystems.com.au/Images/NWG-WGCME173.jpg,Watchguard,WGCME173,2549,3177
NWG-WGCME141,Subscriptions  Licensing,WatchGuard Reputation Enabled Defense 1-yr for Firebox Cloud Medium,https://www.leadersystems.com.au/Images/NWG-WGCME141.jpg,Watchguard,WGCME141,1070,1333
NWG-WGCLG201,Subscriptions  Licensing,WatchGuard Standard Support Renewal 1-yr for Firebox Cloud Large,https://www.leadersystems.com.au/Images/NWG-WGCLG201.jpg,Watchguard,WGCLG201,1524,1933
NWG-WGPTCH30403,Endpoint  Mobile Protection,Watchguard Endpoint Module - Patch Management - 3 Year - 251 to 500 licenses,https://www.leadersystems.com.au/Images/NWG-WGPTCH30403.jpg,Watchguard,WGPTCH30403,50,63
NWG-WGPTCH30401,Endpoint  Mobile Protection,Watchguard Endpoint Module - Patch Management - 1 Year - 251 to 500 licenses,https://www.leadersystems.com.au/Images/NWG-WGPTCH30401.jpg,Watchguard,WGPTCH30401,21,27
NWG-WGPTCH30101,Endpoint  Mobile Protection,Watchguard Endpoint Module - Patch Management - 1 Year - 1 to 50 licenses,https://www.leadersystems.com.au/Images/NWG-WGPTCH30101.jpg,Watchguard,WGPTCH30101,30,38
NWG-WGINSG30201,Endpoint  Mobile Protection,Watchguard Endpoint Module - Advanced Reporting Tool - 1 Year - 51 to 100 licenses,https://www.leadersystems.com.au/Images/NWG-WGINSG30201.jpg,Watchguard,WGINSG30201,19,24
NWG-WGENCR30403,Endpoint  Mobile Protection,Watchguard Endpoint Module - Full Encryption - 3 Year - 251 to 500 licenses,https://www.leadersystems.com.au/Images/NWG-WGENCR30403.jpg,Watchguard,WGENCR30403,38,47
NWG-WGENCR30303,Endpoint  Mobile Protection,Watchguard Endpoint Module - Full Encryption - 3 Year - 101 to 250 licenses,https://www.leadersystems.com.au/Images/NWG-WGENCR30303.jpg,Watchguard,WGENCR30303,42,53
NWG-WGENCR30301,Endpoint  Mobile Protection,Watchguard Endpoint Module - Full Encryption - 1 Year - 101 to 250 licenses,https://www.leadersystems.com.au/Images/NWG-WGENCR30301.jpg,Watchguard,WGENCR30301,18,22
NWG-WGM69020803,Cloud  Server Security,WatchGuard APT Blocker 3-yr for Firebox M690,https://www.leadersystems.com.au/Images/NWG-WGM69020803.jpg,Watchguard,WGM69020803,7394,9211
NWG-WGM59040303,Subscriptions  Licensing,WatchGuard Total Security Suite Renewal/Upgrade 3-yr for Firebox M590,https://www.leadersystems.com.au/Images/NWG-WGM59040303.jpg,Watchguard,WGM59040303,20900,26036
NWG-WGPTCH30703,Endpoint  Mobile Protection,Watchguard Endpoint Module - Patch Management - 3 Year - 5001+ licenses,https://www.leadersystems.com.au/Images/NWG-WGPTCH30703.jpg,Watchguard,WGPTCH30703,32,41
NWG-WGPTCH30303,Endpoint  Mobile Protection,Watchguard Endpoint Module - Patch Management - 3 Year - 101 to 250 licenses,https://www.leadersystems.com.au/Images/NWG-WGPTCH30303.jpg,Watchguard,WGPTCH30303,56,70
NWG-WGINSG30503,Endpoint  Mobile Protection,Watchguard Endpoint Module - Advanced Reporting Tool - 3 Year - 501 to 1000 licenses,https://www.leadersystems.com.au/Images/NWG-WGINSG30503.jpg,Watchguard,WGINSG30503,31,40
NWG-WGINSG30401,Endpoint  Mobile Protection,Watchguard Endpoint Module - Advanced Reporting Tool - 1 Year - 251 to 500 licenses,https://www.leadersystems.com.au/Images/NWG-WGINSG30401.jpg,Watchguard,WGINSG30401,15,20
NWG-WGVME351,Subscriptions  Licensing,WatchGuard Total Security Suite Renewal/Upgrade 1-yr for FireboxV Medium,https://www.leadersystems.com.au/Images/NWG-WGVME351.jpg,Watchguard,WGVME351,4633,5772
NWG-WGVME131,Subscriptions  Licensing,WatchGuard Intrusion Prevention Service 1-yr for FireboxV Medium,https://www.leadersystems.com.au/Images/NWG-WGVME131.jpg,Watchguard,WGVME131,1070,1333
NWG-WGVME181,Subscriptions  Licensing,WatchGuard Network Discovery 1-yr for FireboxV Medium,https://www.leadersystems.com.au/Images/NWG-WGVME181.jpg,Watchguard,WGVME181,1070,1333
NWG-WGVLG111,Email Security,WatchGuard spamBlocker 1-yr for FireboxV Large,https://www.leadersystems.com.au/Images/NWG-WGVLG111.jpg,Watchguard,WGVLG111,2267,2876
NWG-WGVLG121,Subscriptions  Licensing,WatchGuard Gateway AntiVirus 1-yr for FireboxV Large,https://www.leadersystems.com.au/Images/NWG-WGVLG121.jpg,Watchguard,WGVLG121,2267,2876
NWG-WGVXL101,Cloud  Server Security,WatchGuard WebBlocker 1-yr for FireboxV XLarge,https://www.leadersystems.com.au/Images/NWG-WGVXL101.jpg,Watchguard,WGVXL101,4521,5736
NWG-WGVXL111,Email Security,WatchGuard spamBlocker 1-yr for FireboxV XLarge,https://www.leadersystems.com.au/Images/NWG-WGVXL111.jpg,Watchguard,WGVXL111,4521,5736
NWG-WGM47261,Subscriptions  Licensing,WatchGuard Gold Support Renewal/Upgrade 1-yr for Firebox M470,https://www.leadersystems.com.au/Images/NWG-WGM47261.jpg,Watchguard,WGM47261,1318,1643
NWG-WGM69040103,Subscriptions  Licensing,WatchGuard Standard Support Renewal 3-yr for Firebox M690,https://www.leadersystems.com.au/Images/NWG-WGM69040103.jpg,Watchguard,WGM69040103,5503,6856
NWG-WGM29040701,Subscriptions  Licensing,WatchGuard Gold Support Renewal/Upgrade 1-yr for Firebox M290,https://www.leadersystems.com.au/Images/NWG-WGM29040701.jpg,Watchguard,WGM29040701,791,986
NWG-WGM57201,Subscriptions  Licensing,WatchGuard Standard Support Renewal 1-yr for Firebox M570,https://www.leadersystems.com.au/Images/NWG-WGM57201.jpg,Watchguard,WGM57201,1604,1999
NWG-WGM67351,Subscriptions  Licensing,WatchGuard Total Security Suite Renewal/Upgrade 1-yr for Firebox M670,https://www.leadersystems.com.au/Images/NWG-WGM67351.jpg,Watchguard,WGM67351,14632,18228
NWG-WGM29020801,Cloud  Server Security,WatchGuard APT Blocker 1-yr for Firebox M290,https://www.leadersystems.com.au/Images/NWG-WGM29020801.jpg,Watchguard,WGM29020801,740,922
NWG-WGM39040201,Subscriptions  Licensing,WatchGuard Basic Security Suite Renewal/Upgrade 1-yr for Firebox M390,https://www.leadersystems.com.au/Images/NWG-WGM39040201.jpg,Watchguard,WGM39040201,2288,2851
NWG-WGENCR30701,Endpoint  Mobile Protection,Watchguard Endpoint Module - Full Encryption - 1 Year - 5001+ licenses,https://www.leadersystems.com.au/Images/NWG-WGENCR30701.jpg,Watchguard,WGENCR30701,10,13
NWG-WGENCR30603,Endpoint  Mobile Protection,Watchguard Endpoint Module - Full Encryption - 3 Year - 1001 to 5000 licenses,https://www.leadersystems.com.au/Images/NWG-WGENCR30603.jpg,Watchguard,WGENCR30603,28,35
NWG-WGENCR30103,Endpoint  Mobile Protection,Watchguard Endpoint Module - Full Encryption - 3 Year - 1 to 50 licenses,https://www.leadersystems.com.au/Images/NWG-WGENCR30103.jpg,Watchguard,WGENCR30103,54,67
NWG-WGM39020801,Cloud  Server Security,WatchGuard APT Blocker 1-yr for Firebox M390,https://www.leadersystems.com.au/Images/NWG-WGM39020801.jpg,Watchguard,WGM39020801,1119,1395
NWG-WGM67181,Subscriptions  Licensing,WatchGuard Network Discovery 1-yr for Firebox M670,https://www.leadersystems.com.au/Images/NWG-WGM67181.jpg,Watchguard,WGM67181,2873,3579
NWG-WGT15201,Subscriptions  Licensing,WatchGuard Standard Support Renewal 1-yr for Firebox T15,https://www.leadersystems.com.au/Images/NWG-WGT15201.jpg,Watchguard,WGT15201,93,116
NWG-WGEMA031,Email Security,Panda Email Protection - 1 Year - 26 to 50 users,https://www.leadersystems.com.au/Images/NWG-WGEMA031.jpg,Watchguard,WGEMA031,23,31
NWG-WGEMA011,Email Security,Panda Email Protection - 1 Year - 1 to 10 users,https://www.leadersystems.com.au/Images/NWG-WGEMA011.jpg,Watchguard,WGEMA011,23,31
NWG-WGCLG151,Subscriptions  Licensing,WatchGuard Application Control 1-yr for Firebox Cloud Large,https://www.leadersystems.com.au/Images/NWG-WGCLG151.jpg,Watchguard,WGCLG151,2267,2876
NWG-WGCXL263,Subscriptions  Licensing,WatchGuard Gold Support Renewal/Upgrade 3-yr for Firebox Cloud XLarge,https://www.leadersystems.com.au/Images/NWG-WGCXL263.jpg,Watchguard,WGCXL263,10448,13255
NWG-WGCXL121,Subscriptions  Licensing,WatchGuard Gateway AntiVirus 1-yr for Firebox Cloud XLarge,https://www.leadersystems.com.au/Images/NWG-WGCXL121.jpg,Watchguard,WGCXL121,4521,5736
NWG-WGVSM353,Subscriptions  Licensing,WatchGuard Total Security Suite Renewal/Upgrade 3-yr for FireboxV Small,https://www.leadersystems.com.au/Images/NWG-WGVSM353.jpg,Watchguard,WGVSM353,4614,5748
NWG-WGVSM261,Subscriptions  Licensing,WatchGuard Gold Support Renewal/Upgrade 1-yr for FireboxV Small,https://www.leadersystems.com.au/Images/NWG-WGVSM261.jpg,Watchguard,WGVSM261,455,568
NWG-WGVSM121,Subscriptions  Licensing,WatchGuard Gateway AntiVirus 1-yr for FireboxV Small,https://www.leadersystems.com.au/Images/NWG-WGVSM121.jpg,Watchguard,WGVSM121,460,574
NWG-WGVME333,Subscriptions  Licensing,WatchGuard Basic Security Suite Renewal/Upgrade 3-yr for FireboxV Medium,https://www.leadersystems.com.au/Images/NWG-WGVME333.jpg,Watchguard,WGVME333,5080,6329
NWG-WGVME263,Subscriptions  Licensing,WatchGuard Gold Support Renewal/Upgrade 3-yr for FireboxV Medium,https://www.leadersystems.com.au/Images/NWG-WGVME263.jpg,Watchguard,WGVME263,2462,3068
NWG-WGT15351,Subscriptions  Licensing,WatchGuard Total Security Suite Renewal/Upgrade 1-yr for Firebox T15,https://www.leadersystems.com.au/Images/NWG-WGT15351.jpg,Watchguard,WGT15351,600,748
NWG-WGT16171,Cloud  Server Security,WatchGuard APT Blocker 1-yr for Firebox T15-W,https://www.leadersystems.com.au/Images/NWG-WGT16171.jpg,Watchguard,WGT16171,174,217
NWG-WGT26171,Cloud  Server Security,WatchGuard APT Blocker 1-yr for Firebox T25-W,https://www.leadersystems.com.au/Images/NWG-WGT26171.jpg,Watchguard,WGT26171,229,286
NWG-WGT26173,Cloud  Server Security,WatchGuard APT Blocker 3-yr for Firebox T25-W,https://www.leadersystems.com.au/Images/NWG-WGT26173.jpg,Watchguard,WGT26173,561,699
NWG-WGPTCH30701,Endpoint  Mobile Protection,Watchguard Endpoint Module - Patch Management - 1 Year - 5001+ licenses,https://www.leadersystems.com.au/Images/NWG-WGPTCH30701.jpg,Watchguard,WGPTCH30701,13,17
NWG-WGPTCH30301,Endpoint  Mobile Protection,Watchguard Endpoint Module - Patch Management - 1 Year - 101 to 250 licenses,https://www.leadersystems.com.au/Images/NWG-WGPTCH30301.jpg,Watchguard,WGPTCH30301,23,30
NWG-WGINSG30501,Endpoint  Mobile Protection,Watchguard Endpoint Module - Advanced Reporting Tool - 1 Year - 501 to 1000 licenses,https://www.leadersystems.com.au/Images/NWG-WGINSG30501.jpg,Watchguard,WGINSG30501,13,17
NWG-WGINSG30403,Endpoint  Mobile Protection,Watchguard Endpoint Module - Advanced Reporting Tool - 3 Year - 251 to 500 licenses,https://www.leadersystems.com.au/Images/NWG-WGINSG30403.jpg,Watchguard,WGINSG30403,37,46
NWG-WGENCR30601,Endpoint  Mobile Protection,Watchguard Endpoint Module - Full Encryption - 1 Year - 1001 to 5000 licenses,https://www.leadersystems.com.au/Images/NWG-WGENCR30601.jpg,Watchguard,WGENCR30601,12,15
NWG-WGT45343,Subscriptions  Licensing,WatchGuard Basic Security SuiteRenewal/Upgrade 3-yr for Firebox T45,https://www.leadersystems.com.au/Images/NWG-WGT45343.jpg,Watchguard,WGT45343,1623,2022
NWG-WGT45351,Subscriptions  Licensing,WatchGuard Total Security SuiteRenewal/Upgrade 1-yr for Firebox T45,https://www.leadersystems.com.au/Images/NWG-WGT45351.jpg,Watchguard,WGT45351,1343,1674
NWG-WGT47343,Subscriptions  Licensing,WatchGuard Basic Security Suite Renewal/Upgrade 3-yr for Firebox T45-PoE,https://www.leadersystems.com.au/Images/NWG-WGT47343.jpg,Watchguard,WGT47343,1673,2084
NWG-WGENCR30101,Endpoint  Mobile Protection,Watchguard Endpoint Module - Full Encryption - 1 Year - 1 to 50 licenses,https://www.leadersystems.com.au/Images/NWG-WGENCR30101.jpg,Watchguard,WGENCR30101,22,28
NWG-WGATH30501,Identity  Access Security,WatchGuard AuthPoint - 1 Year - 501 to 1000 Users - License Per User,https://www.leadersystems.com.au/Images/NWG-WGATH30501.jpg,Watchguard,WGATH30501,21,27
NWG-WGDNS30201,Cloud  Server Security,WatchGuard DNSWatchGO - 1 Year - 51 to 100 Users - License Per User,https://www.leadersystems.com.au/Images/NWG-WGDNS30201.jpg,Watchguard,WGDNS30201,42,52
NWG-WGDNS30503,Cloud  Server Security,WatchGuard DNSWatchGO - 3 Year - 501 to 1000 Users - License Per User,https://www.leadersystems.com.au/Images/NWG-WGDNS30503.jpg,Watchguard,WGDNS30503,68,85
NWG-WGM48333,Subscriptions  Licensing,WatchGuard Basic Security Suite Renewal/Upgrade 3-yr for Firebox M4800,https://www.leadersystems.com.au/Images/NWG-WGM48333.jpg,Watchguard,WGM48333,25999,32985
NWG-WGT47351,Subscriptions  Licensing,WatchGuard Total Security Suite Renewal/Upgrade 1-yr for Firebox T45-PoE,https://www.leadersystems.com.au/Images/NWG-WGT47351.jpg,Watchguard,WGT47351,1343,1674
NWG-WGT48173,Cloud  Server Security,WatchGuard APT Blocker 3-yr for Firebox T45-W-PoE,https://www.leadersystems.com.au/Images/NWG-WGT48173.jpg,Watchguard,WGT48173,1057,1317
NWG-WGT85201,Subscriptions  Licensing,WatchGuard Standard Support Renewal 1-yr for Firebox T85-PoE,https://www.leadersystems.com.au/Images/NWG-WGT85201.jpg,Watchguard,WGT85201,461,575
NWG-WG9014,Watchguard Accessories,Power Adapter (Yellow) for WatchGuard Firebox T20/T25/T25-W/T45 (WW),https://www.leadersystems.com.au/Images/NWG-WG9014.jpg,Watchguard,WG9014,61,72.47
NWG-WGT25201,Subscriptions  Licensing,WatchGuard Standard Support Renewal 1-yr for Firebox T25,https://www.leadersystems.com.au/Images/NWG-WGT25201.jpg,Watchguard,WGT25201,141,176
NWG-WGM58353,Subscriptions  Licensing,WatchGuard Total Security Suite Renewal/Upgrade 3-yr for Firebox M5800,https://www.leadersystems.com.au/Images/NWG-WGM58353.jpg,Watchguard,WGM58353,124267,169339
NWG-WGPSP30303,Subscriptions  Licensing,WatchGuard Passport (EPDR + AuthPoint + DNSWatchGO) - 3 Year - 101 to 250 Users - License Per User,https://www.leadersystems.com.au/Images/NWG-WGPSP30303.jpg,Watchguard,WGPSP30303,235,294
NWG-WGT85263,Subscriptions  Licensing,WatchGuard Gold Support Renewal/Upgrade 3-yr for Firebox T85-PoE,https://www.leadersystems.com.au/Images/NWG-WGT85263.jpg,Watchguard,WGT85263,1679,2092
NWG-WGVME111,Email Security,WatchGuard spamBlocker 1-yr for FireboxV Medium,https://www.leadersystems.com.au/Images/NWG-WGVME111.jpg,Watchguard,WGVME111,1070,1333
NWG-WGVLG351,Subscriptions  Licensing,WatchGuard Total Security Suite Renewal/Upgrade 1-yr for FireboxV Large,https://www.leadersystems.com.au/Images/NWG-WGVLG351.jpg,Watchguard,WGVLG351,9308,11810
NWG-WGVLG173,Cloud  Server Security,WatchGuard APT Blocker 3-yr for FireboxV Large,https://www.leadersystems.com.au/Images/NWG-WGVLG173.jpg,Watchguard,WGVLG173,5450,6915
NWG-WGVLG101,Cloud  Server Security,WatchGuard WebBlocker 1-yr for FireboxV Large,https://www.leadersystems.com.au/Images/NWG-WGVLG101.jpg,Watchguard,WGVLG101,2267,2876
NWG-WGVXL353,Subscriptions  Licensing,WatchGuard Total Security Suite Renewal/Upgrade 3-yr for FireboxV XLarge,https://www.leadersystems.com.au/Images/NWG-WGVXL353.jpg,Watchguard,WGVXL353,45780,67782
NWG-WGVXL261,Subscriptions  Licensing,WatchGuard Gold Support Renewal/Upgrade 1-yr for FireboxV XLarge,https://www.leadersystems.com.au/Images/NWG-WGVXL261.jpg,Watchguard,WGVXL261,4496,5705
NWG-WGVXL181,Subscriptions  Licensing,WatchGuard Network Discovery 1-yr for FireboxV XLarge,https://www.leadersystems.com.au/Images/NWG-WGVXL181.jpg,Watchguard,WGVXL181,4533,5752
NWG-WGM37121,Subscriptions  Licensing,WatchGuard Gateway AntiVirus 1-yr for Firebox M370,https://www.leadersystems.com.au/Images/NWG-WGM37121.jpg,Watchguard,WGM37121,821,1023
NWG-WGT25261,Subscriptions  Licensing,WatchGuard Gold Support Renewal/Upgrade 1-yr for Firebox T25,https://www.leadersystems.com.au/Images/NWG-WGT25261.jpg,Watchguard,WGT25261,221,275
NWG-WGT26351,Subscriptions  Licensing,WatchGuard Total Security Suite Renewal/Upgrade 1-yr for Firebox T25-W,https://www.leadersystems.com.au/Images/NWG-WGT26351.jpg,Watchguard,WGT26351,960,1197
NWG-WGT45173,Cloud  Server Security,WatchGuard APT Blocker 3-yr for Firebox T45,https://www.leadersystems.com.au/Images/NWG-WGT45173.jpg,Watchguard,WGT45173,815,1015
NWG-WGT45201,Subscriptions  Licensing,WatchGuard Standard Support Renewal 1-yr for Firebox T45,https://www.leadersystems.com.au/Images/NWG-WGT45201.jpg,Watchguard,WGT45201,255,318
NWG-WGT47171,Cloud  Server Security,WatchGuard APT Blocker 1-yr for Firebox T45-PoE,https://www.leadersystems.com.au/Images/NWG-WGT47171.jpg,Watchguard,WGT47171,342,427
NWG-WGT47175,Cloud  Server Security,WatchGuard APT Blocker 5-yr for Firebox T45-PoE,https://www.leadersystems.com.au/Images/NWG-WGT47175.jpg,Watchguard,WGT47175,1493,1894
NWG-WGM59021801,Subscriptions  Licensing,WatchGuard Cloud 1-month data retention for M590 - 1-yr,https://www.leadersystems.com.au/Images/NWG-WGM59021801.jpg,Watchguard,WGM59021801,1884,2348
NWG-WGT48261,Subscriptions  Licensing,WatchGuard Gold Support Renewal/Upgrade 1-yr for Firebox T45-W-PoE,https://www.leadersystems.com.au/Images/NWG-WGT48261.jpg,Watchguard,WGT48261,492,613
NWG-WGT48341,Subscriptions  Licensing,WatchGuard Basic Security Suite Renewal/Upgrade 1-yr for Firebox T45-W-PoE,https://www.leadersystems.com.au/Images/NWG-WGT48341.jpg,Watchguard,WGT48341,910,1135
NWG-WGM47201,Subscriptions  Licensing,WatchGuard Standard Support Renewal 1-yr for Firebox M470,https://www.leadersystems.com.au/Images/NWG-WGM47201.jpg,Watchguard,WGM47201,1029,1282
NWG-WGM47101,Cloud  Server Security,WatchGuard WebBlocker 1-yr for M470,https://www.leadersystems.com.au/Images/NWG-WGM47101.jpg,Watchguard,WGM47101,1331,1658
NWG-WGCME673,Firewalls  Network Security,Trade up to WatchGuard Firebox Cloud Medium with 3-yr Total Security Suite,https://www.leadersystems.com.au/Images/NWG-WGCME673.jpg,Watchguard,WGCME673,11373,15400
NWG-WGCLG671,Firewalls  Network Security,Trade up to WatchGuard Firebox Cloud Large with 1-yr Total Security Suite,https://www.leadersystems.com.au/Images/NWG-WGCLG671.jpg,Watchguard,WGCLG671,12262,16909
NWG-WGCXL001,Firewalls  Network Security,WatchGuard Firebox Cloud XLarge with 1-yr Standard Support - Only available to WGOne Silver/Gold Partners,https://www.leadersystems.com.au/Images/NWG-WGCXL001.jpg,Watchguard,WGCXL001,13885,19148
NWG-WGCXL063,Firewalls  Network Security,Trade up to WatchGuard Firebox Cloud XLarge with 3-yr Basic Security Suite,https://www.leadersystems.com.au/Images/NWG-WGCXL063.jpg,Watchguard,WGCXL063,25856,35656
NWG-WGVSM061,Firewalls  Network Security,Trade up to WatchGuard FireboxV Small with 1-yr Basic Security Suite,https://www.leadersystems.com.au/Images/NWG-WGVSM061.jpg,Watchguard,WGVSM061,1465,1984
NWG-WGVME643,Firewalls  Network Security,WatchGuard FireboxV Medium with 3-yr Total Security Suite,https://www.leadersystems.com.au/Images/NWG-WGVME643.jpg,Watchguard,WGVME643,12443,16849
NWG-WGVLG641,Firewalls  Network Security,WatchGuard FireboxV Large with 1-yr Total Security Suite,https://www.leadersystems.com.au/Images/NWG-WGVLG641.jpg,Watchguard,WGVLG641,14558,20075
NWG-WGM59040201,Subscriptions  Licensing,WatchGuard Basic Security Suite Renewal/Upgrade 1-yr for Firebox M590,https://www.leadersystems.com.au/Images/NWG-WGM59040201.jpg,Watchguard,WGM59040201,4546,5663
NWG-WGM69040303,Subscriptions  Licensing,WatchGuard Total Security Suite Renewal/Upgrade 3-yr for Firebox M690,https://www.leadersystems.com.au/Images/NWG-WGM69040303.jpg,Watchguard,WGM69040303,29015,36146
NWG-WGATH30103,Identity  Access Security,WatchGuard AuthPoint - 3 Year - 1 to 50 Users - License Per User,https://www.leadersystems.com.au/Images/NWG-WGATH30103.jpg,Watchguard,WGATH30103,85,106
NWG-WGDNS30601,Cloud  Server Security,WatchGuard DNSWatchGO - 1 Year - 1001 to 5000 Users - License Per User,https://www.leadersystems.com.au/Images/NWG-WGDNS30601.jpg,Watchguard,WGDNS30601,25,31
NWG-WGDNS30701,Cloud  Server Security,WatchGuard DNSWatchGO - 1 Year - 5001+ Users - License Per User,https://www.leadersystems.com.au/Images/NWG-WGDNS30701.jpg,Watchguard,WGDNS30701,21,27
NWG-WGM58173,Cloud  Server Security,WatchGuard APT Blocker 3-yr for Firebox M5800,https://www.leadersystems.com.au/Images/NWG-WGM58173.jpg,Watchguard,WGM58173,30434,38610
NWG-WGM29040101,Subscriptions  Licensing,WatchGuard Standard Support Renewal 1-yr for Firebox M290,https://www.leadersystems.com.au/Images/NWG-WGM29040101.jpg,Watchguard,WGM29040101,547,682
NWG-WGM39021801,Subscriptions  Licensing,WatchGuard Cloud 1-month data retention for M390 - 1-yr,https://www.leadersystems.com.au/Images/NWG-WGM39021801.jpg,Watchguard,WGM39021801,746,930
NWG-WGM57181,Subscriptions  Licensing,WatchGuard Network Discovery 1-yr for Firebox M570,https://www.leadersystems.com.au/Images/NWG-WGM57181.jpg,Watchguard,WGM57181,2071,2580
NWG-WGM67151,Subscriptions  Licensing,WatchGuard Application Control 1-yr for Firebox M670,https://www.leadersystems.com.au/Images/NWG-WGM67151.jpg,Watchguard,WGM67151,2873,3579
NWG-WG9019,Watchguard Accessories,WatchGuard Firebox M 3rd Gen 4 x 1Gb SFP Fiber Module,https://www.leadersystems.com.au/Images/NWG-WG9019.jpg,Watchguard,WG9019,721,1022
NWG-WGPSP30401,Subscriptions  Licensing,WatchGuard Passport (EPDR + AuthPoint + DNSWatchGO) - 1 Year - 251 to 500 Users - License Per User,https://www.leadersystems.com.au/Images/NWG-WGPSP30401.jpg,Watchguard,WGPSP30401,88,110
NWG-WGPSP30501,Subscriptions  Licensing,WatchGuard Passport (EPDR + AuthPoint + DNSWatchGO) - 1 Year - 501 to 1000 Users - License Per User,https://www.leadersystems.com.au/Images/NWG-WGPSP30501.jpg,Watchguard,WGPSP30501,75,94
NWG-WGPSP30703,Subscriptions  Licensing,WatchGuard Passport (EPDR + AuthPoint + DNSWatchGO) - 3 Year - 5001+ Users - License Per User,https://www.leadersystems.com.au/Images/NWG-WGPSP30703.jpg,Watchguard,WGPSP30703,136,170
NWG-WGATH30303,Identity  Access Security,WatchGuard AuthPoint - 3 Year - 101 to 250 Users - License Per User,https://www.leadersystems.com.au/Images/NWG-WGATH30303.jpg,Watchguard,WGATH30303,67,84
NWG-WGATH30403,Identity  Access Security,WatchGuard AuthPoint - 3 Year - 251 to 500 Users - License Per User,https://www.leadersystems.com.au/Images/NWG-WGATH30403.jpg,Watchguard,WGATH30403,60,75
NWG-WGDNS30103,Cloud  Server Security,WatchGuard DNSWatchGO - 3 Year - 1 to 50 Users - License Per User,https://www.leadersystems.com.au/Images/NWG-WGDNS30103.jpg,Watchguard,WGDNS30103,113,142
NWG-WGDNS30203,Cloud  Server Security,WatchGuard DNSWatchGO - 3 Year - 51 to 100 Users - License Per User,https://www.leadersystems.com.au/Images/NWG-WGDNS30203.jpg,Watchguard,WGDNS30203,100,125
NWG-WGM48221,Subscriptions  Licensing,WatchGuard Gold Support Renewal/Upgrade 1-yr for Firebox M4800,https://www.leadersystems.com.au/Images/NWG-WGM48221.jpg,Watchguard,WGM48221,5834,7402
NWG-WGWFC201,Subscriptions  Licensing,"WatchGuard 1-yr Basic Wi-Fi Renewal/Upgrade, 1 AP",https://www.leadersystems.com.au/Images/NWG-WGWFC201.jpg,Watchguard,WGWFC201,131,163
NWG-WGT15181,Subscriptions  Licensing,WatchGuard Network Discovery 1-yr for Firebox T15,https://www.leadersystems.com.au/Images/NWG-WGT15181.jpg,Watchguard,WGT15181,137,171
NWG-WGT16261,Subscriptions  Licensing,WatchGuard Gold Support Renewal/Upgrade 1-yr for Firebox T15-W,https://www.leadersystems.com.au/Images/NWG-WGT16261.jpg,Watchguard,WGT16261,172,214
NWG-WGM48331,Subscriptions  Licensing,WatchGuard Basic Security Suite Renewal/Upgrade 1-yr for Firebox M4800,https://www.leadersystems.com.au/Images/NWG-WGM48331.jpg,Watchguard,WGM48331,11179,14183
NWG-WGM58331,Subscriptions  Licensing,WatchGuard Basic Security Suite Renewal/Upgrade 1-yr for Firebox M5800,https://www.leadersystems.com.au/Images/NWG-WGM58331.jpg,Watchguard,WGM58331,25950,32922
NWG-WGM58351,Subscriptions  Licensing,WatchGuard Total Security Suite Renewal/Upgrade 1-yr for Firebox M5800,https://www.leadersystems.com.au/Images/NWG-WGM58351.jpg,Watchguard,WGM58351,49763,63743.33
NWG-WGVLG673,Firewalls  Network Security,Trade up to WatchGuard FireboxV Large with 3-yr Total Security Suite,https://www.leadersystems.com.au/Images/NWG-WGVLG673.jpg,Watchguard,WGVLG673,24255,33448
NWG-WGVXL031,Firewalls  Network Security,WatchGuard FireboxV XLarge with 1-yr Basic Security Suite,https://www.leadersystems.com.au/Images/NWG-WGVXL031.jpg,Watchguard,WGVXL031,18740,25843
NWG-WGVXL003,Firewalls  Network Security,WatchGuard FireboxV XLarge with 3-yr Standard Support - Only available to WGOne Silver/Gold Partners,https://www.leadersystems.com.au/Images/NWG-WGVXL003.jpg,Watchguard,WGVXL003,17572,24232
NWG-WGM69040703,Subscriptions  Licensing,WatchGuard Gold Support Renewal/Upgrade 3-yr for Firebox M690,https://www.leadersystems.com.au/Images/NWG-WGM69040703.jpg,Watchguard,WGM69040703,7655,9536
NWG-WGT16131,Subscriptions  Licensing,WatchGuard Intrusion Prevention Service 1-yr for Firebox T15-W,https://www.leadersystems.com.au/Images/NWG-WGT16131.jpg,Watchguard,WGT16131,174,217
NWG-WGM27101,Cloud  Server Security,WatchGuard WebBlocker 1-yr for Firebox M270,https://www.leadersystems.com.au/Images/NWG-WGM27101.jpg,Watchguard,WGM27101,628,783
NWG-WGM69021803,Subscriptions  Licensing,WatchGuard Cloud 1-month data retention for M690 - 3-yr,https://www.leadersystems.com.au/Images/NWG-WGM69021803.jpg,Watchguard,WGM69021803,7835,9761
NWG-WGM69040701,Subscriptions  Licensing,WatchGuard Gold Support Renewal/Upgrade 1-yr for Firebox M690,https://www.leadersystems.com.au/Images/NWG-WGM69040701.jpg,Watchguard,WGM69040701,3289,4098
NWG-WGM39021803,Subscriptions  Licensing,WatchGuard Cloud 1-month data retention for M390 - 3-yr,https://www.leadersystems.com.au/Images/NWG-WGM39021803.jpg,Watchguard,WGM39021803,2239,2789
NWG-WGMDR30403,Managed Detection  Response (MDR),WatchGuard Core MDR - 3 Year - 251 to 500 licenses,https://www.leadersystems.com.au/Images/NWG-WGMDR30403.jpg,Watchguard,WGMDR30403,143,170
NWG-WGMDR30501,Managed Detection  Response (MDR),WatchGuard Core MDR - 1 Year - 501 to 1000 licenses,https://www.leadersystems.com.au/Images/NWG-WGMDR30501.jpg,Watchguard,WGMDR30501,53,63
NWG-WGM59021803,Subscriptions  Licensing,WatchGuard Cloud 1-month data retention for M590 - 3-yr,https://www.leadersystems.com.au/Images/NWG-WGM59021803.jpg,Watchguard,WGM59021803,5652,7042
NWG-WGM59040103,Subscriptions  Licensing,WatchGuard Standard Support Renewal 3-yr for Firebox M590,https://www.leadersystems.com.au/Images/NWG-WGM59040103.jpg,Watchguard,WGM59040103,3955,4927
NWG-WGPTCH30601,Endpoint  Mobile Protection,Watchguard Endpoint Module - Patch Management - 1 Year - 1001 to 5000 licenses,https://www.leadersystems.com.au/Images/NWG-WGPTCH30601.jpg,Watchguard,WGPTCH30601,16,20
NWG-WGINSG30601,Endpoint  Mobile Protection,Watchguard Endpoint Module - Advanced Reporting Tool - 1 Year - 1001 to 5000 licenses,https://www.leadersystems.com.au/Images/NWG-WGINSG30601.jpg,Watchguard,WGINSG30601,11,14
NWG-WGENCR30703,Endpoint  Mobile Protection,Watchguard Endpoint Module - Full Encryption - 3 Year - 5001+ licenses,https://www.leadersystems.com.au/Images/NWG-WGENCR30703.jpg,Watchguard,WGENCR30703,24,31
NWG-WGENCR30501,Endpoint  Mobile Protection,Watchguard Endpoint Module - Full Encryption - 1 Year - 501 to 1000 licenses,https://www.leadersystems.com.au/Images/NWG-WGENCR30501.jpg,Watchguard,WGENCR30501,13,17
NWG-WGM29040203,Subscriptions  Licensing,WatchGuard Basic Security Suite Renewal/Upgrade 3-yr for Firebox M290,https://www.leadersystems.com.au/Images/NWG-WGM29040203.jpg,Watchguard,WGM29040203,3644,4540
NWG-WGM29040103,Subscriptions  Licensing,WatchGuard Standard Support Renewal 3-yr for Firebox M290,https://www.leadersystems.com.au/Images/NWG-WGM29040103.jpg,Watchguard,WGM29040103,1331,1658
NWG-WGT15521,Subscriptions  Licensing,WatchGuard Cloud 1-month data retention for T15/T15-W - 1-yr,https://www.leadersystems.com.au/Images/NWG-WGT15521.jpg,Watchguard,WGT15521,136,173
NWG-WGMDR30101,Managed Detection  Response (MDR),WatchGuard Core MDR - 1 Year - 1 to 50 licenses,https://www.leadersystems.com.au/Images/NWG-WGMDR30101.jpg,Watchguard,WGMDR30101,99,118
NWG-WGMDR30703,Managed Detection  Response (MDR),WatchGuard Core MDR - 3 Year - 5001+ licenses,https://www.leadersystems.com.au/Images/NWG-WGMDR30703.jpg,Watchguard,WGMDR30703,103,123
NWG-WGT49175,Cloud  Server Security,WatchGuard APT Blocker 5-yr for Firebox T45-CW,https://www.leadersystems.com.au/Images/NWG-WGT49175.jpg,Watchguard,WGT49175,1704,2123
NWG-WGT8021801,Cloud  Server Security,WatchGuard Cloud 1-month data retention for T80 - 1-yr,https://www.leadersystems.com.au/Images/NWG-WGT8021801.jpg,Watchguard,WGT8021801,473,589
NWG-WGCSM061,Firewalls  Network Security,Trade up to WatchGuard Firebox Cloud Small with 1-yr Basic Security Suite,https://www.leadersystems.com.au/Images/NWG-WGCSM061.jpg,Watchguard,WGCSM061,1465,1984
NWG-WGCLG063,Firewalls  Network Security,Trade up to WatchGuard Firebox Cloud Large with 3-yr Basic Security Suite,https://www.leadersystems.com.au/Images/NWG-WGCLG063.jpg,Watchguard,WGCLG063,12962,17875
NWG-WGCXL671,Firewalls  Network Security,Trade up to WatchGuard Firebox Cloud XLarge with 1-yr Total Security Suite,https://www.leadersystems.com.au/Images/NWG-WGCXL671.jpg,Watchguard,WGCXL671,24443,33708
NWG-WGCXL061,Firewalls  Network Security,Trade up to WatchGuard Firebox Cloud XLarge with 1-yr Basic Security Suite,https://www.leadersystems.com.au/Images/NWG-WGCXL061.jpg,Watchguard,WGCXL061,14581,20107
NWG-WGVSM001,Firewalls  Network Security,WatchGuard FireboxV Small with 1-yr Standard Support - Only available to WGOne Silver/Gold Partners,https://www.leadersystems.com.au/Images/NWG-WGVSM001.jpg,Watchguard,WGVSM001,1396,1891
NWG-WGVME673,Firewalls  Network Security,Trade up to WatchGuard FireboxV Medium with 3-yr Total Security Suite,https://www.leadersystems.com.au/Images/NWG-WGVME673.jpg,Watchguard,WGVME673,11373,15400
NWG-WGVME063,Firewalls  Network Security,Trade up to WatchGuard FireboxV Medium with 3-yr Basic Security Suite,https://www.leadersystems.com.au/Images/NWG-WGVME063.jpg,Watchguard,WGVME063,6081,8235
NWG-WGT49203,Subscriptions  Licensing,WatchGuard Standard Support Renewal 3-yr for Firebox T45-CW,https://www.leadersystems.com.au/Images/NWG-WGT49203.jpg,Watchguard,WGT49203,650,811
NWG-WGT26023,Firewalls  Network Security,WatchGuard Firebox T25-W NFR Hardware,https://www.leadersystems.com.au/Images/NWG-WGT26023.jpg,Watchguard,WGT26023,705,837.54
NWG-WGT25203,Subscriptions  Licensing,WatchGuard Standard Support Renewal 3-yr for Firebox T25,https://www.leadersystems.com.au/Images/NWG-WGT25203.jpg,Watchguard,WGT25203,346,431
NWG-WGT25263,Subscriptions  Licensing,WatchGuard Gold Support Renewal/Upgrade 3-yr for Firebox T25,https://www.leadersystems.com.au/Images/NWG-WGT25263.jpg,Watchguard,WGT25263,509,635
NWG-WGT26353,Subscriptions  Licensing,WatchGuard Total Security Suite Renewal/Upgrade 3-yr for Firebox T25-W,https://www.leadersystems.com.au/Images/NWG-WGT26353.jpg,Watchguard,WGT26353,2301,2867
NWG-WGPTCH30603,Endpoint  Mobile Protection,Watchguard Endpoint Module - Patch Management - 3 Year - 1001 to 5000 licenses,https://www.leadersystems.com.au/Images/NWG-WGPTCH30603.jpg,Watchguard,WGPTCH30603,37,47
NWG-WGPTCH30503,Endpoint  Mobile Protection,Watchguard Endpoint Module - Patch Management - 3 Year - 501 to 1000 licenses,https://www.leadersystems.com.au/Images/NWG-WGPTCH30503.jpg,Watchguard,WGPTCH30503,43,54
NWG-WGINSG30603,Endpoint  Mobile Protection,Watchguard Endpoint Module - Advanced Reporting Tool - 3 Year - 1001 to 5000 licenses,https://www.leadersystems.com.au/Images/NWG-WGINSG30603.jpg,Watchguard,WGINSG30603,27,34
NWG-WGENCR30503,Endpoint  Mobile Protection,Watchguard Endpoint Module - Full Encryption - 3 Year - 501 to 1000 licenses,https://www.leadersystems.com.au/Images/NWG-WGENCR30503.jpg,Watchguard,WGENCR30503,32,41
NWG-WGENCR30203,Endpoint  Mobile Protection,Watchguard Endpoint Module - Full Encryption - 3 Year - 51 to 100 licenses,https://www.leadersystems.com.au/Images/NWG-WGENCR30203.jpg,Watchguard,WGENCR30203,47,60
NWG-WGVLG003,Firewalls  Network Security,WatchGuard FireboxV Large with 3-yr Standard Support - Only available to WGOne Silver/Gold Partners,https://www.leadersystems.com.au/Images/NWG-WGVLG003.jpg,Watchguard,WGVLG003,8814,12155
NWG-WGVXL641,Firewalls  Network Security,WatchGuard FireboxV XLarge with 1-yr Total Security Suite,https://www.leadersystems.com.au/Images/NWG-WGVXL641.jpg,Watchguard,WGVXL641,29019,40017
NWG-WGVXL001,Firewalls  Network Security,WatchGuard FireboxV XLarge with 1-yr Standard Support - Only available to WGOne Silver/Gold Partners,https://www.leadersystems.com.au/Images/NWG-WGVXL001.jpg,Watchguard,WGVXL001,13885,19148
NWG-WG8585,Watchguard Accessories,Transceiver 1Gb Short-Range SFP for WatchGuard Firebox M,https://www.leadersystems.com.au/Images/NWG-WG8585.jpg,Watchguard,WG8585,146,205
NWG-WG8593,Watchguard Accessories,WatchGuard Firebox M 8 Port 1Gb SFP Fiber Module,https://www.leadersystems.com.au/Images/NWG-WG8593.jpg,Watchguard,WG8593,1535,2067
NWG-WGT45171,Cloud  Server Security,WatchGuard APT Blocker 1-yr for Firebox T45,https://www.leadersystems.com.au/Images/NWG-WGT45171.jpg,Watchguard,WGT45171,342,427
NWG-WGT45175,Cloud  Server Security,WatchGuard APT Blocker 5-yr for Firebox T45,https://www.leadersystems.com.au/Images/NWG-WGT45175.jpg,Watchguard,WGT45175,1493,1894
NWG-WGT47173,Cloud  Server Security,WatchGuard APT Blocker 3-yr for Firebox T45-PoE,https://www.leadersystems.com.au/Images/NWG-WGT47173.jpg,Watchguard,WGT47173,815,1015
NWG-WGT47201,Subscriptions  Licensing,WatchGuard Standard Support Renewal 1-yr for Firebox T45-PoE,https://www.leadersystems.com.au/Images/NWG-WGT47201.jpg,Watchguard,WGT47201,255,318
NWG-WGT48263,Subscriptions  Licensing,WatchGuard Gold Support Renewal/Upgrade 3-yr for Firebox T45-W-PoE,https://www.leadersystems.com.au/Images/NWG-WGT48263.jpg,Watchguard,WGT48263,1145,1427
NWG-WGT48343,Subscriptions  Licensing,WatchGuard Basic Security Suite Renewal/Upgrade 3-yr for Firebox T45-W-PoE,https://www.leadersystems.com.au/Images/NWG-WGT48343.jpg,Watchguard,WGT48343,2170,2704
NWG-WGTIS30201,Identity  Access Security,WatchGuard AuthPoint Total Identity Security - 1 Year - 51 to 100 users,https://www.leadersystems.com.au/Images/NWG-WGTIS30201.jpg,Watchguard,WGTIS30201,47,59
NWG-WGCLG521,Subscriptions  Licensing,WatchGuard Cloud 1-month data retention for Firebox Cloud Large - 1-yr,https://www.leadersystems.com.au/Images/NWG-WGCLG521.jpg,Watchguard,WGCLG521,2267,2876
NWG-WGCSM523,Subscriptions  Licensing,WatchGuard Cloud 1-month data retention for Firebox Cloud Small - 3-yr,https://www.leadersystems.com.au/Images/NWG-WGCSM523.jpg,Watchguard,WGCSM523,1374,1712
NWG-WGCSM521,Subscriptions  Licensing,WatchGuard Cloud 1-month data retention for Firebox Cloud Small - 1-yr,https://www.leadersystems.com.au/Images/NWG-WGCSM521.jpg,Watchguard,WGCSM521,460,574
NWG-WGM67521,Subscriptions  Licensing,WatchGuard Cloud 1-month data retention for M670 - 1-yr,https://www.leadersystems.com.au/Images/NWG-WGM67521.jpg,Watchguard,WGM67521,2873,3579
NWG-WGM27521,Subscriptions  Licensing,WatchGuard Cloud 1-month data retention for M270 - 1-yr,https://www.leadersystems.com.au/Images/NWG-WGM27521.jpg,Watchguard,WGM27521,634,791
NWG-WGTIS30603,Identity  Access Security,WatchGuard AuthPoint Total Identity Security - 3 Year - 1001 to 5000 users,https://www.leadersystems.com.au/Images/NWG-WGTIS30603.jpg,Watchguard,WGTIS30603,67,84
NWG-WGCXL521,Subscriptions  Licensing,WatchGuard Cloud 1-month data retention for Firebox Cloud XLarge - 1-yr,https://www.leadersystems.com.au/Images/NWG-WGCXL521.jpg,Watchguard,WGCXL521,4533,5752
NWG-WGVXL523,Subscriptions  Licensing,WatchGuard Cloud 1-month data retention for FireboxV XLarge - 3-yr,https://www.leadersystems.com.au/Images/NWG-WGVXL523.jpg,Watchguard,WGVXL523,13594,17247
NWG-WG460521,Subscriptions  Licensing,WatchGuard Cloud 1-month data retention for M4600 - 1-yr,https://www.leadersystems.com.au/Images/NWG-WG460521.jpg,Watchguard,WG460521,4546,5768
NWG-WGPTCH30201,Endpoint  Mobile Protection,Watchguard Endpoint Module - Patch Management - 1 Year - 51 to 100 licenses,https://www.leadersystems.com.au/Images/NWG-WGPTCH30201.jpg,Watchguard,WGPTCH30201,26,33
NWG-WGPTCH30103,Endpoint  Mobile Protection,Watchguard Endpoint Module - Patch Management - 3 Year - 1 to 50 licenses,https://www.leadersystems.com.au/Images/NWG-WGPTCH30103.jpg,Watchguard,WGPTCH30103,72,90
NWG-WGINSG30303,Endpoint  Mobile Protection,Watchguard Endpoint Module - Advanced Reporting Tool - 3 Year - 101 to 250 licenses,https://www.leadersystems.com.au/Images/NWG-WGINSG30303.jpg,Watchguard,WGINSG30303,41,51
NWG-WGINSG30101,Endpoint  Mobile Protection,Watchguard Endpoint Module - Advanced Reporting Tool - 1 Year - 1 to 50 licenses,https://www.leadersystems.com.au/Images/NWG-WGINSG30101.jpg,Watchguard,WGINSG30101,22,28
NWG-WG9023,Watchguard Accessories,WatchGuard Firebox T25/T45 Rack Kit,https://www.leadersystems.com.au/Images/NWG-WG9023.jpg,Watchguard,WG9023,72,99
NWG-WGT25353,Subscriptions  Licensing,WatchGuard Total Security Suite Renewal/Upgrade 3-yr for Firebox T25,https://www.leadersystems.com.au/Images/NWG-WGT25353.jpg,Watchguard,WGT25353,1921,2394
NWG-WGT45341,Subscriptions  Licensing,WatchGuard Basic Security SuiteRenewal/Upgrade 1-yr for Firebox T45,https://www.leadersystems.com.au/Images/NWG-WGT45341.jpg,Watchguard,WGT45341,696,868
NWG-WGT47341,Subscriptions  Licensing,WatchGuard Basic Security Suite Renewal/Upgrade 1-yr for Firebox T45-PoE,https://www.leadersystems.com.au/Images/NWG-WGT47341.jpg,Watchguard,WGT47341,696,868
NWG-WGT48351,Subscriptions  Licensing,WatchGuard Total Security Suite Renewal/Upgrade 1-yr for Firebox T45-W-PoE,https://www.leadersystems.com.au/Images/NWG-WGT48351.jpg,Watchguard,WGT48351,1810,2255
NWG-WGT85173,Cloud  Server Security,WatchGuard APT Blocker 3-yr for Firebox T85-PoE,https://www.leadersystems.com.au/Images/NWG-WGT85173.jpg,Watchguard,WGT85173,1505,1875
NWG-WGT25171,Cloud  Server Security,WatchGuard APT Blocker 1-yr for Firebox T25,https://www.leadersystems.com.au/Images/NWG-WGT25171.jpg,Watchguard,WGT25171,192,239
NWG-WGT25175,Cloud  Server Security,WatchGuard APT Blocker 5-yr for Firebox T25,https://www.leadersystems.com.au/Images/NWG-WGT25175.jpg,Watchguard,WGT25175,845,1072
NWG-WGWUM22025,Subscriptions  Licensing,"WatchGuard USP Wi-Fi Management License 5-yr - Renewal/Upgrade, 1 AP",https://www.leadersystems.com.au/Images/NWG-WGWUM22025.jpg,Watchguard,WGWUM22025,466,581
NWG-WGT85343,Subscriptions  Licensing,WatchGuard Basic Security Suite Renewal/Upgrade 3-yr for Firebox T85-PoE,https://www.leadersystems.com.au/Images/NWG-WGT85343.jpg,Watchguard,WGT85343,3084,3843
NWG-WGT45203,Subscriptions  Licensing,WatchGuard Standard Support Renewal 3-yr for Firebox T45,https://www.leadersystems.com.au/Images/NWG-WGT45203.jpg,Watchguard,WGT45203,585,729
NWG-WGT45263,Subscriptions  Licensing,WatchGuard Gold Support Renewal/Upgrade 3-yr for Firebox T45,https://www.leadersystems.com.au/Images/NWG-WGT45263.jpg,Watchguard,WGT45263,838,1045
NWG-WGT48353,Subscriptions  Licensing,WatchGuard Total Security Suite Renewal/Upgrade 3-yr for Firebox T45-W-PoE,https://www.leadersystems.com.au/Images/NWG-WGT48353.jpg,Watchguard,WGT48353,4340,5408
NWG-WGT85171,Cloud  Server Security,WatchGuard APT Blocker 1-yr for Firebox T85-PoE,https://www.leadersystems.com.au/Images/NWG-WGT85171.jpg,Watchguard,WGT85171,623,777
NWG-WGT85175,Cloud  Server Security,WatchGuard APT Blocker 5-yr for Firebox T85-PoE,https://www.leadersystems.com.au/Images/NWG-WGT85175.jpg,Watchguard,WGT85175,2739,3475
NWG-WGT85341,Subscriptions  Licensing,WatchGuard Basic Security Suite Renewal/Upgrade 1-yr for Firebox T85-PoE,https://www.leadersystems.com.au/Images/NWG-WGT85341.jpg,Watchguard,WGT85341,1281,1596
NWG-WGWSM00625,Subscriptions  Licensing,"WatchGuard Standard Wi-Fi Management License 5-yr - Renewal, 1 AP",https://www.leadersystems.com.au/Images/NWG-WGWSM00625.jpg,Watchguard,WGWSM00625,280,349
NWG-WGT85351,Subscriptions  Licensing,WatchGuard Total Security Suite Renewal/Upgrade 1-yr for Firebox T85-PoE,https://www.leadersystems.com.au/Images/NWG-WGT85351.jpg,Watchguard,WGT85351,2574,3208
NWG-WGT49201,Subscriptions  Licensing,WatchGuard Standard Support Renewal 1-yr for Firebox T45-CW,https://www.leadersystems.com.au/Images/NWG-WGT49201.jpg,Watchguard,WGT49201,274,341
NWG-WGT49261,Subscriptions  Licensing,WatchGuard Gold Support Renewal/Upgrade 1-yr for Firebox T45-CW,https://www.leadersystems.com.au/Images/NWG-WGT49261.jpg,Watchguard,WGT49261,409,510
NWG-WGMDR30201,Managed Detection  Response (MDR),WatchGuard Core MDR - 1 Year - 51 to 100 licenses,https://www.leadersystems.com.au/Images/NWG-WGMDR30201.jpg,Watchguard,WGMDR30201,86,103
NWG-WGMDR30503,Managed Detection  Response (MDR),WatchGuard Core MDR - 3 Year - 501 to 1000 licenses,https://www.leadersystems.com.au/Images/NWG-WGMDR30503.jpg,Watchguard,WGMDR30503,127,151
NWG-WGT49171,Cloud  Server Security,WatchGuard APT Blocker 1-yr for Firebox T45-CW,https://www.leadersystems.com.au/Images/NWG-WGT49171.jpg,Watchguard,WGT49171,386,481
NWG-WGT49341,Subscriptions  Licensing,WatchGuard Basic Security Suite Renewal/Upgrade 1-yr for Firebox T45-CW,https://www.leadersystems.com.au/Images/NWG-WGT49341.jpg,Watchguard,WGT49341,909,1133
NWG-WGT80351,Subscriptions  Licensing,WatchGuard Total Security Suite Renewal/Upgrade 1-yr for Firebox T80,https://www.leadersystems.com.au/Images/NWG-WGT80351.jpg,Watchguard,WGT80351,2425,3022
NWG-WGT41351,Subscriptions  Licensing,WatchGuard Total Security Suite Renewal/Upgrade 1-yr for Firebox T40-W,https://www.leadersystems.com.au/Images/NWG-WGT41351.jpg,Watchguard,WGT41351,1704,2123
NWG-WGT20341,Subscriptions  Licensing,WatchGuard Basic Security Suite Renewal/Upgrade 1-yr for Firebox T20,https://www.leadersystems.com.au/Images/NWG-WGT20341.jpg,Watchguard,WGT20341,394,492
NWG-WGTIS30103,Identity  Access Security,WatchGuard AuthPoint Total Identity Security - 3 Year - 1 to 50 users,https://www.leadersystems.com.au/Images/NWG-WGTIS30103.jpg,Watchguard,WGTIS30103,128,160
NWG-WGTIS30303,Identity  Access Security,WatchGuard AuthPoint Total Identity Security - 3 Year - 101 to 250 users,https://www.leadersystems.com.au/Images/NWG-WGTIS30303.jpg,Watchguard,WGTIS30303,100,125
NWG-WGT40171,Cloud  Server Security,WatchGuard APT Blocker 1-yr for Firebox T40,https://www.leadersystems.com.au/Images/NWG-WGT40171.jpg,Watchguard,WGT40171,342,427
NWG-WGT21171,Cloud  Server Security,WatchGuard APT Blocker 1-yr for Firebox T20-W,https://www.leadersystems.com.au/Images/NWG-WGT21171.jpg,Watchguard,WGT21171,218,272
NWG-WGT20261,Subscriptions  Licensing,WatchGuard Gold Support Renewal/Upgrade 1-yr for Firebox T20,https://www.leadersystems.com.au/Images/NWG-WGT20261.jpg,Watchguard,WGT20261,198,247
NWG-WGTIS30701,Identity  Access Security,WatchGuard AuthPoint Total Identity Security - 1 Year - 5001+ users,https://www.leadersystems.com.au/Images/NWG-WGTIS30701.jpg,Watchguard,WGTIS30701,24,31
NWG-WGTIS30703,Identity  Access Security,WatchGuard AuthPoint Total Identity Security - 3 Year - 5001+ users,https://www.leadersystems.com.au/Images/NWG-WGTIS30703.jpg,Watchguard,WGTIS30703,58,73
NWG-WGMDR30103,Managed Detection  Response (MDR),WatchGuard Core MDR - 3 Year - 1 to 50 licenses,https://www.leadersystems.com.au/Images/NWG-WGMDR30103.jpg,Watchguard,WGMDR30103,238,283
NWG-WGMDR30203,Managed Detection  Response (MDR),WatchGuard Core MDR - 3 Year - 51 to 100 licenses,https://www.leadersystems.com.au/Images/NWG-WGMDR30203.jpg,Watchguard,WGMDR30203,206,246
NWG-WGMDR30601,Managed Detection  Response (MDR),WatchGuard Core MDR - 1 Year - 1001 to 5000 licenses,https://www.leadersystems.com.au/Images/NWG-WGMDR30601.jpg,Watchguard,WGMDR30601,46,55
NWG-WGMDR30701,Managed Detection  Response (MDR),WatchGuard Core MDR - 1 Year - 5001+ licenses,https://www.leadersystems.com.au/Images/NWG-WGMDR30701.jpg,Watchguard,WGMDR30701,43,52
NWG-WGT9014,Watchguard Accessories,Power Adapter with Round Connector (Tan) for WatchGuard Firebox T45-CW (AU),https://www.leadersystems.com.au/Images/NWG-WGT9014.jpg,Watchguard,WGT9014,45,61
NWG-WGT49173,Cloud  Server Security,WatchGuard APT Blocker 3-yr for Firebox T45-CW,https://www.leadersystems.com.au/Images/NWG-WGT49173.jpg,Watchguard,WGT49173,933,1162
NWG-WGEMA041,Email Security,Panda Email Protection - 1 Year - 51 to 100 users,https://www.leadersystems.com.au/Images/NWG-WGEMA041.jpg,Watchguard,WGEMA041,22,30
NWG-WGEMA023,Email Security,Panda Email Protection - 3 Year - 11 to 25 users,https://www.leadersystems.com.au/Images/NWG-WGEMA023.jpg,Watchguard,WGEMA023,63,83
NWG-WG9011,Watchguard Accessories,WatchGuard Authpoint Hardware Token (10 UNITS BOX),https://www.leadersystems.com.au/Images/NWG-WG9011.jpg,Watchguard,WG9011,265,346
NWG-WGT25341,Subscriptions  Licensing,WatchGuard Basic Security Suite Renewal/Upgrade 1-yr for Firebox T25,https://www.leadersystems.com.au/Images/NWG-WGT25341.jpg,Watchguard,WGT25341,400,499
NWG-WGT25351,Subscriptions  Licensing,WatchGuard Total Security Suite Renewal/Upgrade 1-yr for Firebox T25,https://www.leadersystems.com.au/Images/NWG-WGT25351.jpg,Watchguard,WGT25351,796,992
NWG-WGT26261,Subscriptions  Licensing,WatchGuard Gold Support Renewal/Upgrade 1-yr for Firebox T25-W,https://www.leadersystems.com.au/Images/NWG-WGT26261.jpg,Watchguard,WGT26261,255,318
NWG-WGT26341,Subscriptions  Licensing,WatchGuard Basic Security Suite Renewal/Upgrade 1-yr for Firebox T25-W,https://www.leadersystems.com.au/Images/NWG-WGT26341.jpg,Watchguard,WGT26341,469,585
NWG-WGT47203,Subscriptions  Licensing,WatchGuard Standard Support Renewal 3-yr for Firebox T45-PoE,https://www.leadersystems.com.au/Images/NWG-WGT47203.jpg,Watchguard,WGT47203,603,751
NWG-WGTIS30401,Identity  Access Security,WatchGuard AuthPoint Total Identity Security - 1 Year - 251 to 500 users,https://www.leadersystems.com.au/Images/NWG-WGTIS30401.jpg,Watchguard,WGTIS30401,37,47
NWG-WGTIS30501,Identity  Access Security,WatchGuard AuthPoint Total Identity Security - 1 Year - 501 to 1000 users,https://www.leadersystems.com.au/Images/NWG-WGTIS30501.jpg,Watchguard,WGTIS30501,32,41
NWG-WGT47263,Subscriptions  Licensing,WatchGuard Gold Support Renewal/Upgrade 3-yr for Firebox T45-PoE,https://www.leadersystems.com.au/Images/NWG-WGT47263.jpg,Watchguard,WGT47263,838,1045
NWG-WGT48175,Cloud  Server Security,WatchGuard APT Blocker 5-yr for Firebox T45-W-PoE,https://www.leadersystems.com.au/Images/NWG-WGT48175.jpg,Watchguard,WGT48175,1926,2444
NWG-WGT48201,Subscriptions  Licensing,WatchGuard Standard Support Renewal 1-yr for Firebox T45-W-PoE,https://www.leadersystems.com.au/Images/NWG-WGT48201.jpg,Watchguard,WGT48201,330,411
NWG-WGWUM22023,Subscriptions  Licensing,"WatchGuard USP Wi-Fi Management License 3-yr - Renewal/Upgrade, 1 AP",https://www.leadersystems.com.au/Images/NWG-WGWUM22023.jpg,Watchguard,WGWUM22023,311,388
NWG-WGEMA091,Email Security,Panda Email Protection - 1 Year - 3000+ users,https://www.leadersystems.com.au/Images/NWG-WGEMA091.jpg,Watchguard,WGEMA091,13,18
NWG-WGEMA061,Email Security,Panda Email Protection - 1 Year - 251 to 500 users,https://www.leadersystems.com.au/Images/NWG-WGEMA061.jpg,Watchguard,WGEMA061,21,29
NWG-WGEMA051,Email Security,Panda Email Protection - 1 Year - 101 to 250 users,https://www.leadersystems.com.au/Images/NWG-WGEMA051.jpg,Watchguard,WGEMA051,22,30
NWG-WGEMA013,Email Security,Panda Email Protection - 3 Year - 1 to 10 users,https://www.leadersystems.com.au/Images/NWG-WGEMA013.jpg,Watchguard,WGEMA013,63,83
NWG-WGWSM00621,Subscriptions  Licensing,"WatchGuard Standard Wi-Fi Management License 1-yr - Renewal, 1 AP",https://www.leadersystems.com.au/Images/NWG-WGWSM00621.jpg,Watchguard,WGWSM00621,93,117
NWG-WGWUM22021,Subscriptions  Licensing,"WatchGuard USP Wi-Fi Management License 1-yr - Renewal/Upgrade, 1 AP",https://www.leadersystems.com.au/Images/NWG-WGWUM22021.jpg,Watchguard,WGWUM22021,155,194
NWG-WGPSP30301,Endpoint  Mobile Protection,WatchGuard Passport (EPDR + AuthPoint + DNSWatchGO) - 1 Year - 101 to 250 Users - License Per User,https://www.leadersystems.com.au/Images/NWG-WGPSP30301.jpg,Watchguard,WGPSP30301,98,123
NWG-WGATH30401,Identity  Access Security,WatchGuard AuthPoint - 1 Year - 251 to 500 Users - License Per User,https://www.leadersystems.com.au/Images/NWG-WGATH30401.jpg,Watchguard,WGATH30401,25,31
NWG-WGATH30703,Identity  Access Security,WatchGuard AuthPoint - 3 Year - 5001+ Users - License Per User,https://www.leadersystems.com.au/Images/NWG-WGATH30703.jpg,Watchguard,WGATH30703,39,49
NWG-WGDNS30603,Cloud  Server Security,WatchGuard DNSWatchGO - 3 Year - 1001 to 5000 Users - License Per User,https://www.leadersystems.com.au/Images/NWG-WGDNS30603.jpg,Watchguard,WGDNS30603,59,74
NWG-WGM48223,Subscriptions  Licensing,WatchGuard Gold Support Renewal/Upgrade 3-yr for Firebox M4800,https://www.leadersystems.com.au/Images/NWG-WGM48223.jpg,Watchguard,WGM48223,13569,17215
NWG-WGM58171,Cloud  Server Security,WatchGuard APT Blocker 1-yr for Firebox M5800,https://www.leadersystems.com.au/Images/NWG-WGM58171.jpg,Watchguard,WGM58171,12678,16084
NWG-WGM58333,Subscriptions  Licensing,WatchGuard Basic Security Suite Renewal/Upgrade 3-yr for Firebox M5800,https://www.leadersystems.com.au/Images/NWG-WGM58333.jpg,Watchguard,WGM58333,64781,88279
NWG-WGPSP30403,Subscriptions  Licensing,WatchGuard Passport (EPDR + AuthPoint + DNSWatchGO) - 3 Year - 251 to 500 Users - License Per User,https://www.leadersystems.com.au/Images/NWG-WGPSP30403.jpg,Watchguard,WGPSP30403,211,263
NWG-WGT49263,Subscriptions  Licensing,WatchGuard Gold Support Renewal/Upgrade 3-yr for Firebox T45-CW,https://www.leadersystems.com.au/Images/NWG-WGT49263.jpg,Watchguard,WGT49263,980,1221
NWG-WGT49343,Subscriptions  Licensing,WatchGuard Basic Security Suite Renewal/Upgrade 3-yr for Firebox T45-CW,https://www.leadersystems.com.au/Images/NWG-WGT49343.jpg,Watchguard,WGT49343,2164,2696
NWG-WG9009,Watchguard Accessories,WatchGuard Power Supply for WatchGuard AP225W/AP130/AP330/AP432,https://www.leadersystems.com.au/Images/NWG-WG9009.jpg,Watchguard,WG9009,39,46.33
NWG-WGATH30603,Identity  Access Security,WatchGuard AuthPoint - 3 Year - 1001 to 5000 Users - License Per User,https://www.leadersystems.com.au/Images/NWG-WGATH30603.jpg,Watchguard,WGATH30603,45,56
NWG-WGATH30701,Identity  Access Security,WatchGuard AuthPoint - 1 Year - 5001+ Users - License Per User,https://www.leadersystems.com.au/Images/NWG-WGATH30701.jpg,Watchguard,WGATH30701,16,20
NWG-WGDNS30703,Cloud  Server Security,WatchGuard DNSWatchGO - 3 Year - 5001+ Users - License Per User,https://www.leadersystems.com.au/Images/NWG-WGDNS30703.jpg,Watchguard,WGDNS30703,51,64
NWG-WGM48171,Cloud  Server Security,WatchGuard APT Blocker 1-yr for Firebox M4800,https://www.leadersystems.com.au/Images/NWG-WGM48171.jpg,Watchguard,WGM48171,5456,6923
NWG-WGM48203,Subscriptions  Licensing,WatchGuard Standard Support Renewal 3-yr for Firebox M4800,https://www.leadersystems.com.au/Images/NWG-WGM48203.jpg,Watchguard,WGM48203,9445,11983
NWG-WGPSP30503,Subscriptions  Licensing,WatchGuard Passport (EPDR + AuthPoint + DNSWatchGO) - 3 Year - 501 to 1000 Users - License Per User,https://www.leadersystems.com.au/Images/NWG-WGPSP30503.jpg,Watchguard,WGPSP30503,181,226
NWG-WGPSP30701,Subscriptions  Licensing,WatchGuard Passport (EPDR + AuthPoint + DNSWatchGO) - 1 Year - 5001+ Users - License Per User,https://www.leadersystems.com.au/Images/NWG-WGPSP30701.jpg,Watchguard,WGPSP30701,57,71
NWG-WGM69021801,Subscriptions  Licensing,WatchGuard Cloud 1-month data retention for M690 - 1-yr,https://www.leadersystems.com.au/Images/NWG-WGM69021801.jpg,Watchguard,WGM69021801,2612,3254
NWG-WGM59040703,Subscriptions  Licensing,WatchGuard Gold Support Renewal/Upgrade 3-yr for Firebox M590,https://www.leadersystems.com.au/Images/NWG-WGM59040703.jpg,Watchguard,WGM59040703,5516,6872
NWG-WGM59040101,Subscriptions  Licensing,WatchGuard Standard Support Renewal 1-yr for Firebox M590,https://www.leadersystems.com.au/Images/NWG-WGM59040101.jpg,Watchguard,WGM59040101,1648,2053
NWG-WGM29040201,Subscriptions  Licensing,WatchGuard Basic Security Suite Renewal/Upgrade 1-yr for Firebox M290,https://www.leadersystems.com.au/Images/NWG-WGM29040201.jpg,Watchguard,WGM29040201,1517,1891
NWG-WGM39040301,Subscriptions  Licensing,WatchGuard Total Security Suite Renewal/Upgrade 1-yr for Firebox M390,https://www.leadersystems.com.au/Images/NWG-WGM39040301.jpg,Watchguard,WGM39040301,4378,5454
NWG-WGM39040103,Subscriptions  Licensing,WatchGuard Standard Support Renewal 3-yr for Firebox M390,https://www.leadersystems.com.au/Images/NWG-WGM39040103.jpg,Watchguard,WGM39040103,1996,2487
NWG-WGTIS30403,Identity  Access Security,WatchGuard AuthPoint Total Identity Security - 3 Year - 251 to 500 users,https://www.leadersystems.com.au/Images/NWG-WGTIS30403.jpg,Watchguard,WGTIS30403,90,112
NWG-WGTIS30601,Identity  Access Security,WatchGuard AuthPoint Total Identity Security - 1 Year - 1001 to 5000 users,https://www.leadersystems.com.au/Images/NWG-WGTIS30601.jpg,Watchguard,WGTIS30601,28,35
NWG-WGTIS30503,Identity  Access Security,WatchGuard AuthPoint Total Identity Security - 3 Year - 501 to 1000 users,https://www.leadersystems.com.au/Images/NWG-WGTIS30503.jpg,Watchguard,WGTIS30503,78,97
NWG-WGM59040701,Subscriptions  Licensing,WatchGuard Gold Support Renewal/Upgrade 1-yr for Firebox M590,https://www.leadersystems.com.au/Images/NWG-WGM59040701.jpg,Watchguard,WGM59040701,2375,2960
NWG-WGM59020801,Cloud  Server Security,WatchGuard APT Blocker 1-yr for Firebox M590,https://www.leadersystems.com.au/Images/NWG-WGM59020801.jpg,Watchguard,WGM59020801,2214,2758
NWG-WGM69040201,Subscriptions  Licensing,WatchGuard Basic Security Suite Renewal/Upgrade 1-yr for Firebox M690,https://www.leadersystems.com.au/Images/NWG-WGM69040201.jpg,Watchguard,WGM69040201,6312,7863
NWG-WGM29021801,Subscriptions  Licensing,WatchGuard Cloud 1-month data retention for M290 - 1-yr,https://www.leadersystems.com.au/Images/NWG-WGM29021801.jpg,Watchguard,WGM29021801,578,721
NWG-WGM29021803,Subscriptions  Licensing,WatchGuard Cloud 1-month data retention for M290 - 3-yr,https://www.leadersystems.com.au/Images/NWG-WGM29021803.jpg,Watchguard,WGM29021803,1735,2162
NWG-WGM39040101,Subscriptions  Licensing,WatchGuard Standard Support Renewal 1-yr for Firebox M390,https://www.leadersystems.com.au/Images/NWG-WGM39040101.jpg,Watchguard,WGM39040101,831,1035
NWG-WG9021,Watchguard Accessories,WatchGuard Firebox M 3rd Gen Multispeed PoE+ Module,https://www.leadersystems.com.au/Images/NWG-WG9021.jpg,Watchguard,WG9021,2156,2978
NWG-WGPTCH30501,Endpoint  Mobile Protection,Watchguard Endpoint Module - Patch Management - 1 Year - 501 to 1000 licenses,https://www.leadersystems.com.au/Images/NWG-WGPTCH30501.jpg,Watchguard,WGPTCH30501,18,23
NWG-WGPTCH30203,Endpoint  Mobile Protection,Watchguard Endpoint Module - Patch Management - 3 Year - 51 to 100 licenses,https://www.leadersystems.com.au/Images/NWG-WGPTCH30203.jpg,Watchguard,WGPTCH30203,63,79
NWG-WGINSG30301,Endpoint  Mobile Protection,Watchguard Endpoint Module - Advanced Reporting Tool - 1 Year - 101 to 250 licenses,https://www.leadersystems.com.au/Images/NWG-WGINSG30301.jpg,Watchguard,WGINSG30301,17,22
NWG-WGENCR30201,Endpoint  Mobile Protection,Watchguard Endpoint Module - Full Encryption - 1 Year - 51 to 100 licenses,https://www.leadersystems.com.au/Images/NWG-WGENCR30201.jpg,Watchguard,WGENCR30201,20,25
NWG-WGINSG30703,Endpoint  Mobile Protection,Watchguard Endpoint Module - Advanced Reporting Tool - 3 Year - 5001+ licenses,https://www.leadersystems.com.au/Images/NWG-WGINSG30703.jpg,Watchguard,WGINSG30703,24,30
NWG-WGINSG30701,Endpoint  Mobile Protection,Watchguard Endpoint Module - Advanced Reporting Tool - 1 Year - 5001+ licenses,https://www.leadersystems.com.au/Images/NWG-WGINSG30701.jpg,Watchguard,WGINSG30701,10,13
NWG-WGINSG30203,Endpoint  Mobile Protection,Watchguard Endpoint Module - Advanced Reporting Tool - 3 Year - 51 to 100 licenses,https://www.leadersystems.com.au/Images/NWG-WGINSG30203.jpg,Watchguard,WGINSG30203,46,58
NWG-WGINSG30103,Endpoint  Mobile Protection,Watchguard Endpoint Module - Advanced Reporting Tool - 3 Year - 1 to 50 licenses,https://www.leadersystems.com.au/Images/NWG-WGINSG30103.jpg,Watchguard,WGINSG30103,52,66
NWG-WGENCR30401,Endpoint  Mobile Protection,Watchguard Endpoint Module - Full Encryption - 1 Year - 251 to 500 licenses,https://www.leadersystems.com.au/Images/NWG-WGENCR30401.jpg,Watchguard,WGENCR30401,16,20
NWG-WGT25173,Cloud  Server Security,WatchGuard APT Blocker 3-yr for Firebox T25,https://www.leadersystems.com.au/Images/NWG-WGT25173.jpg,Watchguard,WGT25173,465,580
NWG-WGT25343,Subscriptions  Licensing,WatchGuard Basic Security Suite Renewal/Upgrade 3-yr for Firebox T25,https://www.leadersystems.com.au/Images/NWG-WGT25343.jpg,Watchguard,WGT25343,956,1192
NWG-WGT26203,Subscriptions  Licensing,WatchGuard Standard Support Renewal 3-yr for Firebox T25-W,https://www.leadersystems.com.au/Images/NWG-WGT26203.jpg,Watchguard,WGT26203,415,518
NWG-WGT26343,Subscriptions  Licensing,WatchGuard Basic Security Suite Renewal/Upgrade 3-yr for Firebox T25-W,https://www.leadersystems.com.au/Images/NWG-WGT26343.jpg,Watchguard,WGT26343,1145,1427
NWG-WGT45261,Subscriptions  Licensing,WatchGuard Gold Support Renewal/Upgrade 1-yr for Firebox T45,https://www.leadersystems.com.au/Images/NWG-WGT45261.jpg,Watchguard,WGT45261,363,452
NWG-WGT26175,Cloud  Server Security,WatchGuard APT Blocker 5-yr for Firebox T25-W,https://www.leadersystems.com.au/Images/NWG-WGT26175.jpg,Watchguard,WGT26175,1014,1287
NWG-WGT47261,Subscriptions  Licensing,WatchGuard Gold Support Renewal/Upgrade 1-yr for Firebox T45-PoE,https://www.leadersystems.com.au/Images/NWG-WGT47261.jpg,Watchguard,WGT47261,363,452
NWG-WGT48203,Subscriptions  Licensing,WatchGuard Standard Support Renewal 3-yr for Firebox T45-W-PoE,https://www.leadersystems.com.au/Images/NWG-WGT48203.jpg,Watchguard,WGT48203,784,977
NWG-WGT85353,Subscriptions  Licensing,WatchGuard Total Security Suite Renewal/Upgrade 3-yr for Firebox T85-PoE,https://www.leadersystems.com.au/Images/NWG-WGT85353.jpg,Watchguard,WGT85353,6169,7685
NWG-WGT26201,Subscriptions  Licensing,WatchGuard Standard Support Renewal 1-yr for Firebox T25-W,https://www.leadersystems.com.au/Images/NWG-WGT26201.jpg,Watchguard,WGT26201,173,216
NWG-WGT45353,Subscriptions  Licensing,WatchGuard Total Security SuiteRenewal/Upgrade 3-yr for Firebox T45,https://www.leadersystems.com.au/Images/NWG-WGT45353.jpg,Watchguard,WGT45353,3115,3881
NWG-WGT47353,Subscriptions  Licensing,WatchGuard Total Security Suite Renewal/Upgrade 3-yr for Firebox T45-PoE,https://www.leadersystems.com.au/Images/NWG-WGT47353.jpg,Watchguard,WGT47353,3215,4005
NWG-WGT48171,Cloud  Server Security,WatchGuard APT Blocker 1-yr for Firebox T45-W-PoE,https://www.leadersystems.com.au/Images/NWG-WGT48171.jpg,Watchguard,WGT48171,437,544
NWG-WGT85203,Subscriptions  Licensing,WatchGuard Standard Support Renewal 3-yr for Firebox T85-PoE,https://www.leadersystems.com.au/Images/NWG-WGT85203.jpg,Watchguard,WGT85203,1126,1403
NWG-WGT85261,Subscriptions  Licensing,WatchGuard Gold Support Renewal/Upgrade 1-yr for Firebox T85-PoE,https://www.leadersystems.com.au/Images/NWG-WGT85261.jpg,Watchguard,WGT85261,696,868
NWG-WG9022,Watchguard Accessories,WatchGuard Firebox M 3rd Gen 8 x 1 Gb Copper Module,https://www.leadersystems.com.au/Images/NWG-WG9022.jpg,Watchguard,WG9022,912,1258
NWG-WGMDR30301,Managed Detection  Response (MDR),WatchGuard Core MDR - 1 Year - 101 to 250 licenses,https://www.leadersystems.com.au/Images/NWG-WGMDR30301.jpg,Watchguard,WGMDR30301,73,87
NWG-WGMDR30603,Managed Detection  Response (MDR),WatchGuard Core MDR - 3 Year - 1001 to 5000 licenses,https://www.leadersystems.com.au/Images/NWG-WGMDR30603.jpg,Watchguard,WGMDR30603,111,132
NWG-WGT49351,Subscriptions  Licensing,WatchGuard Total Security Suite Renewal/Upgrade 1-yr for Firebox T45-CW,https://www.leadersystems.com.au/Images/NWG-WGT49351.jpg,Watchguard,WGT49351,1803,2247
NWG-WGMDR30303,Managed Detection  Response (MDR),WatchGuard Core MDR - 3 Year - 101 to 250 licenses,https://www.leadersystems.com.au/Images/NWG-WGMDR30303.jpg,Watchguard,WGMDR30303,174,208
NWG-WGMDR30401,Managed Detection  Response (MDR),WatchGuard Core MDR - 1 Year - 251 to 500 licenses,https://www.leadersystems.com.au/Images/NWG-WGMDR30401.jpg,Watchguard,WGMDR30401,59,71
NWG-WGT49353,Subscriptions  Licensing,WatchGuard Total Security Suite Renewal/Upgrade 3-yr for Firebox T45-CW,https://www.leadersystems.com.au/Images/NWG-WGT49353.jpg,Watchguard,WGT49353,4322,5384
NWG-WGTIS30301,Identity  Access Security,WatchGuard AuthPoint Total Identity Security - 1 Year - 101 to 250 users,https://www.leadersystems.com.au/Images/NWG-WGTIS30301.jpg,Watchguard,WGTIS30301,42,52
NWG-WGTIS30101,Identity  Access Security,WatchGuard AuthPoint Total Identity Security - 1 Year - 1 to 50 users,https://www.leadersystems.com.au/Images/NWG-WGTIS30101.jpg,Watchguard,WGTIS30101,53,67
NWG-WGTIS30203,Identity  Access Security,WatchGuard AuthPoint Total Identity Security - 3 Year - 51 to 100 users,https://www.leadersystems.com.au/Images/NWG-WGTIS30203.jpg,Watchguard,WGTIS30203,114,142
NWG-WGWSM00623,Subscriptions  Licensing,"WatchGuard Standard Wi-Fi Management License 3-yr - Renewal, 1 AP",https://www.leadersystems.com.au/Images/NWG-WGWSM00623.jpg,Watchguard,WGWSM00623,187,233
NWG-WGCR20301,Firewalls  Network Security,WatchGuard Compliance Reporting - 1 Year - 101 to 250 licenses,https://www.leadersystems.com.au/Images/NWG-WGCR20301.jpg,Watchguard,WGCR20301,26,33
NWG-WGCR20303,Firewalls  Network Security,WatchGuard Compliance Reporting - 3 Year - 101 to 250 licenses,https://www.leadersystems.com.au/Images/NWG-WGCR20303.jpg,Watchguard,WGCR20303,63,79
NWG-WGTSNDR30303,Cloud  Server Security,WatchGuard ThreatSync+ NDR   - 3 Year - 101 to 250 licenses,https://www.leadersystems.com.au/Images/NWG-WGTSNDR30303.jpg,Watchguard,WGTSNDR30303,172,214
NWG-WGCR20201,Firewalls  Network Security,WatchGuard Compliance Reporting - 1 Year - 51 to 100 licenses,https://www.leadersystems.com.au/Images/NWG-WGCR20201.jpg,Watchguard,WGCR20201,27,35
NWG-WGCR20401,Firewalls  Network Security,WatchGuard Compliance Reporting - 1 Year - 251 to 500 licenses,https://www.leadersystems.com.au/Images/NWG-WGCR20401.jpg,Watchguard,WGCR20401,23,29
NWG-WGCR20203,Firewalls  Network Security,WatchGuard Compliance Reporting - 3 Year - 51 to 100 licenses,https://www.leadersystems.com.au/Images/NWG-WGCR20203.jpg,Watchguard,WGCR20203,66,83
NWG-WGCR20403,Firewalls  Network Security,WatchGuard Compliance Reporting - 3 Year - 251 to 500 licenses,https://www.leadersystems.com.au/Images/NWG-WGCR20403.jpg,Watchguard,WGCR20403,55,69
NWG-WGTSSAAS30103,Cloud  Server Security,WatchGuard ThreatSync+ SAAS - 3 Year - 1 to 50 licenses,https://www.leadersystems.com.au/Images/NWG-WGTSSAAS30103.jpg,Watchguard,WGTSSAAS30103,90,112
NWG-WGTSSAAS30301,Cloud  Server Security,WatchGuard ThreatSync+ SAAS - 1 Year - 101 to 250 licenses,https://www.leadersystems.com.au/Images/NWG-WGTSSAAS30301.jpg,Watchguard,WGTSSAAS30301,32,40
NWG-WGSIEM30301,Firewalls  Network Security,WatchGuard SIEMFeeder - 1 Year - 101 to 250 licenses,https://www.leadersystems.com.au/Images/NWG-WGSIEM30301.jpg,Watchguard,WGSIEM30301,9,12
NWG-WGSIEM30603,Firewalls  Network Security,WatchGuard SIEMFeeder - 3 Year - 1001 to 5000 licenses,https://www.leadersystems.com.au/Images/NWG-WGSIEM30603.jpg,Watchguard,WGSIEM30603,15,19
NWG-WGVMC261,Subscriptions  Licensing,WatchGuard Gold Support Renewal/Upgrade 1-yr for FireboxV Micro,https://www.leadersystems.com.au/Images/NWG-WGVMC261.jpg,Watchguard,WGVMC261,231,288
NWG-WGTSSAAS30303,Cloud  Server Security,WatchGuard ThreatSync+ SAAS - 3 Year - 101 to 250 licenses,https://www.leadersystems.com.au/Images/NWG-WGTSSAAS30303.jpg,Watchguard,WGTSSAAS30303,76,96
NWG-WGTSFS30101,Firewalls  Network Security,WatchGuard Orion - 1 Year - 1 to 50 licenses,https://www.leadersystems.com.au/Images/NWG-WGTSFS30101.jpg,Watchguard,WGTSFS30101,77,98
NWG-WGTSFS30201,Firewalls  Network Security,WatchGuard Orion - 1 Year - 51 to 100 licenses,https://www.leadersystems.com.au/Images/NWG-WGTSFS30201.jpg,Watchguard,WGTSFS30201,68,87
NWG-WGVMC641,Firewalls  Network Security,WatchGuard FireboxV Micro with 1-yr Total Security Suite,https://www.leadersystems.com.au/Images/NWG-WGVMC641.jpg,Watchguard,WGVMC641,1460,1977
NWG-WGTSFS30503,Firewalls  Network Security,WatchGuard Orion - 3 Year - 501 to 1000 licenses,https://www.leadersystems.com.au/Images/NWG-WGTSFS30503.jpg,Watchguard,WGTSFS30503,111,142
NWG-WGTSFS30603,Firewalls  Network Security,WatchGuard Orion - 3 Year - 1001 to 5000 licenses,https://www.leadersystems.com.au/Images/NWG-WGTSFS30603.jpg,Watchguard,WGTSFS30603,97,123
NWG-WGTSFS30301,Firewalls  Network Security,WatchGuard Orion - 1 Year - 101 to 250 licenses,https://www.leadersystems.com.au/Images/NWG-WGTSFS30301.jpg,Watchguard,WGTSFS30301,61,77
NWG-WGTSFS30501,Firewalls  Network Security,WatchGuard Orion - 1 Year - 501 to 1000 licenses,https://www.leadersystems.com.au/Images/NWG-WGTSFS30501.jpg,Watchguard,WGTSFS30501,46,59
NWG-WGTSFS30701,Firewalls  Network Security,WatchGuard Orion - 1 Year - 5001+ licenses,https://www.leadersystems.com.au/Images/NWG-WGTSFS30701.jpg,Watchguard,WGTSFS30701,35,44
NWG-WGSIEM30303,Firewalls  Network Security,WatchGuard SIEMFeeder - 3 Year - 101 to 250 licenses,https://www.leadersystems.com.au/Images/NWG-WGSIEM30303.jpg,Watchguard,WGSIEM30303,22,28
NWG-WGSIEM30401,Firewalls  Network Security,WatchGuard SIEMFeeder - 1 Year - 251 to 500 licenses,https://www.leadersystems.com.au/Images/NWG-WGSIEM30401.jpg,Watchguard,WGSIEM30401,8,11
NWG-WGVMC031,Firewalls  Network Security,WatchGuard FireboxV Micro with 1-yr Basic Security Suite,https://www.leadersystems.com.au/Images/NWG-WGVMC031.jpg,Watchguard,WGVMC031,944,1279
NWG-WGVMC033,Firewalls  Network Security,WatchGuard FireboxV Micro with 3-yr Basic Security Suite,https://www.leadersystems.com.au/Images/NWG-WGVMC033.jpg,Watchguard,WGVMC033,1510,2046
NWG-WGFCI30101,Firewalls  Network Security,WatchGuard FireCloud Internet Access - 1 Year - 1 to 50 licenses,https://www.leadersystems.com.au/Images/NWG-WGFCI30101.jpg,Watchguard,WGFCI30101,106,132
NWG-WGFCI30701,Firewalls  Network Security,WatchGuard FireCloud Internet Access - 1 Year - 5001+ licenses,https://www.leadersystems.com.au/Images/NWG-WGFCI30701.jpg,Watchguard,WGFCI30701,58,73
NWG-WGFCI30703,Firewalls  Network Security,WatchGuard FireCloud Internet Access - 3 Year - 5001+ licenses,https://www.leadersystems.com.au/Images/NWG-WGFCI30703.jpg,Watchguard,WGFCI30703,175,219
NWG-WGSIEM30101,Firewalls  Network Security,WatchGuard SIEMFeeder - 1 Year - 1 to 50 licenses,https://www.leadersystems.com.au/Images/NWG-WGSIEM30101.jpg,Watchguard,WGSIEM30101,12,15
NWG-WGSIEM30703,Firewalls  Network Security,WatchGuard SIEMFeeder - 3 Year - 5001+ licenses,https://www.leadersystems.com.au/Images/NWG-WGSIEM30703.jpg,Watchguard,WGSIEM30703,13,17
NWG-WGVMC003,Firewalls  Network Security,WatchGuard FireboxV Micro with 3-yr Standard Support,https://www.leadersystems.com.au/Images/NWG-WGVMC003.jpg,Watchguard,WGVMC003,887,1201
NWG-WGVMC331,Subscriptions  Licensing,WatchGuard Basic Security Suite Renewal/Upgrade 1-yr for FireboxV Micro,https://www.leadersystems.com.au/Images/NWG-WGVMC331.jpg,Watchguard,WGVMC331,468,584
NWG-WGFCI30503,Firewalls  Network Security,WatchGuard FireCloud Internet Access - 3 Year - 501 to 1000 licenses,https://www.leadersystems.com.au/Images/NWG-WGFCI30503.jpg,Watchguard,WGFCI30503,213,265
NWG-WGFCI30603,Firewalls  Network Security,WatchGuard FireCloud Internet Access - 3 Year - 1001 to 5000 licenses,https://www.leadersystems.com.au/Images/NWG-WGFCI30603.jpg,Watchguard,WGFCI30603,198,247
NWG-WGTSFS30103,Firewalls  Network Security,WatchGuard Orion - 3 Year - 1 to 50 licenses,https://www.leadersystems.com.au/Images/NWG-WGTSFS30103.jpg,Watchguard,WGTSFS30103,186,236
NWG-WGTSFS30303,Firewalls  Network Security,WatchGuard Orion - 3 Year - 101 to 250 licenses,https://www.leadersystems.com.au/Images/NWG-WGTSFS30303.jpg,Watchguard,WGTSFS30303,145,184
NWG-WGMDRM30403,Managed Detection  Response (MDR),WatchGuard Core MDR for Microsoft - 3 Year - 251 to 500 licenses,https://www.leadersystems.com.au/Images/NWG-WGMDRM30403.jpg,Watchguard,WGMDRM30403,143,169.88
NWG-WGMDRM30203,Managed Detection  Response (MDR),WatchGuard Core MDR for Microsoft - 3 Year - 51 to 100 licenses,https://www.leadersystems.com.au/Images/NWG-WGMDRM30203.jpg,Watchguard,WGMDRM30203,207,245.92
NWG-WGA130000,WatchGuard Blank Appliance,WatchGuard AP130 Appliance Only – License Not Included (Requires Separate WG License Purchase),https://www.leadersystems.com.au/Images/NWG-WGA130000.jpg,Watchguard,WGA130000,400,550
NWG-WGM390000,WatchGuard Blank Appliance,WatchGuard Firebox M390 Appliance Only – License Not Included (Requires Separate WG License Purchase),https://www.leadersystems.com.au/Images/NWG-WGM390000.jpg,Watchguard,WGM390000,2580,3403
NWG-WGT26000,WatchGuard Blank Appliance,WatchGuard Firebox T25-W Appliance Only – License Not Included (Requires Separate WG License Purchase),https://www.leadersystems.com.au/Images/NWG-WGT26000.jpg,Watchguard,WGT26000,511,653
NWG-WGT490081,Firewalls  Network Security,WatchGuard Total Security Suite for Firebox T45-CW - 1-Year (License ONLY; HW SKU: WGT49000-AU),https://www.leadersystems.com.au/Images/NWG-WGT490081.jpg,Watchguard,WGT490081,1809,2450
NWG-WGT490073,Firewalls  Network Security,WatchGuard Basic Security Suite for Firebox T45-CW - 3-Year (License ONLY; HW SKU: WGT49000-AU),https://www.leadersystems.com.au/Images/NWG-WGT490073.jpg,Watchguard,WGT490073,2072,2806
NWG-WGT480205,Firewalls  Network Security,Trade Up to WatchGuard Basic Security Suite for Firebox T45-W-PoE - 5-Year (License ONLY; HW SKU: WGT48000-AU),https://www.leadersystems.com.au/Images/NWG-WGT480205.jpg,Watchguard,WGT480205,3218,4438
NWG-WGT480081,Firewalls  Network Security,WatchGuard Total Security Suite for Firebox T45-W-PoE - 1-Year (License ONLY; HW SKU: WGT48000-AU),https://www.leadersystems.com.au/Images/NWG-WGT480081.jpg,Watchguard,WGT480081,1782,2458
NWG-WGT480063,Firewalls  Network Security,WatchGuard Standard Support for Firebox T45-W-PoE - 3-Year (License ONLY; HW SKU: WGT48000-AU),https://www.leadersystems.com.au/Images/NWG-WGT480063.jpg,Watchguard,WGT480063,1013,1397
NWG-WGT470085,Firewalls  Network Security,WatchGuard Total Security Suite for Firebox T45-PoE - 5-Year (License ONLY; HW SKU: WGT47000-AU),https://www.leadersystems.com.au/Images/NWG-WGT470085.jpg,Watchguard,WGT470085,5415,7333
NWG-WGMDRM30701,Managed Detection  Response (MDR),WatchGuard Core MDR for Microsoft - 1 Year - 5001+ licenses,https://www.leadersystems.com.au/Images/NWG-WGMDRM30701.jpg,Watchguard,WGMDRM30701,43,51.08
NWG-WGT470065,Firewalls  Network Security,WatchGuard Standard Support for Firebox T45-PoE - 5-Year (License ONLY; HW SKU: WGT47000-AU),https://www.leadersystems.com.au/Images/NWG-WGT470065.jpg,Watchguard,WGT470065,1222,1655
NWG-WGTSNDR30403,Cloud  Server Security,WatchGuard ThreatSync+ NDR   - 3 Year - 251 to 500 licenses,https://www.leadersystems.com.au/Images/NWG-WGTSNDR30403.jpg,Watchguard,WGTSNDR30403,149,186
NWG-WGT260211,Firewalls  Network Security,Trade Up to WatchGuard Total Security Suite for Firebox T25-W - 1-Year (License ONLY; HW SKU: WGT26000),https://www.leadersystems.com.au/Images/NWG-WGT260211.jpg,Watchguard,WGT260211,738,1000
NWG-WGT260081,Firewalls  Network Security,WatchGuard Total Security Suite for Firebox T25-W - 1-Year (License ONLY; HW SKU: WGT26000),https://www.leadersystems.com.au/Images/NWG-WGT260081.jpg,Watchguard,WGT260081,944,1279
NWG-WGT260065,Firewalls  Network Security,WatchGuard Standard Support for Firebox T25-W - 5-Year (License ONLY; HW SKU: WGT26000),https://www.leadersystems.com.au/Images/NWG-WGT260065.jpg,Watchguard,WGT260065,835,1131
NWG-WGVMC173,Cloud  Server Security,WatchGuard APT Blocker 3-yr for FireboxV Micro,https://www.leadersystems.com.au/Images/NWG-WGVMC173.jpg,Watchguard,WGVMC173,545,692
NWG-WGVMC203,Subscriptions  Licensing,WatchGuard Standard Support Renewal 3-yr for FireboxV Micro,https://www.leadersystems.com.au/Images/NWG-WGVMC203.jpg,Watchguard,WGVMC203,356,444
NWG-WGFCI30301,Firewalls  Network Security,WatchGuard FireCloud Internet Access - 1 Year - 101 to 250 licenses,https://www.leadersystems.com.au/Images/NWG-WGFCI30301.jpg,Watchguard,WGFCI30301,89,111
NWG-WGFCI30501,Firewalls  Network Security,WatchGuard FireCloud Internet Access - 1 Year - 501 to 1000 licenses,https://www.leadersystems.com.au/Images/NWG-WGFCI30501.jpg,Watchguard,WGFCI30501,71,89
NWG-WGT250213,Firewalls  Network Security,Trade Up to WatchGuard Total Security Suite for Firebox T25 - 3-Year (License ONLY; HW SKU: WGT25000),https://www.leadersystems.com.au/Images/NWG-WGT250213.jpg,Watchguard,WGT250213,1575,2173
NWG-WGT250075,Firewalls  Network Security,WatchGuard Basic Security Suite for Firebox T25 - 5-Year (License ONLY; HW SKU: WGT25000),https://www.leadersystems.com.au/Images/NWG-WGT250075.jpg,Watchguard,WGT250075,1585,2186
NWG-WGM6901603,Firewalls  Network Security,WatchGuard High Availability for M690 - 3-Year (License ONLY; HW SKU: WGM690000),https://www.leadersystems.com.au/Images/NWG-WGM6901603.jpg,Watchguard,WGM6901603,2557,3463
NWG-WGM6900211,Firewalls  Network Security,Trade Up to WatchGuard Total Security Suite for Firebox M690 - 1-Year (License ONLY; HW SKU: WGM690000),https://www.leadersystems.com.au/Images/NWG-WGM6900211.jpg,Watchguard,WGM6900211,8438,11427
NWG-WGA23022001,Firewalls  Network Security,USP Wi-Fi Management for WatchGuard AP230W - 1-year (License ONLY; HW SKU: WGA230000),https://www.leadersystems.com.au/Images/NWG-WGA23022001.jpg,Watchguard,WGA23022001,143,194
NWG-WGM5900083,Firewalls  Network Security,WatchGuard Total Security Suite for Firebox M590 - 3-Year (License ONLY; HW SKU: WGM590000),https://www.leadersystems.com.au/Images/NWG-WGM5900083.jpg,Watchguard,WGM5900083,18576,25153
NWG-WGM3901601,Firewalls  Network Security,WatchGuard High Availability for M390 - 1-Year (License ONLY; HW SKU: WGM390000),https://www.leadersystems.com.au/Images/NWG-WGM3901601.jpg,Watchguard,WGM3901601,389,527
NWG-WGM48000,WatchGuard Blank Appliance,WatchGuard Firebox M4800 Appliance Only – License Not Included (Requires Separate WG License Purchase),https://www.leadersystems.com.au/Images/NWG-WGM48000.jpg,Watchguard,WGM48000,8246,11079
NWG-WGM58000,WatchGuard Blank Appliance,WatchGuard Firebox M5800 Appliance Only – License Not Included (Requires Separate WG License Purchase),https://www.leadersystems.com.au/Images/NWG-WGM58000.jpg,Watchguard,WGM58000,10971,14772
NWG-WGT490085,Firewalls  Network Security,WatchGuard Total Security Suite for Firebox T45-CW - 5-Year (License ONLY; HW SKU: WGT49000-AU),https://www.leadersystems.com.au/Images/NWG-WGT490085.jpg,Watchguard,WGT490085,7450,10088
NWG-WGA13022101,Firewalls  Network Security,Standard Wi-Fi Management for WatchGuard AP130 - 1-year (License ONLY; HW SKU: WGA130000),https://www.leadersystems.com.au/Images/NWG-WGA13022101.jpg,Watchguard,WGA13022101,86,117
NWG-WGA13022103,Firewalls  Network Security,Standard Wi-Fi Management for WatchGuard AP130 - 3-year (License ONLY; HW SKU: WGA130000),https://www.leadersystems.com.au/Images/NWG-WGA13022103.jpg,Watchguard,WGA13022103,172,233
NWG-WGT480085,Firewalls  Network Security,WatchGuard Total Security Suite for Firebox T45-W-PoE - 5-Year (License ONLY; HW SKU: WGT48000-AU),https://www.leadersystems.com.au/Images/NWG-WGT480085.jpg,Watchguard,WGT480085,7104,9797
NWG-WGM2900073,Firewalls  Network Security,WatchGuard Basic Security Suite for Firebox M290 - 3-Year (License ONLY; HW SKU: WGM290000),https://www.leadersystems.com.au/Images/NWG-WGM2900073.jpg,Watchguard,WGM2900073,3261,4416
NWG-WGA43222101,Firewalls  Network Security,Standard Wi-Fi Management for WatchGuard AP432 - 1-year (License ONLY; HW SKU: WGA432000),https://www.leadersystems.com.au/Images/NWG-WGA43222101.jpg,Watchguard,WGA43222101,86,117
NWG-WGA33222101,Firewalls  Network Security,Standard Wi-Fi Management for WatchGuard AP332CR - 1-year (License ONLY; HW SKU: WGA332000),https://www.leadersystems.com.au/Images/NWG-WGA33222101.jpg,Watchguard,WGA33222101,86,117
NWG-WGA33022103,Firewalls  Network Security,Standard Wi-Fi Management for WatchGuard AP330 - 3-year (License ONLY; HW SKU: WGA330000)(License ONLY; HW SKU: WGA330000),https://www.leadersystems.com.au/Images/NWG-WGA33022103.jpg,Watchguard,WGA33022103,172,233
NWG-WGM48000061,Firewalls  Network Security,WatchGuard Standard Support for Firebox M4800 - 1-Year (License ONLY; HW SKU: WGM48000),https://www.leadersystems.com.au/Images/NWG-WGM48000061.jpg,Watchguard,WGM48000061,10543,14277
NWG-WGM480001601,Firewalls  Network Security,WatchGuard High Availability for M4800 - 1-Year (License ONLY; HW SKU: WGM48000),https://www.leadersystems.com.au/Images/NWG-WGM480001601.jpg,Watchguard,WGM480001601,2038,2760
NWG-WGM58000073,Firewalls  Network Security,WatchGuard Basic Security Suite for Firebox M5800 - 3-Year (License ONLY; HW SKU: WGM58000),https://www.leadersystems.com.au/Images/NWG-WGM58000073.jpg,Watchguard,WGM58000073,94503,137179
NWG-WGT480083,Firewalls  Network Security,WatchGuard Total Security Suite for Firebox T45-W-PoE - 3-Year (License ONLY; HW SKU: WGT48000-AU),https://www.leadersystems.com.au/Images/NWG-WGT480083.jpg,Watchguard,WGT480083,3982,5491
NWG-WGT480061,Firewalls  Network Security,WatchGuard Standard Support for Firebox T45-W-PoE - 1-Year (License ONLY; HW SKU: WGT48000-AU),https://www.leadersystems.com.au/Images/NWG-WGT480061.jpg,Watchguard,WGT480061,609,840
NWG-WGT470215,Firewalls  Network Security,Trade Up to WatchGuard Total Security Suite for Firebox T45-PoE - 5-Year (License ONLY; HW SKU: WGT47000-AU),https://www.leadersystems.com.au/Images/NWG-WGT470215.jpg,Watchguard,WGT470215,5112,6923
NWG-WGT470213,Firewalls  Network Security,Trade Up to WatchGuard Total Security Suite for Firebox T45-PoE - 3-Year (License ONLY; HW SKU: WGT47000-AU),https://www.leadersystems.com.au/Images/NWG-WGT470213.jpg,Watchguard,WGT470213,2624,3553
NWG-WGT470061,Firewalls  Network Security,WatchGuard Standard Support for Firebox T45-PoE - 1-Year (License ONLY; HW SKU: WGT47000-AU),https://www.leadersystems.com.au/Images/NWG-WGT470061.jpg,Watchguard,WGT470061,478,648
NWG-WGT260215,Firewalls  Network Security,Trade Up to WatchGuard Total Security Suite for Firebox T25-W - 5-Year (License ONLY; HW SKU: WGT26000),https://www.leadersystems.com.au/Images/NWG-WGT260215.jpg,Watchguard,WGT260215,3576,4842
NWG-WGT260063,Firewalls  Network Security,WatchGuard Standard Support for Firebox T25-W - 3-Year (License ONLY; HW SKU: WGT26000),https://www.leadersystems.com.au/Images/NWG-WGT260063.jpg,Watchguard,WGT260063,532,721
NWG-WGT260061,Firewalls  Network Security,WatchGuard Standard Support for Firebox T25-W - 1-Year (License ONLY; HW SKU: WGT26000),https://www.leadersystems.com.au/Images/NWG-WGT260061.jpg,Watchguard,WGT260061,320,434
NWG-WGT250061,Firewalls  Network Security,WatchGuard Standard Support for Firebox T25 - 1-Year (License ONLY; HW SKU: WGT25000),https://www.leadersystems.com.au/Images/NWG-WGT250061.jpg,Watchguard,WGT250061,263,363
NWG-WGT250023,Firewalls  Network Security,WatchGuard NFR for Firebox T25 - 3 Year (License ONLY; HW SKU: WGT25000),https://www.leadersystems.com.au/Images/NWG-WGT250023.jpg,Watchguard,WGT250023,0,718.74
NWG-WGM6900083,Firewalls  Network Security,WatchGuard Total Security Suite for Firebox M690 - 3-Year (License ONLY; HW SKU: WGM690000),https://www.leadersystems.com.au/Images/NWG-WGM6900083.jpg,Watchguard,WGM6900083,25789,34922
NWG-WGM6900073,Firewalls  Network Security,WatchGuard Basic Security Suite for Firebox M690 - 3-Year (License ONLY; HW SKU: WGM690000),https://www.leadersystems.com.au/Images/NWG-WGM6900073.jpg,Watchguard,WGM6900073,13558,18360
NWG-WGM3900083,Firewalls  Network Security,WatchGuard Total Security Suite for Firebox M390 - 3-Year (License ONLY; HW SKU: WGM390000),https://www.leadersystems.com.au/Images/NWG-WGM3900083.jpg,Watchguard,WGM3900083,9342,12650
NWG-WGMDRM30201,Managed Detection  Response (MDR),WatchGuard Core MDR for Microsoft - 1 Year - 51 to 100 licenses,https://www.leadersystems.com.au/Images/NWG-WGMDRM30201.jpg,Watchguard,WGMDRM30201,86,102.17
NWG-WGM3900081,Firewalls  Network Security,WatchGuard Total Security Suite for Firebox M390 - 1-Year (License ONLY; HW SKU: WGM390000),https://www.leadersystems.com.au/Images/NWG-WGM3900081.jpg,Watchguard,WGM3900081,3999,5415
NWG-WGM2900071,Firewalls  Network Security,WatchGuard Basic Security Suite for Firebox M290 - 1-Year (License ONLY; HW SKU: WGM290000),https://www.leadersystems.com.au/Images/NWG-WGM2900071.jpg,Watchguard,WGM2900071,1413,1914
NWG-WGM2900063,Firewalls  Network Security,WatchGuard Standard Support for Firebox M290 - 3-Year (License ONLY; HW SKU: WGM290000),https://www.leadersystems.com.au/Images/NWG-WGM2900063.jpg,Watchguard,WGM2900063,1539,2084
NWG-WGA43022103,Firewalls  Network Security,Standard Wi-Fi Management for WatchGuard AP430CR - 3-year (License ONLY; HW SKU: WGA430000),https://www.leadersystems.com.au/Images/NWG-WGA43022103.jpg,Watchguard,WGA43022103,172,233
NWG-WGA43022101,Firewalls  Network Security,Standard Wi-Fi Management for WatchGuard AP430CR - 1-year (License ONLY; HW SKU: WGA430000),https://www.leadersystems.com.au/Images/NWG-WGA43022101.jpg,Watchguard,WGA43022101,86,117
NWG-WGA33222003,Firewalls  Network Security,USP Wi-Fi Management for WatchGuard AP332CR - 3-year (License ONLY; HW SKU: WGA332000),https://www.leadersystems.com.au/Images/NWG-WGA33222003.jpg,Watchguard,WGA33222003,286,388
NWG-WGA33200503,Firewalls  Network Security,USP Wi-Fi Management for WatchGuard AP332CR NFR - 3-year (License ONLY; HW SKU: WGA332000),https://www.leadersystems.com.au/Images/NWG-WGA33200503.jpg,Watchguard,WGA33200503,148,1148
NWG-WGA33022105,Firewalls  Network Security,Standard Wi-Fi Management for WatchGuard AP330 - 5-year (License ONLY; HW SKU: WGA330000),https://www.leadersystems.com.au/Images/NWG-WGA33022105.jpg,Watchguard,WGA33022105,257,349
NWG-WGM48000063,Firewalls  Network Security,WatchGuard Standard Support for Firebox M4800 - 3-Year (License ONLY; HW SKU: WGM48000),https://www.leadersystems.com.au/Images/NWG-WGM48000063.jpg,Watchguard,WGM48000063,15515,21009
NWG-WGM580001603,Firewalls  Network Security,WatchGuard High Availability for M5800 - 3-Year (License ONLY; HW SKU: WGM58000),https://www.leadersystems.com.au/Images/NWG-WGM580001603.jpg,Watchguard,WGM580001603,19336,26184
NWG-WGM58000201,Firewalls  Network Security,Trade Up to WatchGuard Basic Security Suite for M5800 - 1-Year (License ONLY; HW SKU: WGM58000),https://www.leadersystems.com.au/Images/NWG-WGM58000201.jpg,Watchguard,WGM58000201,31018,42002
NWG-WGA332000,WatchGuard Blank Appliance,WatchGuard AP332CR Appliance Only – License Not Included (Requires Separate WG License Purchase),https://www.leadersystems.com.au/Images/NWG-WGA332000.jpg,Watchguard,WGA332000,832,1157
NWG-WGT48000-AU,WatchGuard Blank Appliance,WatchGuard Firebox T45-W-PoE  Appliance Only (AU) – License Not Included (Requires Separate WG License Purchase),https://www.leadersystems.com.au/Images/NWG-WGT48000-AU.jpg,Watchguard,WGT48000-AU,911,1220
NWG-WGT85000-AU,WatchGuard Blank Appliance,WatchGuard Firebox T85-PoE Appliance Only (AU) – License Not Included (Requires Separate WG License Purchase),https://www.leadersystems.com.au/Images/NWG-WGT85000-AU.jpg,Watchguard,WGT85000-AU,1222.22,1729
NWG-WGT490215,Firewalls  Network Security,Trade Up to WatchGuard Total Security Suite for Firebox T45-CW - 5-Year (License ONLY; HW SKU: WGT49000-AU),https://www.leadersystems.com.au/Images/NWG-WGT490215.jpg,Watchguard,WGT490215,7049,9546
NWG-WGT480213,Firewalls  Network Security,Trade Up to WatchGuard Total Security Suite for Firebox T45-W-PoE - 3-Year (License ONLY; HW SKU: WGT48000-AU),https://www.leadersystems.com.au/Images/NWG-WGT480213.jpg,Watchguard,WGT480213,3594,4957
NWG-WGT480071,Firewalls  Network Security,WatchGuard Basic Security Suite for Firebox T45-W-PoE - 1-Year (License ONLY; HW SKU: WGT48000-AU),https://www.leadersystems.com.au/Images/NWG-WGT480071.jpg,Watchguard,WGT480071,933,1287
NWG-WGT470081,Firewalls  Network Security,WatchGuard Total Security Suite for Firebox T45-PoE - 1-Year (License ONLY; HW SKU: WGT47000-AU),https://www.leadersystems.com.au/Images/NWG-WGT470081.jpg,Watchguard,WGT470081,1291,1748
NWG-WG9027,Watchguard Accessories,WatchGuard Firebox M 3rd Gen Multispeed PoE+ Module with Power Adapter (AU),https://www.leadersystems.com.au/Images/NWG-WG9027.jpg,Watchguard,WG9027,2208,2978
NWG-WGT260083,Firewalls  Network Security,WatchGuard Total Security Suite for Firebox T25-W - 3-Year (License ONLY; HW SKU: WGT26000),https://www.leadersystems.com.au/Images/NWG-WGT260083.jpg,Watchguard,WGT260083,2117,2867
NWG-WGT250203,Firewalls  Network Security,Trade Up to WatchGuard Basic Security Suite for Firebox T25 - 3-Year (License ONLY; HW SKU: WGT25000),https://www.leadersystems.com.au/Images/NWG-WGT250203.jpg,Watchguard,WGT250203,725,1001
NWG-WGT250083,Firewalls  Network Security,WatchGuard Total Security Suite for Firebox T25 - 3-Year (License ONLY; HW SKU: WGT25000),https://www.leadersystems.com.au/Images/NWG-WGT250083.jpg,Watchguard,WGT250083,1755,2421
NWG-WGM6901601,Firewalls  Network Security,WatchGuard High Availability for M690 - 1-Year (License ONLY; HW SKU: WGM690000),https://www.leadersystems.com.au/Images/NWG-WGM6901601.jpg,Watchguard,WGM6901601,1064,1441
NWG-WGA23022003,Firewalls  Network Security,USP Wi-Fi Management for WatchGuard AP230W - 3-year (License ONLY; HW SKU: WGA230000),https://www.leadersystems.com.au/Images/NWG-WGA23022003.jpg,Watchguard,WGA23022003,286,388
NWG-WGM5901601,Firewalls  Network Security,WatchGuard High Availability for M590 - 1-Year (License ONLY; HW SKU: WGM590000),https://www.leadersystems.com.au/Images/NWG-WGM5901601.jpg,Watchguard,WGM5901601,767,1039
NWG-WGM5900073,Firewalls  Network Security,WatchGuard Basic Security Suite for Firebox M590 - 3-Year (License ONLY; HW SKU: WGM590000),https://www.leadersystems.com.au/Images/NWG-WGM5900073.jpg,Watchguard,WGM5900073,9765,13224
NWG-WGM5900063,Firewalls  Network Security,WatchGuard Standard Support for Firebox M590 - 3-Year (License ONLY; HW SKU: WGM590000),https://www.leadersystems.com.au/Images/NWG-WGM5900063.jpg,Watchguard,WGM5900063,4622,6260
NWG-WGM2900213,Firewalls  Network Security,Trade Up to WatchGuard Total Security Suite for Firebox M290 - 3-Year (License ONLY; HW SKU: WGM290000),https://www.leadersystems.com.au/Images/NWG-WGM2900213.jpg,Watchguard,WGM2900213,5561,7530
NWG-WGA43222001,Firewalls  Network Security,USP Wi-Fi Management for WatchGuard AP432 - 1-year (License ONLY; HW SKU: WGA432000),https://www.leadersystems.com.au/Images/NWG-WGA43222001.jpg,Watchguard,WGA43222001,143,194
NWG-WGA33222105,Firewalls  Network Security,Standard Wi-Fi Management for WatchGuard AP332CR - 5-year (License ONLY; HW SKU: WGA332000),https://www.leadersystems.com.au/Images/NWG-WGA33222105.jpg,Watchguard,WGA33222105,257,349
NWG-WGA23022105,Firewalls  Network Security,Standard Wi-Fi Management for WatchGuard AP230W - 5-year (License ONLY; HW SKU: WGA230000),https://www.leadersystems.com.au/Images/NWG-WGA23022105.jpg,Watchguard,WGA23022105,257,349
NWG-WGM48000211,Firewalls  Network Security,Trade Up to WatchGuard Total Security Suite for Firebox M4800 - 1-Year (License ONLY; HW SKU: WGM48000),https://www.leadersystems.com.au/Images/NWG-WGM48000211.jpg,Watchguard,WGM48000211,19096,25858
NWG-WGM58000061,Firewalls  Network Security,WatchGuard Standard Support for Firebox M5800 - 1-Year (License ONLY; HW SKU: WGM58000),https://www.leadersystems.com.au/Images/NWG-WGM58000061.jpg,Watchguard,WGM58000061,32460,43954
NWG-WGM58000071,Firewalls  Network Security,WatchGuard Basic Security Suite for Firebox M5800 - 1-Year (License ONLY; HW SKU: WGM58000),https://www.leadersystems.com.au/Images/NWG-WGM58000071.jpg,Watchguard,WGM58000071,41825,85649
NWG-WGM48000203,Firewalls  Network Security,Trade Up to WatchGuard Basic Security Suite for Firebox M4800 - 3-Year (License ONLY; HW SKU: WGM48000),https://www.leadersystems.com.au/Images/NWG-WGM48000203.jpg,Watchguard,WGM48000203,23547,31885
NWG-WGMDRM30301,Managed Detection  Response (MDR),WatchGuard Core MDR for Microsoft - 1 Year - 101 to 250 licenses,https://www.leadersystems.com.au/Images/NWG-WGMDRM30301.jpg,Watchguard,WGMDRM30301,73,86.72
NWG-WGMDRM30401,Managed Detection  Response (MDR),WatchGuard Core MDR for Microsoft - 1 Year - 251 to 500 licenses,https://www.leadersystems.com.au/Images/NWG-WGMDRM30401.jpg,Watchguard,WGMDRM30401,60,71.28
NWG-WGMDRM30103,Managed Detection  Response (MDR),WatchGuard Core MDR for Microsoft - 3 Year - 1 to 50 licenses,https://www.leadersystems.com.au/Images/NWG-WGMDRM30103.jpg,Watchguard,WGMDRM30103,239,283.93
NWG-WGMDRM30303,Managed Detection  Response (MDR),WatchGuard Core MDR for Microsoft - 3 Year - 101 to 250 licenses,https://www.leadersystems.com.au/Images/NWG-WGMDRM30303.jpg,Watchguard,WGMDRM30303,175,207.9
NWG-WGA432000,WatchGuard Blank Appliance,WatchGuard AP432 Appliance Only – License Not Included (Requires Separate WG License Purchase),https://www.leadersystems.com.au/Images/NWG-WGA432000.jpg,Watchguard,WGA432000,853,1187
NWG-WGM290000,WatchGuard Blank Appliance,WatchGuard Firebox M290 Appliance Only – License Not Included (Requires Separate WG License Purchase),https://www.leadersystems.com.au/Images/NWG-WGM290000.jpg,Watchguard,WGM290000,1739,2263
NWG-WGT25000,WatchGuard Blank Appliance,WatchGuard Firebox T25 Appliance Only – License Not Included (Requires Separate WG License Purchase),https://www.leadersystems.com.au/Images/NWG-WGT25000.jpg,Watchguard,WGT25000,394,542
NWG-WGT490071,Firewalls  Network Security,WatchGuard Basic Security Suite for Firebox T45-CW - 1-Year (License ONLY; HW SKU: WGT49000-AU),https://www.leadersystems.com.au/Images/NWG-WGT490071.jpg,Watchguard,WGT490071,911,1234
NWG-WGT490061,Firewalls  Network Security,WatchGuard Standard Support for Firebox T45-CW - 1-Year (License ONLY; HW SKU: WGT49000-AU),https://www.leadersystems.com.au/Images/NWG-WGT490061.jpg,Watchguard,WGT490061,568,769
NWG-WGA13000503,Firewalls  Network Security,USP Wi-Fi Management for WatchGuard AP130 NFR - 3-year (License ONLY; HW SKU: WGA130000),https://www.leadersystems.com.au/Images/NWG-WGA13000503.jpg,Watchguard,WGA13000503,148,717
NWG-WGT480065,Firewalls  Network Security,WatchGuard Standard Support for Firebox T45-W-PoE - 5-Year (License ONLY; HW SKU: WGT48000-AU),https://www.leadersystems.com.au/Images/NWG-WGT480065.jpg,Watchguard,WGT480065,1577,2175
NWG-WGMDRT30403,Managed Detection  Response (MDR),WatchGuard Total MDR - 3 Year - 251 to 500 licenses,https://www.leadersystems.com.au/Images/NWG-WGMDRT30403.jpg,Watchguard,WGMDRT30403,277,329.08
NWG-WGMDRT30301,Managed Detection  Response (MDR),WatchGuard Total MDR - 1 Year - 101 to 250 licenses,https://www.leadersystems.com.au/Images/NWG-WGMDRT30301.jpg,Watchguard,WGMDRT30301,106,125.93
NWG-WGT260075,Firewalls  Network Security,WatchGuard Basic Security Suite for Firebox T25-W - 5-Year (License ONLY; HW SKU: WGT26000),https://www.leadersystems.com.au/Images/NWG-WGT260075.jpg,Watchguard,WGT260075,1894,2565
NWG-WGT260071,Firewalls  Network Security,WatchGuard Basic Security Suite for Firebox T25-W - 1-Year (License ONLY; HW SKU: WGT26000),https://www.leadersystems.com.au/Images/NWG-WGT260071.jpg,Watchguard,WGT260071,484,656
NWG-WGT250215,Firewalls  Network Security,Trade Up to WatchGuard Total Security Suite for Firebox T25 - 5-Year (License ONLY; HW SKU: WGT25000),https://www.leadersystems.com.au/Images/NWG-WGT250215.jpg,Watchguard,WGT250215,2958,4079
NWG-WGT250211,Firewalls  Network Security,Trade Up to WatchGuard Total Security Suite for Firebox T25 - 1-Year (License ONLY; HW SKU: WGT25000),https://www.leadersystems.com.au/Images/NWG-WGT250211.jpg,Watchguard,WGT250211,606,836
NWG-WGM6900213,Firewalls  Network Security,Trade Up to WatchGuard Total Security Suite for Firebox M690 - 3-Year (License ONLY; HW SKU: WGM690000),https://www.leadersystems.com.au/Images/NWG-WGM6900213.jpg,Watchguard,WGM6900213,23118,31304
NWG-WGM6900203,Firewalls  Network Security,Trade Up to WatchGuard Basic Security Suite for Firebox M690 - 3-Year (License ONLY; HW SKU: WGM690000),https://www.leadersystems.com.au/Images/NWG-WGM6900203.jpg,Watchguard,WGM6900203,10938,14812
NWG-WGM6900071,Firewalls  Network Security,WatchGuard Basic Security Suite for Firebox M690 - 1-Year (License ONLY; HW SKU: WGM690000),https://www.leadersystems.com.au/Images/NWG-WGM6900071.jpg,Watchguard,WGM6900071,5892,7979
NWG-WGMDRT30303,Managed Detection  Response (MDR),WatchGuard Total MDR - 3 Year - 101 to 250 licenses,https://www.leadersystems.com.au/Images/NWG-WGMDRT30303.jpg,Watchguard,WGMDRT30303,318,377.78
NWG-WGM6900063,Firewalls  Network Security,WatchGuard Standard Support for Firebox M690 - 3-Year (License ONLY; HW SKU: WGM690000),https://www.leadersystems.com.au/Images/NWG-WGM6900063.jpg,Watchguard,WGM6900063,6430,8708
NWG-WGM3901603,Firewalls  Network Security,WatchGuard High Availability for M390 - 3-Year (License ONLY; HW SKU: WGM390000),https://www.leadersystems.com.au/Images/NWG-WGM3901603.jpg,Watchguard,WGM3901603,938,1271
NWG-WGM3900071,Firewalls  Network Security,WatchGuard Basic Security Suite for Firebox M390 - 1-Year (License ONLY; HW SKU: WGM390000),https://www.leadersystems.com.au/Images/NWG-WGM3900071.jpg,Watchguard,WGM3900071,2134,2890
NWG-WGM3900061,Firewalls  Network Security,WatchGuard Standard Support for Firebox M390 - 1-Year (License ONLY; HW SKU: WGM390000),https://www.leadersystems.com.au/Images/NWG-WGM3900061.jpg,Watchguard,WGM3900061,1310,1774
NWG-WGM2900203,Firewalls  Network Security,Trade Up to WatchGuard Basic Security Suite for Firebox M290 - 3-Year (License ONLY; HW SKU: WGM290000),https://www.leadersystems.com.au/Images/NWG-WGM2900203.jpg,Watchguard,WGM2900203,2632,3564
NWG-WGT1850063,Firewalls  Network Security,WatchGuard Standard Support for Firebox T185 - 3-Year (License ONLY; HW SKU: WGT185000),https://www.leadersystems.com.au/Images/NWG-WGT1850063.jpg,Watchguard,WGT1850063,2792,3781
NWG-WGT18501605,Firewalls  Network Security,WatchGuard  Standard Support for Firebox T185 High Availability - 5-Year (License ONLY; HW SKU: WGT185000),https://www.leadersystems.com.au/Images/NWG-WGT18501605.jpg,Watchguard,WGT18501605,2654,3595
NWG-WGT185343,Subscriptions  Licensing,WatchGuard Basic Security Suite Renewal/Upgrade 3-yr for Firebox T185,https://www.leadersystems.com.au/Images/NWG-WGT185343.jpg,Watchguard,WGT185343,4079,5082
NWG-WGM2900081,Firewalls  Network Security,WatchGuard Total Security Suite for Firebox M290 - 1-Year (License ONLY; HW SKU: WGM290000),https://www.leadersystems.com.au/Images/NWG-WGM2900081.jpg,Watchguard,WGM2900081,2654,3595
NWG-WGA43222103,Firewalls  Network Security,Standard Wi-Fi Management for WatchGuard AP432 - 3-year (License ONLY; HW SKU: WGA432000),https://www.leadersystems.com.au/Images/NWG-WGA43222103.jpg,Watchguard,WGA43222103,172,233
NWG-WGA43222005,Firewalls  Network Security,USP Wi-Fi Management for WatchGuard AP432 - 5-year (License ONLY; HW SKU: WGA432000),https://www.leadersystems.com.au/Images/NWG-WGA43222005.jpg,Watchguard,WGA43222005,429,581
NWG-WGA33222103,Firewalls  Network Security,Standard Wi-Fi Management for WatchGuard AP332CR - 3-year (License ONLY; HW SKU: WGA332000),https://www.leadersystems.com.au/Images/NWG-WGA33222103.jpg,Watchguard,WGA33222103,172,233
NWG-WGA33222005,Firewalls  Network Security,USP Wi-Fi Management for WatchGuard AP332CR - 5-year (License ONLY; HW SKU: WGA332000),https://www.leadersystems.com.au/Images/NWG-WGA33222005.jpg,Watchguard,WGA33222005,429,581
NWG-WGA33022101,Firewalls  Network Security,Standard Wi-Fi Management for WatchGuard AP330 - 1-year (License ONLY; HW SKU: WGA330000),https://www.leadersystems.com.au/Images/NWG-WGA33022101.jpg,Watchguard,WGA33022101,86,117
NWG-WGT1850071,Firewalls  Network Security,WatchGuard Basic Security Suite for Firebox T185 - 1-Year (License ONLY; HW SKU: WGT185000),https://www.leadersystems.com.au/Images/NWG-WGT1850071.jpg,Watchguard,WGT1850071,2082,2820
NWG-WGT1850085,Firewalls  Network Security,WatchGuard Total Security Suite for Firebox T185 - 5-Year (License ONLY; HW SKU: WGT185000),https://www.leadersystems.com.au/Images/NWG-WGT1850085.jpg,Watchguard,WGT1850085,11871,16074
NWG-WGT185203,Subscriptions  Licensing,WatchGuard Standard Support Renewal 3-yr for Firebox T185,https://www.leadersystems.com.au/Images/NWG-WGT185203.jpg,Watchguard,WGT185203,1604,1999
NWG-WGT18521801,Subscriptions  Licensing,WatchGuard Cloud 1-month data retention for T185 - 1-yr,https://www.leadersystems.com.au/Images/NWG-WGT18521801.jpg,Watchguard,WGT18521801,473,589
NWG-WGA33022003,Firewalls  Network Security,USP Wi-Fi Management for WatchGuard AP330 - 3-year (License ONLY; HW SKU: WGA330000),https://www.leadersystems.com.au/Images/NWG-WGA33022003.jpg,Watchguard,WGA33022003,286,388
NWG-WGM58000081,Firewalls  Network Security,WatchGuard Total Security Suite for Firebox M5800 - 1-Year (License ONLY; HW SKU: WGM58000),https://www.leadersystems.com.au/Images/NWG-WGM58000081.jpg,Watchguard,WGM58000081,82872,120289
NWG-WGM58000211,Firewalls  Network Security,Trade Up to WatchGuard Total Security Suite for Firebox M5800 - 1-Year (License ONLY; HW SKU: WGM58000),https://www.leadersystems.com.au/Images/NWG-WGM58000211.jpg,Watchguard,WGM58000211,70773,102719
NWG-WGM48000201,Firewalls  Network Security,Trade Up to WatchGuard Basic Security Suite for M4800 - 1-Year (License ONLY; HW SKU: WGM48000),https://www.leadersystems.com.au/Images/NWG-WGM48000201.jpg,Watchguard,WGM48000201,9920,13433
NWG-WGFCT30701,Firewalls  Network Security,WatchGuard FireCloud Total Access   - 1 Year - 5001+ licenses,https://www.leadersystems.com.au/Images/NWG-WGFCT30701.jpg,Watchguard,WGFCT30701,91,114
NWG-WGFCT30403,Firewalls  Network Security,WatchGuard FireCloud Total Access   - 3 Year - 251 to 500 licenses,https://www.leadersystems.com.au/Images/NWG-WGFCT30403.jpg,Watchguard,WGFCT30403,363,452
NWG-WGT1160215,Firewalls  Network Security,Trade Up to WatchGuard Total Security Suite for Firebox T115-W - 5-Year (License ONLY; HW SKU: WGT116000),https://www.leadersystems.com.au/Images/NWG-WGT1160215.jpg,Watchguard,WGT1160215,3043,4122
NWG-WGT116341,Subscriptions  Licensing,WatchGuard Basic Security Suite Renewal/Upgrade 1-yr for Firebox T115-W,https://www.leadersystems.com.au/Images/NWG-WGT116341.jpg,Watchguard,WGT116341,479,597
NWG-WGT1260213,Firewalls  Network Security,Trade Up to WatchGuard Total Security Suite for Firebox T125-W - 3-Year (License ONLY; HW SKU: WGT126000),https://www.leadersystems.com.au/Images/NWG-WGT1260213.jpg,Watchguard,WGT1260213,2174,2944
NWG-WGT12621801,Subscriptions  Licensing,WatchGuard Cloud 1-month data retention for T125-W - 1-yr,https://www.leadersystems.com.au/Images/NWG-WGT12621801.jpg,Watchguard,WGT12621801,137,171
NWG-WGT126261,Subscriptions  Licensing,WatchGuard Gold Support Renewal/Upgrade 1-yr for Firebox T125-W,https://www.leadersystems.com.au/Images/NWG-WGT126261.jpg,Watchguard,WGT126261,373,465
NWG-WGMDRT30703,Managed Detection  Response (MDR),WatchGuard Total MDR - 3 Year - 5001+ licenses,https://www.leadersystems.com.au/Images/NWG-WGMDRT30703.jpg,Watchguard,WGMDRT30703,209,248.29
NWG-WGMDRT30101,Managed Detection  Response (MDR),WatchGuard Total MDR - 1 Year - 1 to 50 licenses,https://www.leadersystems.com.au/Images/NWG-WGMDRT30101.jpg,Watchguard,WGMDRT30101,126,149.69
NWG-WGFCT30301,Firewalls  Network Security,WatchGuard FireCloud Total Access   - 1 Year - 101 to 250 licenses,https://www.leadersystems.com.au/Images/NWG-WGFCT30301.jpg,Watchguard,WGFCT30301,139,173
NWG-WGT1160073,Firewalls  Network Security,WatchGuard Basic Security Suite for Firebox T115-W - 3-Year (License ONLY; HW SKU: WGT116000),https://www.leadersystems.com.au/Images/NWG-WGT1160073.jpg,Watchguard,WGT1160073,1064,1441
NWG-WGT1160085,Firewalls  Network Security,WatchGuard Total Security Suite for Firebox T115-W - 5-Year (License ONLY; HW SKU: WGT116000),https://www.leadersystems.com.au/Images/NWG-WGT1160085.jpg,Watchguard,WGT1160085,3215,4354
NWG-WGT1250203,Firewalls  Network Security,Trade Up to WatchGuard Basic Security Suite for Firebox T125 - 3-Year (License ONLY; HW SKU: WGT125000),https://www.leadersystems.com.au/Images/NWG-WGT1250203.jpg,Watchguard,WGT1250203,1064,1441
NWG-WGT125173,Cloud  Server Security,WatchGuard APT Blocker 3-yr for Firebox T125,https://www.leadersystems.com.au/Images/NWG-WGT125173.jpg,Watchguard,WGT125173,466,581
NWG-WGT1450211,Firewalls  Network Security,Trade Up to WatchGuard Total Security Suite for Firebox T145 - 1-Year (License ONLY; HW SKU: WGT145000),https://www.leadersystems.com.au/Images/NWG-WGT1450211.jpg,Watchguard,WGT1450211,1527,2069
NWG-WGT1450071,Firewalls  Network Security,WatchGuard Basic Security Suite for Firebox T145 - 1-Year (License ONLY; HW SKU: WGT145000),https://www.leadersystems.com.au/Images/NWG-WGT1450071.jpg,Watchguard,WGT1450071,1035,1403
NWG-WGT145343,Subscriptions  Licensing,WatchGuard Basic Security Suite Renewal/Upgrade 3-yr for Firebox T145,https://www.leadersystems.com.au/Images/NWG-WGT145343.jpg,Watchguard,WGT145343,2027,2526
NWG-WGT145000,WatchGuard Blank Appliance,WatchGuard Firebox T145 Appliance Only – License Not Included (Requires Separate WG License Purchase),https://www.leadersystems.com.au/Images/NWG-WGT145000.jpg,Watchguard,WGT145000,486,621
NWG-WGT1250063,Firewalls  Network Security,WatchGuard Standard Support for Firebox T125 - 3-Year (License ONLY; HW SKU: WGT125000),https://www.leadersystems.com.au/Images/NWG-WGT1250063.jpg,Watchguard,WGT1250063,812,1100
NWG-WGT1450081,Firewalls  Network Security,WatchGuard Total Security Suite for Firebox T145 - 1-Year (License ONLY; HW SKU: WGT145000),https://www.leadersystems.com.au/Images/NWG-WGT1450081.jpg,Watchguard,WGT1450081,1625,2200
NWG-WGT1460203,Firewalls  Network Security,Trade Up to WatchGuard Basic Security Suite for Firebox T145-W - 3-Year (License ONLY; HW SKU: WGT146000),https://www.leadersystems.com.au/Images/NWG-WGT1460203.jpg,Watchguard,WGT1460203,2208,2991
NWG-WGT146173,Cloud  Server Security,WatchGuard APT Blocker 3-yr for Firebox T145-W,https://www.leadersystems.com.au/Images/NWG-WGT146173.jpg,Watchguard,WGT146173,982,1224
NWG-WGT146343,Subscriptions  Licensing,WatchGuard Basic Security Suite Renewal/Upgrade 3-yr for Firebox T145-W,https://www.leadersystems.com.au/Images/NWG-WGT146343.jpg,Watchguard,WGT146343,2438,3037
NWG-WGT1460081,Firewalls  Network Security,WatchGuard Total Security Suite for Firebox T145-W - 1-Year (License ONLY; HW SKU: WGT146000),https://www.leadersystems.com.au/Images/NWG-WGT1460081.jpg,Watchguard,WGT1460081,1991,2696
NWG-WGT1160075,Firewalls  Network Security,WatchGuard Basic Security Suite for Firebox T115-W - 5-Year (License ONLY; HW SKU: WGT116000),https://www.leadersystems.com.au/Images/NWG-WGT1160075.jpg,Watchguard,WGT1160075,1922,2603
NWG-WGT1260073,Firewalls  Network Security,WatchGuard Basic Security Suite for Firebox T125-W - 3-Year (License ONLY; HW SKU: WGT126000),https://www.leadersystems.com.au/Images/NWG-WGT1260073.jpg,Watchguard,WGT1260073,1373,1860
NWG-WGT116261,Subscriptions  Licensing,WatchGuard Gold Support Renewal/Upgrade 1-yr for Firebox T115-W,https://www.leadersystems.com.au/Images/NWG-WGT116261.jpg,Watchguard,WGT116261,292,365
NWG-WGT1160061,Firewalls  Network Security,WatchGuard Standard Support for Firebox T115-W - 1-Year (License ONLY; HW SKU: WGT116000),https://www.leadersystems.com.au/Images/NWG-WGT1160061.jpg,Watchguard,WGT1160061,435,589
NWG-WGT1160063,Firewalls  Network Security,WatchGuard Standard Support for Firebox T115-W - 3-Year (License ONLY; HW SKU: WGT116000),https://www.leadersystems.com.au/Images/NWG-WGT1160063.jpg,Watchguard,WGT1160063,778,1054
NWG-WGT116353,Subscriptions  Licensing,WatchGuard Total Security Suite Renewal/Upgrade 3-yr for Firebox T115-W,https://www.leadersystems.com.au/Images/NWG-WGT116353.jpg,Watchguard,WGT116353,1890,2355
NWG-WGT1260083,Firewalls  Network Security,WatchGuard Total Security Suite for Firebox T125-W - 3-Year (License ONLY; HW SKU: WGT126000),https://www.leadersystems.com.au/Images/NWG-WGT1260083.jpg,Watchguard,WGT1260083,2300,3115
NWG-WGT1850205,Firewalls  Network Security,Trade Up to WatchGuard Basic Security Suite for Firebox T185 - 5-Year (License ONLY; HW SKU: WGT185000),https://www.leadersystems.com.au/Images/NWG-WGT1850205.jpg,Watchguard,WGT1850205,6602,8940
NWG-WGT1850213,Firewalls  Network Security,Trade Up to WatchGuard Total Security Suite for Firebox T185 - 3-Year (License ONLY; HW SKU: WGT185000),https://www.leadersystems.com.au/Images/NWG-WGT1850213.jpg,Watchguard,WGT1850213,6178,8367
NWG-WGT185351,Subscriptions  Licensing,WatchGuard Total Security Suite Renewal/Upgrade 1-yr for Firebox T185,https://www.leadersystems.com.au/Images/NWG-WGT185351.jpg,Watchguard,WGT185351,2916,3634
NWG-WGTSST30001,Managed Detection  Response (MDR),WatchGuard Total NDR NFR - 1 year - 1+ license,https://www.leadersystems.com.au/Images/NWG-WGTSST30001.jpg,Watchguard,WGTSST30001,29,141.37
NWG-WGTSST30403,Managed Detection  Response (MDR),WatchGuard Total NDR - 3 Year - 251+ licenses,https://www.leadersystems.com.au/Images/NWG-WGTSST30403.jpg,Watchguard,WGTSST30403,206,258
NWG-WGT125175,Cloud  Server Security,WatchGuard APT Blocker 5-yr for Firebox T125,https://www.leadersystems.com.au/Images/NWG-WGT125175.jpg,Watchguard,WGT125175,852,1062
NWG-WGT1450215,Firewalls  Network Security,Trade Up to WatchGuard Total Security Suite for Firebox T145 - 5-Year (License ONLY; HW SKU: WGT145000),https://www.leadersystems.com.au/Images/NWG-WGT1450215.jpg,Watchguard,WGT1450215,5578,7553
NWG-WGT14521801,Subscriptions  Licensing,WatchGuard Cloud 1-month data retention for T145 - 1-yr,https://www.leadersystems.com.au/Images/NWG-WGT14521801.jpg,Watchguard,WGT14521801,292,365
NWG-WGT145351,Subscriptions  Licensing,WatchGuard Total Security Suite Renewal/Upgrade 1-yr for Firebox T145,https://www.leadersystems.com.au/Images/NWG-WGT145351.jpg,Watchguard,WGT145351,1455,1813
NWG-WGT1250085,Firewalls  Network Security,WatchGuard Total Security Suite for Firebox T125 - 5-Year (License ONLY; HW SKU: WGT125000),https://www.leadersystems.com.au/Images/NWG-WGT1250085.jpg,Watchguard,WGT1250085,3455,4679
NWG-WGT146175,Cloud  Server Security,WatchGuard APT Blocker 5-yr for Firebox T145-W,https://www.leadersystems.com.au/Images/NWG-WGT146175.jpg,Watchguard,WGT146175,1803,2247
NWG-WGT1460075,Firewalls  Network Security,WatchGuard Basic Security Suite for Firebox T145-W - 5-Year (License ONLY; HW SKU: WGT146000),https://www.leadersystems.com.au/Images/NWG-WGT1460075.jpg,Watchguard,WGT1460075,4211,5702
NWG-WGT146341,Subscriptions  Licensing,WatchGuard Basic Security Suite Renewal/Upgrade 1-yr for Firebox T145-W,https://www.leadersystems.com.au/Images/NWG-WGT146341.jpg,Watchguard,WGT146341,1032,1286
NWG-WGT1460061,Firewalls  Network Security,WatchGuard Standard Support for Firebox T145-W - 1-Year (License ONLY; HW SKU: WGT146000),https://www.leadersystems.com.au/Images/NWG-WGT1460061.jpg,Watchguard,WGT1460061,973,1317
NWG-WGTSST30203,Managed Detection  Response (MDR),WatchGuard Total NDR - 3 Year - 51 to 100 licenses,https://www.leadersystems.com.au/Images/NWG-WGTSST30203.jpg,Watchguard,WGTSST30203,260,324
NWG-WGM49540203,Subscriptions  Licensing,WatchGuard Basic Security Suite Renewal/Upgrade 3-yr for Firebox M495,https://www.leadersystems.com.au/Images/NWG-WGM49540203.jpg,Watchguard,WGM49540203,16926,21086
NWG-WGM49540701,Subscriptions  Licensing,WatchGuard Gold Support Renewal/Upgrade 1-yr for Firebox M495,https://www.leadersystems.com.au/Images/NWG-WGM49540701.jpg,Watchguard,WGM49540701,3868,4819
NWG-WGFCT30103,Firewalls  Network Security,WatchGuard FireCloud Total Access   - 3 Year - 1 to 50 licenses,https://www.leadersystems.com.au/Images/NWG-WGFCT30103.jpg,Watchguard,WGFCT30103,489,609
NWG-WGFCT30303,Firewalls  Network Security,WatchGuard FireCloud Total Access   - 3 Year - 101 to 250 licenses,https://www.leadersystems.com.au/Images/NWG-WGFCT30303.jpg,Watchguard,WGFCT30303,414,516
NWG-WGM495000,WatchGuard Blank Appliance,WatchGuard Firebox M495 Appliance Only – License Not Included (Requires Separate WG License Purchase),https://www.leadersystems.com.au/Images/NWG-WGM495000.jpg,Watchguard,WGM495000,2851,3772
NWG-WGM49540101,Subscriptions  Licensing,WatchGuard Standard Support Renewal 1-yr for Firebox M495,https://www.leadersystems.com.au/Images/NWG-WGM49540101.jpg,Watchguard,WGM49540101,4490,5334.12
NWG-WGM69540103,Subscriptions  Licensing,WatchGuard Standard Support Renewal 3-yr for Firebox M695,https://www.leadersystems.com.au/Images/NWG-WGM69540103.jpg,Watchguard,WGM69540103,19438,23092.34
NWG-WGM2950203,Firewalls  Network Security,Trade Up to WatchGuard Basic Security Suite for Firebox M295 - 3-Year (License ONLY; HW SKU: WGM295000),https://www.leadersystems.com.au/Images/NWG-WGM2950203.jpg,Watchguard,WGM2950203,4062,6461
NWG-WGT1160203,Firewalls  Network Security,Trade Up to WatchGuard Basic Security Suite for Firebox T115-W - 3-Year (License ONLY; HW SKU: WGT116000),https://www.leadersystems.com.au/Images/NWG-WGT1160203.jpg,Watchguard,WGT1160203,995,1348
NWG-WGT1160211,Firewalls  Network Security,Trade Up to WatchGuard Total Security Suite for Firebox T115-W - 1-Year (License ONLY; HW SKU: WGT116000),https://www.leadersystems.com.au/Images/NWG-WGT1160211.jpg,Watchguard,WGT1160211,904,1224
NWG-WGT116000,WatchGuard Blank Appliance,WatchGuard Firebox T115-W Appliance Only – License Not Included (Requires Separate WG License Purchase),https://www.leadersystems.com.au/Images/NWG-WGT116000.jpg,Watchguard,WGT116000,283,346
NWG-WGT126171,Cloud  Server Security,WatchGuard APT Blocker 1-yr for Firebox T125-W,https://www.leadersystems.com.au/Images/NWG-WGT126171.jpg,Watchguard,WGT126171,230,287
NWG-WGT126175,Cloud  Server Security,WatchGuard APT Blocker 5-yr for Firebox T125-W,https://www.leadersystems.com.au/Images/NWG-WGT126175.jpg,Watchguard,WGT126175,1020,1271
NWG-WGT126000,WatchGuard Blank Appliance,WatchGuard Firebox T125-W Appliance Only – License Not Included (Requires Separate WG License Purchase),https://www.leadersystems.com.au/Images/NWG-WGT126000.jpg,Watchguard,WGT126000,376,472
NWG-WGT126263,Subscriptions  Licensing,WatchGuard Gold Support Renewal/Upgrade 3-yr for Firebox T125-W,https://www.leadersystems.com.au/Images/NWG-WGT126263.jpg,Watchguard,WGT126263,908,1131
NWG-WGT1160081,Firewalls  Network Security,WatchGuard Total Security Suite for Firebox T115-W - 1-Year (License ONLY; HW SKU: WGT116000),https://www.leadersystems.com.au/Images/NWG-WGT1160081.jpg,Watchguard,WGT1160081,950,1286
NWG-WGM2950211,Firewalls  Network Security,Trade Up to WatchGuard Total Security Suite for Firebox M295 - 1-Year (License ONLY; HW SKU: WGM295000),https://www.leadersystems.com.au/Images/NWG-WGM2950211.jpg,Watchguard,WGM2950211,2963,5470
NWG-WGM2950073,Firewalls  Network Security,WatchGuard Basic Security Suite for Firebox M295 - 3-Year (License ONLY; HW SKU: WGM295000),https://www.leadersystems.com.au/Images/NWG-WGM2950073.jpg,Watchguard,WGM2950073,5080,6879
NWG-WGM6950071,Firewalls  Network Security,WatchGuard Basic Security Suite for Firebox M695 - 1-Year (License ONLY; HW SKU: WGM695000),https://www.leadersystems.com.au/Images/NWG-WGM6950071.jpg,Watchguard,WGM6950071,10652,21613
NWG-WGM5951603,Firewalls  Network Security,WatchGuard High Availability for M595 - 3-Year (License ONLY; HW SKU: WGM595000),https://www.leadersystems.com.au/Images/NWG-WGM5951603.jpg,Watchguard,WGM5951603,7906,10706
NWG-WGM3950063,Firewalls  Network Security,WatchGuard Standard Support for Firebox M395 - 3-Year (License ONLY; HW SKU: WGM395000),https://www.leadersystems.com.au/Images/NWG-WGM3950063.jpg,Watchguard,WGM3950063,6178,8367
NWG-WGM2950081,Firewalls  Network Security,WatchGuard Total Security Suite for Firebox M295 - 1-Year (License ONLY; HW SKU: WGM295000),https://www.leadersystems.com.au/Images/NWG-WGM2950081.jpg,Watchguard,WGM2950081,3295,5841
NWG-WGM5950083,Firewalls  Network Security,WatchGuard Total Security Suite for Firebox M595 - 3-Year (License ONLY; HW SKU: WGM595000),https://www.leadersystems.com.au/Images/NWG-WGM5950083.jpg,Watchguard,WGM5950083,37609,53016.88
NWG-WGT1250211,Firewalls  Network Security,Trade Up to WatchGuard Total Security Suite for Firebox T125 - 1-Year (License ONLY; HW SKU: WGT125000),https://www.leadersystems.com.au/Images/NWG-WGT1250211.jpg,Watchguard,WGT1250211,938,1271
NWG-WGT126201,Subscriptions  Licensing,WatchGuard Standard Support Renewal 1-yr for Firebox T125-W,https://www.leadersystems.com.au/Images/NWG-WGT126201.jpg,Watchguard,WGT126201,249,310
NWG-WGT1450203,Firewalls  Network Security,Trade Up to WatchGuard Basic Security Suite for Firebox T145 - 3-Year (License ONLY; HW SKU: WGT145000),https://www.leadersystems.com.au/Images/NWG-WGT1450203.jpg,Watchguard,WGT1450203,1802,2441
NWG-WGT1450205,Firewalls  Network Security,Trade Up to WatchGuard Basic Security Suite for Firebox T145 - 5-Year (License ONLY; HW SKU: WGT145000),https://www.leadersystems.com.au/Images/NWG-WGT1450205.jpg,Watchguard,WGT1450205,3278,4439
NWG-WGT1450075,Firewalls  Network Security,WatchGuard Basic Security Suite for Firebox T145 - 5-Year (License ONLY; HW SKU: WGT145000),https://www.leadersystems.com.au/Images/NWG-WGT1450075.jpg,Watchguard,WGT1450075,3467,4695
NWG-WGT12521801,Subscriptions  Licensing,WatchGuard Cloud 1-month data retention for T125 - 1-yr,https://www.leadersystems.com.au/Images/NWG-WGT12521801.jpg,Watchguard,WGT12521801,137,171
NWG-WGT145263,Subscriptions  Licensing,WatchGuard Gold Support Renewal/Upgrade 3-yr for Firebox T145,https://www.leadersystems.com.au/Images/NWG-WGT145263.jpg,Watchguard,WGT145263,1293,1612
NWG-WGM49520803,Cloud  Server Security,WatchGuard APT Blocker 3-yr for Firebox M495,https://www.leadersystems.com.au/Images/NWG-WGM49520803.jpg,Watchguard,WGM49520803,3234,5020
NWG-WGM39521801,Subscriptions  Licensing,WatchGuard Cloud 1-month data retention for M395 - 1-yr,https://www.leadersystems.com.au/Images/NWG-WGM39521801.jpg,Watchguard,WGM39521801,821,1023
NWG-WGWESS30401,Endpoint  Mobile Protection,WatchGuard Endpoint Security for Servers  - 1 Year - 251 to 500 licenses,https://www.leadersystems.com.au/Images/NWG-WGWESS30401.jpg,Watchguard,WGWESS30401,96,120
NWG-WGMDRT30503,Managed Detection  Response (MDR),WatchGuard Total MDR - 3 Year - 501 to 1000 licenses,https://www.leadersystems.com.au/Images/NWG-WGMDRT30503.jpg,Watchguard,WGMDRT30503,255,302.94
NWG-WGT1250065,Firewalls  Network Security,WatchGuard Standard Support for Firebox T125 - 5-Year (License ONLY; HW SKU: WGT125000),https://www.leadersystems.com.au/Images/NWG-WGT1250065.jpg,Watchguard,WGT1250065,1190,1612
NWG-WGT125201,Subscriptions  Licensing,WatchGuard Standard Support Renewal 1-yr for Firebox T125,https://www.leadersystems.com.au/Images/NWG-WGT125201.jpg,Watchguard,WGT125201,205,256
NWG-WGT125203,Subscriptions  Licensing,WatchGuard Standard Support Renewal 3-yr for Firebox T125,https://www.leadersystems.com.au/Images/NWG-WGT125203.jpg,Watchguard,WGT125203,497,620
NWG-WG9032,Watchguard Accessories,WatchGuard Firebox T125/T145 Rack Kit,https://www.leadersystems.com.au/Images/NWG-WG9032.jpg,Watchguard,WG9032,74,99
NWG-WGT1460211,Firewalls  Network Security,Trade Up to WatchGuard Total Security Suite for Firebox T145-W - 1-Year (License ONLY; HW SKU: WGT146000),https://www.leadersystems.com.au/Images/NWG-WGT1460211.jpg,Watchguard,WGT1460211,1876,2541
NWG-WGT146351,Subscriptions  Licensing,WatchGuard Total Security Suite Renewal/Upgrade 1-yr for Firebox T145-W,https://www.leadersystems.com.au/Images/NWG-WGT146351.jpg,Watchguard,WGT146351,1754,2185
NWG-WGM29540203,Subscriptions  Licensing,WatchGuard Basic Security Suite Renewal/Upgrade 3-yr for Firebox M295,https://www.leadersystems.com.au/Images/NWG-WGM29540203.jpg,Watchguard,WGM29540203,5397,6724
NWG-WGM39540203,Subscriptions  Licensing,WatchGuard Basic Security Suite Renewal/Upgrade 3-yr for Firebox M395,https://www.leadersystems.com.au/Images/NWG-WGM39540203.jpg,Watchguard,WGM39540203,9303,11589
NWG-WGM59540203,Subscriptions  Licensing,WatchGuard Basic Security Suite Renewal/Upgrade 3-yr for Firebox M595,https://www.leadersystems.com.au/Images/NWG-WGM59540203.jpg,Watchguard,WGM59540203,23654,29468
NWG-WGT1850061,Firewalls  Network Security,WatchGuard Standard Support for Firebox T185 - 1-Year (License ONLY; HW SKU: WGT185000),https://www.leadersystems.com.au/Images/NWG-WGT1850061.jpg,Watchguard,WGT1850061,1562,2115
NWG-WGT1850065,Firewalls  Network Security,WatchGuard Standard Support for Firebox T185 - 5-Year (License ONLY; HW SKU: WGT185000),https://www.leadersystems.com.au/Images/NWG-WGT1850065.jpg,Watchguard,WGT1850065,5000,6771
NWG-WGM39540301,Subscriptions  Licensing,WatchGuard Total Security Suite Renewal/Upgrade 1-yr for Firebox M395,https://www.leadersystems.com.au/Images/NWG-WGM39540301.jpg,Watchguard,WGM39540301,6131,8413
NWG-WGM69540301,Subscriptions  Licensing,WatchGuard Total Security Suite Renewal/Upgrade 1-yr for Firebox M695,https://www.leadersystems.com.au/Images/NWG-WGM69540301.jpg,Watchguard,WGM69540301,19886,27253
NWG-WGM3950203,Firewalls  Network Security,Trade Up to WatchGuard Basic Security Suite for Firebox M395 - 3-Year (License ONLY; HW SKU: WGM395000),https://www.leadersystems.com.au/Images/NWG-WGM3950203.jpg,Watchguard,WGM3950203,7002,11124
NWG-WGM4950203,Firewalls  Network Security,Trade Up to WatchGuard Basic Security Suite for Firebox M495 - 3-Year (License ONLY; HW SKU: WGM495000),https://www.leadersystems.com.au/Images/NWG-WGM4950203.jpg,Watchguard,WGM4950203,12746,20203
NWG-WGT185171,Cloud  Server Security,WatchGuard APT Blocker 1-yr for Firebox T185,https://www.leadersystems.com.au/Images/NWG-WGT185171.jpg,Watchguard,WGT185171,628,783
NWG-WGT185175,Cloud  Server Security,WatchGuard APT Blocker 5-yr for Firebox T185,https://www.leadersystems.com.au/Images/NWG-WGT185175.jpg,Watchguard,WGT185175,2755,3432
NWG-WGT185261,Subscriptions  Licensing,WatchGuard Gold Support Renewal/Upgrade 1-yr for Firebox T185,https://www.leadersystems.com.au/Images/NWG-WGT185261.jpg,Watchguard,WGT185261,995,1240
NWG-WGT185341,Subscriptions  Licensing,WatchGuard Basic Security Suite Renewal/Upgrade 1-yr for Firebox T185,https://www.leadersystems.com.au/Images/NWG-WGT185341.jpg,Watchguard,WGT185341,1710,2131
NWG-WGTSSAAS30203,Cloud  Server Security,WatchGuard ThreatSync+ SAAS  - 3 Year - 51 to 100 licenses,https://www.leadersystems.com.au/Images/NWG-WGTSSAAS30203.jpg,Watchguard,WGTSSAAS30203,80,100
NWG-WGTSSAAS30401,Cloud  Server Security,WatchGuard ThreatSync+ SAAS  - 1 Year - 251+ licenses,https://www.leadersystems.com.au/Images/NWG-WGTSSAAS30401.jpg,Watchguard,WGTSSAAS30401,27,35
NWG-WGMZTC30505,Subscriptions  Licensing,WatchGuard Managed Zero-Trust - 5-Year - 501 to 1000 Seats,https://www.leadersystems.com.au/Images/NWG-WGMZTC30505.jpg,Watchguard,WGMZTC30505,958,1193
NWG-WGM3950071,Firewalls  Network Security,WatchGuard Basic Security Suite for Firebox M395 - 1-Year (License ONLY; HW SKU: WGM395000),https://www.leadersystems.com.au/Images/NWG-WGM3950071.jpg,Watchguard,WGM3950071,3249,6461
NWG-WGM3950073,Firewalls  Network Security,WatchGuard Basic Security Suite for Firebox M395 - 3-Year (License ONLY; HW SKU: WGM395000),https://www.leadersystems.com.au/Images/NWG-WGM3950073.jpg,Watchguard,WGM3950073,8741,11837
NWG-WGM2950063,Firewalls  Network Security,WatchGuard Standard Support for Firebox M295 - 3-Year (License ONLY; HW SKU: WGM295000),https://www.leadersystems.com.au/Images/NWG-WGM2950063.jpg,Watchguard,WGM2950063,3593,4865
NWG-WGM2951601,Firewalls  Network Security,WatchGuard  Standard Support for Firebox M295 High Availability - 1-Year (License ONLY; HW SKU: WGM295000),https://www.leadersystems.com.au/Images/NWG-WGM2951601.jpg,Watchguard,WGM2951601,606,719.93
NWG-WGM3950081,Firewalls  Network Security,WatchGuard Total Security Suite for Firebox M395 - 1-Year (License ONLY; HW SKU: WGM395000),https://www.leadersystems.com.au/Images/NWG-WGM3950081.jpg,Watchguard,WGM3950081,5641,10071
NWG-WGM4950083,Firewalls  Network Security,WatchGuard Total Security Suite for Firebox M495 - 3-Year (License ONLY; HW SKU: WGM495000),https://www.leadersystems.com.au/Images/NWG-WGM4950083.jpg,Watchguard,WGM4950083,26991,36548
NWG-WGM5950081,Firewalls  Network Security,WatchGuard Total Security Suite for Firebox M595 - 1-Year (License ONLY; HW SKU: WGM595000),https://www.leadersystems.com.au/Images/NWG-WGM5950081.jpg,Watchguard,WGM5950081,14108,25672
NWG-WGZTC30205,Subscriptions  Licensing,WatchGuard Zero-Trust - 5-Year - 51 to 100 Seats,https://www.leadersystems.com.au/Images/NWG-WGZTC30205.jpg,Watchguard,WGZTC30205,892,1112
NWG-WGZTC30601,Subscriptions  Licensing,WatchGuard Zero-Trust - 1-Year - 1001 to 5000 Seats,https://www.leadersystems.com.au/Images/NWG-WGZTC30601.jpg,Watchguard,WGZTC30601,143,179
NWG-WGZTC30603,Subscriptions  Licensing,WatchGuard Zero-Trust - 3-Year - 1001 to 5000 Seats,https://www.leadersystems.com.au/Images/NWG-WGZTC30603.jpg,Watchguard,WGZTC30603,343,428
NWG-WGM59520803,Cloud  Server Security,WatchGuard APT Blocker 3-yr for Firebox M595,https://www.leadersystems.com.au/Images/NWG-WGM59520803.jpg,Watchguard,WGM59520803,5323,7298
NWG-WGM69520803,Cloud  Server Security,WatchGuard APT Blocker 3-yr for Firebox M695,https://www.leadersystems.com.au/Images/NWG-WGM69520803.jpg,Watchguard,WGM69520803,7387,10133
NWG-WGWESS30503,Endpoint  Mobile Protection,WatchGuard Endpoint Security for Servers  - 3 Year - 501 to 1000 licenses,https://www.leadersystems.com.au/Images/NWG-WGWESS30503.jpg,Watchguard,WGWESS30503,198,247
NWG-WGWESS30403,Endpoint  Mobile Protection,WatchGuard Endpoint Security for Servers  - 3 Year - 251 to 500 licenses,https://www.leadersystems.com.au/Images/NWG-WGWESS30403.jpg,Watchguard,WGWESS30403,231,289
NWG-WGM59540701,Subscriptions  Licensing,WatchGuard Gold Support Renewal/Upgrade 1-yr for Firebox M595,https://www.leadersystems.com.au/Images/NWG-WGM59540701.jpg,Watchguard,WGM59540701,5360,6678
NWG-WGM29540703,Subscriptions  Licensing,WatchGuard Gold Support Renewal/Upgrade 3-yr for Firebox M295,https://www.leadersystems.com.au/Images/NWG-WGM29540703.jpg,Watchguard,WGM29540703,3109,3874
NWG-WGM295000,WatchGuard Blank Appliance,WatchGuard Firebox M295 Appliance Only – License Not Included (Requires Separate WG License Purchase),https://www.leadersystems.com.au/Images/NWG-WGM295000.jpg,Watchguard,WGM295000,1228,1572
NWG-WGM69540101,Subscriptions  Licensing,WatchGuard Standard Support Renewal 1-yr for Firebox M695,https://www.leadersystems.com.au/Images/NWG-WGM69540101.jpg,Watchguard,WGM69540101,8109,9633.49
NWG-WGM39540103,Subscriptions  Licensing,WatchGuard Standard Support Renewal 3-yr for Firebox M395,https://www.leadersystems.com.au/Images/NWG-WGM39540103.jpg,Watchguard,WGM39540103,5920,7032.96
NWG-WGM4950211,Firewalls  Network Security,Trade Up to WatchGuard Total Security Suite for Firebox M495 - 1-Year (License ONLY; HW SKU: WGM495000),https://www.leadersystems.com.au/Images/NWG-WGM4950211.jpg,Watchguard,WGM4950211,9119,17244
NWG-WGM5950211,Firewalls  Network Security,Trade Up to WatchGuard Total Security Suite for Firebox M595 - 1-Year (License ONLY; HW SKU: WGM595000),https://www.leadersystems.com.au/Images/NWG-WGM5950211.jpg,Watchguard,WGM5950211,12700,24139
NWG-WGFCT30703,Firewalls  Network Security,WatchGuard FireCloud Total Access   - 3 Year - 5001+ licenses,https://www.leadersystems.com.au/Images/NWG-WGFCT30703.jpg,Watchguard,WGFCT30703,270,337
NWG-WGFCT30203,Firewalls  Network Security,WatchGuard FireCloud Total Access   - 3 Year - 51 to 100 licenses,https://www.leadersystems.com.au/Images/NWG-WGFCT30203.jpg,Watchguard,WGFCT30203,431,537
NWG-WGM3951603,Firewalls  Network Security,WatchGuard High Availability for M395 - 3-Year (License ONLY; HW SKU: WGM395000),https://www.leadersystems.com.au/Images/NWG-WGM3951603.jpg,Watchguard,WGM3951603,2975,4029
NWG-WGM4951603,Firewalls  Network Security,WatchGuard High Availability for M495 - 3-Year (License ONLY; HW SKU: WGM495000),https://www.leadersystems.com.au/Images/NWG-WGM4951603.jpg,Watchguard,WGM4951603,5606,7592
NWG-WGM4950063,Firewalls  Network Security,WatchGuard Standard Support for Firebox M495 - 3-Year (License ONLY; HW SKU: WGM495000),https://www.leadersystems.com.au/Images/NWG-WGM4950063.jpg,Watchguard,WGM4950063,11178,15137
NWG-WGM5950063,Firewalls  Network Security,WatchGuard Standard Support for Firebox M595 - 3-Year (License ONLY; HW SKU: WGM595000),https://www.leadersystems.com.au/Images/NWG-WGM5950063.jpg,Watchguard,WGM5950063,15618,21148
NWG-WGM39520801,Cloud  Server Security,WatchGuard APT Blocker 1-yr for Firebox M395,https://www.leadersystems.com.au/Images/NWG-WGM39520801.jpg,Watchguard,WGM39520801,1231,1534
NWG-WGM59520801,Cloud  Server Security,WatchGuard APT Blocker 1-yr for Firebox M595,https://www.leadersystems.com.au/Images/NWG-WGM59520801.jpg,Watchguard,WGM59520801,2438,3037
NWG-WGWESS30201,Endpoint  Mobile Protection,WatchGuard Endpoint Security for Servers  - 1 Year - 51 to 100 licenses,https://www.leadersystems.com.au/Images/NWG-WGWESS30201.jpg,Watchguard,WGWESS30201,121,151
NWG-WGWESS30101,Endpoint  Mobile Protection,WatchGuard Endpoint Security for Servers  - 1 Year - 1 to 50 licenses,https://www.leadersystems.com.au/Images/NWG-WGWESS30101.jpg,Watchguard,WGWESS30101,137,171
NWG-WGT1260215,Firewalls  Network Security,Trade Up to WatchGuard Total Security Suite for Firebox T125-W - 5-Year (License ONLY; HW SKU: WGT126000),https://www.leadersystems.com.au/Images/NWG-WGT1260215.jpg,Watchguard,WGT1260215,3936,5330
NWG-WGT1160065,Firewalls  Network Security,WatchGuard Standard Support for Firebox T115-W - 5-Year (License ONLY; HW SKU: WGT116000),https://www.leadersystems.com.au/Images/NWG-WGT1160065.jpg,Watchguard,WGT1160065,1121,1519
NWG-WGT116201,Subscriptions  Licensing,WatchGuard Standard Support Renewal 1-yr for Firebox T115-W,https://www.leadersystems.com.au/Images/NWG-WGT116201.jpg,Watchguard,WGT116201,193,241
NWG-WGT126203,Subscriptions  Licensing,WatchGuard Standard Support Renewal 3-yr for Firebox T125-W,https://www.leadersystems.com.au/Images/NWG-WGT126203.jpg,Watchguard,WGT126203,603,752
NWG-WGT1260081,Firewalls  Network Security,WatchGuard Total Security Suite for Firebox T125-W - 1-Year (License ONLY; HW SKU: WGT126000),https://www.leadersystems.com.au/Images/NWG-WGT1260081.jpg,Watchguard,WGT1260081,1224,1658
NWG-WGT126353,Subscriptions  Licensing,WatchGuard Total Security Suite Renewal/Upgrade 3-yr for Firebox T125-W,https://www.leadersystems.com.au/Images/NWG-WGT126353.jpg,Watchguard,WGT126353,2450,3053
NWG-WGT145341,Subscriptions  Licensing,WatchGuard Basic Security Suite Renewal/Upgrade 1-yr for Firebox T145,https://www.leadersystems.com.au/Images/NWG-WGT145341.jpg,Watchguard,WGT145341,852,1062
NWG-WGT125261,Subscriptions  Licensing,WatchGuard Gold Support Renewal/Upgrade 1-yr for Firebox T125,https://www.leadersystems.com.au/Images/NWG-WGT125261.jpg,Watchguard,WGT125261,311,388
NWG-WGT1450083,Firewalls  Network Security,WatchGuard Total Security Suite for Firebox T145 - 3-Year (License ONLY; HW SKU: WGT145000),https://www.leadersystems.com.au/Images/NWG-WGT1450083.jpg,Watchguard,WGT1450083,3238,4385
NWG-WGT1450085,Firewalls  Network Security,WatchGuard Total Security Suite for Firebox T145 - 5-Year (License ONLY; HW SKU: WGT145000),https://www.leadersystems.com.au/Images/NWG-WGT1450085.jpg,Watchguard,WGT1450085,5892,7979
NWG-WGT125351,Subscriptions  Licensing,WatchGuard Total Security Suite Renewal/Upgrade 1-yr for Firebox T125,https://www.leadersystems.com.au/Images/NWG-WGT125351.jpg,Watchguard,WGT125351,852,1062
NWG-WGT146263,Subscriptions  Licensing,WatchGuard Gold Support Renewal/Upgrade 3-yr for Firebox T145-W,https://www.leadersystems.com.au/Images/NWG-WGT146263.jpg,Watchguard,WGT146263,1567,1953
NWG-WGT146203,Subscriptions  Licensing,WatchGuard Standard Support Renewal 3-yr for Firebox T145-W,https://www.leadersystems.com.au/Images/NWG-WGT146203.jpg,Watchguard,WGT146203,1045,1302
NWG-WGT1460083,Firewalls  Network Security,WatchGuard Total Security Suite for Firebox T145-W - 3-Year (License ONLY; HW SKU: WGT146000),https://www.leadersystems.com.au/Images/NWG-WGT1460083.jpg,Watchguard,WGT1460083,3936,5330
NWG-WGZTC30405,Subscriptions  Licensing,WatchGuard Zero-Trust - 5-Year - 251 to 500 Seats,https://www.leadersystems.com.au/Images/NWG-WGZTC30405.jpg,Watchguard,WGZTC30405,742,925
NWG-WGZTC30705,Subscriptions  Licensing,WatchGuard Zero-Trust - 5-Year - 5001+ Seats,https://www.leadersystems.com.au/Images/NWG-WGZTC30705.jpg,Watchguard,WGZTC30705,558,696
NWG-WGZTC30101,Subscriptions  Licensing,WatchGuard Zero-Trust - 1-Year - 1 to 50 Seats,https://www.leadersystems.com.au/Images/NWG-WGZTC30101.jpg,Watchguard,WGZTC30101,230,287
NWG-WGZTC30103,Subscriptions  Licensing,WatchGuard Zero-Trust - 3-Year - 1 to 50 Seats,https://www.leadersystems.com.au/Images/NWG-WGZTC30103.jpg,Watchguard,WGZTC30103,552,688
NWG-WGZTC30303,Subscriptions  Licensing,WatchGuard Zero-Trust - 3-Year - 101 to 250 Seats,https://www.leadersystems.com.au/Images/NWG-WGZTC30303.jpg,Watchguard,WGZTC30303,465,579
NWG-WGM39540701,Subscriptions  Licensing,WatchGuard Gold Support Renewal/Upgrade 1-yr for Firebox M395,https://www.leadersystems.com.au/Images/NWG-WGM39540701.jpg,Watchguard,WGM39540701,1953,2433
NWG-WGM59540103,Subscriptions  Licensing,WatchGuard Standard Support Renewal 3-yr for Firebox M595,https://www.leadersystems.com.au/Images/NWG-WGM59540103.jpg,Watchguard,WGM59540103,15061,17892.47
NWG-WGM29540301,Subscriptions  Licensing,WatchGuard Total Security Suite Renewal/Upgrade 1-yr for Firebox M295,https://www.leadersystems.com.au/Images/NWG-WGM29540301.jpg,Watchguard,WGM29540301,3582,4912
NWG-WGTSFS30401,Firewalls  Network Security,WatchGuard Orion - 1 Year - 251 to 500 licenses,https://www.leadersystems.com.au/Images/NWG-WGTSFS30401.jpg,Watchguard,WGTSFS30401,55,70
NWG-WGTSFS30601,Firewalls  Network Security,WatchGuard Orion - 1 Year - 1001 to 5000 licenses,https://www.leadersystems.com.au/Images/NWG-WGTSFS30601.jpg,Watchguard,WGTSFS30601,40,51
NWG-WGESA30103,Endpoint  Mobile Protection,WatchGuard Endpoint Security Basic - 3 Year - 1 to 50 licenses,https://www.leadersystems.com.au/Images/NWG-WGESA30103.jpg,Watchguard,WGESA30103,118,147
NWG-WGESA30403,Endpoint  Mobile Protection,WatchGuard Endpoint Security Basic - 3 Year - 251 to 500 licenses,https://www.leadersystems.com.au/Images/NWG-WGESA30403.jpg,Watchguard,WGESA30403,83,104
NWG-WGESB30303,Endpoint  Mobile Protection,WatchGuard Endpoint Security 360 - 3 Year - 101 to 250 licenses,https://www.leadersystems.com.au/Images/NWG-WGESB30303.jpg,Watchguard,WGESB30303,161,201
NWG-WGESB30601,Endpoint  Mobile Protection,WatchGuard Endpoint Security 360 - 1 Year - 1001 to 5000 licenses,https://www.leadersystems.com.au/Images/NWG-WGESB30601.jpg,Watchguard,WGESB30601,45,56
NWG-WGESC30203,Endpoint  Mobile Protection,WatchGuard Endpoint Security Elite - 3 Year - 51 to 100 licenses,https://www.leadersystems.com.au/Images/NWG-WGESC30203.jpg,Watchguard,WGESC30203,234,293
NWG-WGESC30503,Endpoint  Mobile Protection,WatchGuard Endpoint Security Elite - 3 Year - 501 to 1000 licenses,https://www.leadersystems.com.au/Images/NWG-WGESC30503.jpg,Watchguard,WGESC30503,160,200
NWG-WGWEDP30403,Endpoint  Mobile Protection,WatchGuard Endpoint Security Prime - 3 Year - 251 to 500 licenses,https://www.leadersystems.com.au/Images/NWG-WGWEDP30403.jpg,Watchguard,WGWEDP30403,103,129
NWG-WGM39540303,Subscriptions  Licensing,WatchGuard Total Security Suite Renewal/Upgrade 3-yr for Firebox M395,https://www.leadersystems.com.au/Images/NWG-WGM39540303.jpg,Watchguard,WGM39540303,16192,20172
NWG-WGM59540303,Subscriptions  Licensing,WatchGuard Total Security Suite Renewal/Upgrade 3-yr for Firebox M595,https://www.leadersystems.com.au/Images/NWG-WGM59540303.jpg,Watchguard,WGM59540303,40481,52003.51
NWG-WGM6950211,Firewalls  Network Security,Trade Up to WatchGuard Total Security Suite for Firebox M695 - 1-Year (License ONLY; HW SKU: WGM695000),https://www.leadersystems.com.au/Images/NWG-WGM6950211.jpg,Watchguard,WGM6950211,16465,31126
NWG-WGM2950071,Firewalls  Network Security,WatchGuard Basic Security Suite for Firebox M295 - 1-Year (License ONLY; HW SKU: WGM295000),https://www.leadersystems.com.au/Images/NWG-WGM2950071.jpg,Watchguard,WGM2950071,1888,3703
NWG-WGM5950073,Firewalls  Network Security,WatchGuard Basic Security Suite for Firebox M595 - 3-Year (License ONLY; HW SKU: WGM595000),https://www.leadersystems.com.au/Images/NWG-WGM5950073.jpg,Watchguard,WGM5950073,22128,29964
NWG-WGM6950073,Firewalls  Network Security,WatchGuard Basic Security Suite for Firebox M695 - 3-Year (License ONLY; HW SKU: WGM695000),https://www.leadersystems.com.au/Images/NWG-WGM6950073.jpg,Watchguard,WGM6950073,28616,38748
NWG-WGM6950063,Firewalls  Network Security,WatchGuard Standard Support for Firebox M695 - 3-Year (License ONLY; HW SKU: WGM695000),https://www.leadersystems.com.au/Images/NWG-WGM6950063.jpg,Watchguard,WGM6950063,20183,27330
NWG-WGMDRO30103,Managed Detection  Response (MDR),WatchGuard Open MDR  - 3 Year - 1 to 50 licenses,https://www.leadersystems.com.au/Images/NWG-WGMDRO30103.jpg,Watchguard,WGMDRO30103,544,646.27
NWG-WGMDRO30601,Managed Detection  Response (MDR),WatchGuard Open MDR  - 1 Year - 1001 to 5000 licenses,https://www.leadersystems.com.au/Images/NWG-WGMDRO30601.jpg,Watchguard,WGMDRO30601,112,133.06
NWG-WGTSO30101,Cloud  Server Security,WatchGuard ThreatSync Open - 1 Year - 1 to 50 licenses,https://www.leadersystems.com.au/Images/NWG-WGTSO30101.jpg,Watchguard,WGTSO30101,19,24
NWG-WGTSO30220,Cloud  Server Security,WatchGuard ThreatSync Open - Monthly Subscription - 51 to 100 licenses,https://www.leadersystems.com.au/Images/NWG-WGTSO30220.jpg,Watchguard,WGTSO30220,62,79
NWG-WGTSO30505,Cloud  Server Security,WatchGuard ThreatSync Open - 5 year - 501 to 1000 licenses,https://www.leadersystems.com.au/Images/NWG-WGTSO30505.jpg,Watchguard,WGTSO30505,58,73
NWG-WGTSO30703,Cloud  Server Security,WatchGuard ThreatSync Open - 3 Year - 5001+ licenses,https://www.leadersystems.com.au/Images/NWG-WGTSO30703.jpg,Watchguard,WGTSO30703,25,31
NWG-WGM2950083,Firewalls  Network Security,WatchGuard Total Security Suite for Firebox M295 - 3-Year (License ONLY; HW SKU: WGM295000),https://www.leadersystems.com.au/Images/NWG-WGM2950083.jpg,Watchguard,WGM2950083,8799,11915
NWG-WGM6950081,Firewalls  Network Security,WatchGuard Total Security Suite for Firebox M695 - 1-Year (License ONLY; HW SKU: WGM695000),https://www.leadersystems.com.au/Images/NWG-WGM6950081.jpg,Watchguard,WGM6950081,18295,33124
NWG-WG9037,Watchguard Accessories,Redundant Power Supply for WatchGuard Firebox M395/M495/M595/M695,https://www.leadersystems.com.au/Images/NWG-WG9037.jpg,Watchguard,WG9037,502,690
NWG-WGWESS30601,Endpoint  Mobile Protection,WatchGuard Endpoint Security for Servers  - 1 Year - 1001 to 5000 licenses,https://www.leadersystems.com.au/Images/NWG-WGWESS30601.jpg,Watchguard,WGWESS30601,71,89
NWG-WGWESS30703,Endpoint  Mobile Protection,WatchGuard Endpoint Security for Servers  - 3 Year - 5001+ licenses,https://www.leadersystems.com.au/Images/NWG-WGWESS30703.jpg,Watchguard,WGWESS30703,148,185
NWG-WGWESS30203,Endpoint  Mobile Protection,WatchGuard Endpoint Security for Servers  - 3 Year - 51 to 100 licenses,https://www.leadersystems.com.au/Images/NWG-WGWESS30203.jpg,Watchguard,WGWESS30203,290,361
NWG-WGWESS30701,Endpoint  Mobile Protection,WatchGuard Endpoint Security for Servers  - 1 Year - 5001+ licenses,https://www.leadersystems.com.au/Images/NWG-WGWESS30701.jpg,Watchguard,WGWESS30701,62,78
NWG-WGCDR30701,Cloud  Server Security,WatchGuard CloudDR - 1 Year - 5001+ licenses,https://www.leadersystems.com.au/Images/NWG-WGCDR30701.jpg,Watchguard,WGCDR30701,4546,5768
NWG-WGCDR30503,Cloud  Server Security,WatchGuard CloudDR - 3 Year - 501 to 1000 licenses,https://www.leadersystems.com.au/Images/NWG-WGCDR30503.jpg,Watchguard,WGCDR30503,4546,5768
NWG-WGCDR30505,Cloud  Server Security,WatchGuard CloudDR - 5 Year - 501 to 1000 licenses,https://www.leadersystems.com.au/Images/NWG-WGCDR30505.jpg,Watchguard,WGCDR30505,4546,5768
NWG-WGCDR39900,Cloud  Server Security,WatchGuard CloudDR - Monthly Subscription - Provisioning,https://www.leadersystems.com.au/Images/NWG-WGCDR39900.jpg,Watchguard,WGCDR39900,4546,5768
NWG-WGESA30601,Endpoint  Mobile Protection,WatchGuard Endpoint Security Basic - 1 Year - 1001 to 5000 licenses,https://www.leadersystems.com.au/Images/NWG-WGESA30601.jpg,Watchguard,WGESA30601,26,32
NWG-WGESB30501,Endpoint  Mobile Protection,WatchGuard Endpoint Security 360 - 1 Year - 501 to 1000 licenses,https://www.leadersystems.com.au/Images/NWG-WGESB30501.jpg,Watchguard,WGESB30501,51,65
NWG-WGESC30401,Endpoint  Mobile Protection,WatchGuard Endpoint Security Elite - 1 Year - 251 to 500 licenses,https://www.leadersystems.com.au/Images/NWG-WGESC30401.jpg,Watchguard,WGESC30401,78,97
NWG-WGWEDP30101,Endpoint  Mobile Protection,WatchGuard Endpoint Security Prime - 1 Year - 1 to 50 licenses,https://www.leadersystems.com.au/Images/NWG-WGWEDP30101.jpg,Watchguard,WGWEDP30101,61,77
NWG-WGWEDP30201,Endpoint  Mobile Protection,WatchGuard Endpoint Security Prime - 1 Year - 51 to 100 licenses,https://www.leadersystems.com.au/Images/NWG-WGWEDP30201.jpg,Watchguard,WGWEDP30201,54,69
NWG-WGWEDP30301,Endpoint  Mobile Protection,WatchGuard Endpoint Security Prime - 1 Year - 101 to 250 licenses,https://www.leadersystems.com.au/Images/NWG-WGWEDP30301.jpg,Watchguard,WGWEDP30301,48,61
NWG-WGESA30303,Endpoint  Mobile Protection,WatchGuard Endpoint Security Basic - 3 Year - 101 to 250 licenses,https://www.leadersystems.com.au/Images/NWG-WGESA30303.jpg,Watchguard,WGESA30303,92,115
NWG-WGESA30401,Endpoint  Mobile Protection,WatchGuard Endpoint Security Basic - 1 Year - 251 to 500 licenses,https://www.leadersystems.com.au/Images/NWG-WGESA30401.jpg,Watchguard,WGESA30401,34,43
NWG-WGCR20105,Firewalls  Network Security,WatchGuard Compliance Reporting - 5 Year - 1 to 50 licenses,https://www.leadersystems.com.au/Images/NWG-WGCR20105.jpg,Watchguard,WGCR20105,30,39
NWG-WGCR20302,Firewalls  Network Security,WatchGuard Compliance Reporting - 2 Year - 101 to 250 licenses,https://www.leadersystems.com.au/Images/NWG-WGCR20302.jpg,Watchguard,WGCR20302,30,39
NWG-WGCR20402,Firewalls  Network Security,WatchGuard Compliance Reporting - 2 Year - 251 to 500 licenses,https://www.leadersystems.com.au/Images/NWG-WGCR20402.jpg,Watchguard,WGCR20402,30,39
NWG-WGATH30702,Identity  Access Security,WatchGuard AuthPoint MFA - 2 Year - 5001+ Users,https://www.leadersystems.com.au/Images/NWG-WGATH30702.jpg,Watchguard,WGATH30702,33,45
NWG-WGCR20504,Firewalls  Network Security,WatchGuard Compliance Reporting - 4 Year - 501 to 1000 licenses,https://www.leadersystems.com.au/Images/NWG-WGCR20504.jpg,Watchguard,WGCR20504,30,39
NWG-WGCR20605,Firewalls  Network Security,WatchGuard Compliance Reporting - 5 Year - 1001 to 5000 licenses,https://www.leadersystems.com.au/Images/NWG-WGCR20605.jpg,Watchguard,WGCR20605,30,39
NWG-WGMDR30404,Firewalls  Network Security,WatchGuard Core MDR - 4 Year - 251 to 500 licenses,https://www.leadersystems.com.au/Images/NWG-WGMDR30404.jpg,Watchguard,WGMDR30404,30,39
NWG-WGCLG005,Firewalls  Network Security,WatchGuard Firebox Cloud Large with 5-yr Standard Support,https://www.leadersystems.com.au/Images/NWG-WGCLG005.jpg,Watchguard,WGCLG005,9401,12965
NWG-WGESB30101,Endpoint  Mobile Protection,WatchGuard Endpoint Security 360 - 1 Year - 1 to 50 licenses,https://www.leadersystems.com.au/Images/NWG-WGESB30101.jpg,Watchguard,WGESB30101,86,107
NWG-WGESB30203,Endpoint  Mobile Protection,WatchGuard Endpoint Security 360 - 3 Year - 51 to 100 licenses,https://www.leadersystems.com.au/Images/NWG-WGESB30203.jpg,Watchguard,WGESB30203,182,227
NWG-WGESC30001,Endpoint  Mobile Protection,WatchGuard Endpoint Security Elite NFR - 1 year - 1+ licenses,https://www.leadersystems.com.au/Images/NWG-WGESC30001.jpg,Watchguard,WGESC30001,66,80.78
NWG-WGESC30701,Endpoint  Mobile Protection,WatchGuard Endpoint Security Elite - 1 Year - 5001+ licenses,https://www.leadersystems.com.au/Images/NWG-WGESC30701.jpg,Watchguard,WGESC30701,50,63
NWG-WGESC30703,Endpoint  Mobile Protection,WatchGuard Endpoint Security Elite - 3 Year - 5001+ licenses,https://www.leadersystems.com.au/Images/NWG-WGESC30703.jpg,Watchguard,WGESC30703,121,152
NWG-WGWEDP30501,Endpoint  Mobile Protection,WatchGuard Endpoint Security Prime - 1 Year - 501 to 1000 licenses,https://www.leadersystems.com.au/Images/NWG-WGWEDP30501.jpg,Watchguard,WGWEDP30501,37,47
NWG-WGWEDP30601,Endpoint  Mobile Protection,WatchGuard Endpoint Security Prime - 1 Year - 1001 to 5000 licenses,https://www.leadersystems.com.au/Images/NWG-WGWEDP30601.jpg,Watchguard,WGWEDP30601,32,41
NWG-WGZTC30105,Subscriptions  Licensing,WatchGuard Zero-Trust - 5-Year - 1 to 50 Seats,https://www.leadersystems.com.au/Images/NWG-WGZTC30105.jpg,Watchguard,WGZTC30105,1012,1262
NWG-WGZTC30305,Subscriptions  Licensing,WatchGuard Zero-Trust - 5-Year - 101 to 250 Seats,https://www.leadersystems.com.au/Images/NWG-WGZTC30305.jpg,Watchguard,WGZTC30305,851,1061
NWG-WGZTC30503,Subscriptions  Licensing,WatchGuard Zero-Trust - 3-Year - 501 to 1000 Seats,https://www.leadersystems.com.au/Images/NWG-WGZTC30503.jpg,Watchguard,WGZTC30503,371,462
NWG-WGZTC30703,Subscriptions  Licensing,WatchGuard Zero-Trust - 3-Year - 5001+ Seats,https://www.leadersystems.com.au/Images/NWG-WGZTC30703.jpg,Watchguard,WGZTC30703,305,380
NWG-WGMDRM30105,Managed Detection  Response (MDR),WatchGuard Core MDR for Microsoft - 5 Year - 1 to 50 licenses,https://www.leadersystems.com.au/Images/NWG-WGMDRM30105.jpg,Watchguard,WGMDRM30105,95,117
NWG-WGMDRM30205,Managed Detection  Response (MDR),WatchGuard Core MDR for Microsoft - 5 Year - 51 to 100 licenses,https://www.leadersystems.com.au/Images/NWG-WGMDRM30205.jpg,Watchguard,WGMDRM30205,95,117
NWG-WGMDRM30305,Managed Detection  Response (MDR),WatchGuard Core MDR for Microsoft - 5 Year - 101 to 250 licenses,https://www.leadersystems.com.au/Images/NWG-WGMDRM30305.jpg,Watchguard,WGMDRM30305,95,117
NWG-WGMDRM30705,Managed Detection  Response (MDR),WatchGuard Core MDR for Microsoft - 5 Year - 5001+ licenses,https://www.leadersystems.com.au/Images/NWG-WGMDRM30705.jpg,Watchguard,WGMDRM30705,95,117
NWG-WGMDRO30202,Managed Detection  Response (MDR),Watchguard Open MDR- 2 Year - 51 to 100 licenses,https://www.leadersystems.com.au/Images/NWG-WGMDRO30202.jpg,Watchguard,WGMDRO30202,174,212
NWG-WGMDRO30404,Managed Detection  Response (MDR),Watchguard Open MDR- 4 Year - 251 to 500 licenses,https://www.leadersystems.com.au/Images/NWG-WGMDRO30404.jpg,Watchguard,WGMDRO30404,174,212
NWG-WGMDRO30605,Managed Detection  Response (MDR),Watchguard Open MDR- 5 Year - 1001 to 5000 licenses,https://www.leadersystems.com.au/Images/NWG-WGMDRO30605.jpg,Watchguard,WGMDRO30605,174,212
NWG-WGAP13000503,Firewalls  Network Security,USP Wi-Fi Management for WatchGuard AP130 NFR - 3-year,https://www.leadersystems.com.au/Images/NWG-WGAP13000503.jpg,Watchguard,WGAP13000503,148,717
NWG-WGAP13022002,Firewalls  Network Security,USP Wi-Fi Management for WatchGuard AP130 - 2-year,https://www.leadersystems.com.au/Images/NWG-WGAP13022002.jpg,Watchguard,WGAP13022002,143,194
NWG-WGCLG172,Cloud  Server Security,WatchGuard APT Blocker 2-yr for Firebox Cloud Large,https://www.leadersystems.com.au/Images/NWG-WGCLG172.jpg,Watchguard,WGCLG172,2267,2876
NWG-WGCLG522,Subscriptions  Licensing,WatchGuard Cloud 1-month data retention for Firebox Cloud Large - 2-yr,https://www.leadersystems.com.au/Images/NWG-WGCLG522.jpg,Watchguard,WGCLG522,2267,2876
NWG-WGCLG642,Firewalls  Network Security,WatchGuard Firebox Cloud Large with 2-yr Total Security Suite,https://www.leadersystems.com.au/Images/NWG-WGCLG642.jpg,Watchguard,WGCLG642,14558,20075
NWG-WGCME032,Firewalls  Network Security,WatchGuard Firebox Cloud Medium with 2-yr Basic Security Suite,https://www.leadersystems.com.au/Images/NWG-WGCME032.jpg,Watchguard,WGCME032,4405,5965
NWG-WGMDRO30203,Managed Detection  Response (MDR),WatchGuard Open MDR  - 3 Year - 51 to 100 licenses,https://www.leadersystems.com.au/Images/NWG-WGMDRO30203.jpg,Watchguard,WGMDRO30203,487,578.56
NWG-WGMDRO30403,Managed Detection  Response (MDR),WatchGuard Open MDR  - 3 Year - 251 to 500 licenses,https://www.leadersystems.com.au/Images/NWG-WGMDRO30403.jpg,Watchguard,WGMDRO30403,401,476.39
NWG-WGTSO30201,Cloud  Server Security,WatchGuard ThreatSync Open - 1 Year - 51 to 100 licenses,https://www.leadersystems.com.au/Images/NWG-WGTSO30201.jpg,Watchguard,WGTSO30201,17,21
NWG-WGTSO30205,Cloud  Server Security,WatchGuard ThreatSync Open - 5 year - 51 to 100 licenses,https://www.leadersystems.com.au/Images/NWG-WGTSO30205.jpg,Watchguard,WGTSO30205,74,93
NWG-WGTSO30603,Cloud  Server Security,WatchGuard ThreatSync Open - 3 Year - 1001 to 5000 licenses,https://www.leadersystems.com.au/Images/NWG-WGTSO30603.jpg,Watchguard,WGTSO30603,28,35
NWG-WGTSO30620,Cloud  Server Security,WatchGuard ThreatSync Open - Monthly Subscription - 1001 to 5000 licenses,https://www.leadersystems.com.au/Images/NWG-WGTSO30620.jpg,Watchguard,WGTSO30620,62,79
NWG-WGTSO30401,Cloud  Server Security,WatchGuard ThreatSync Open - 1 Year - 251 to 500 licenses,https://www.leadersystems.com.au/Images/NWG-WGTSO30401.jpg,Watchguard,WGTSO30401,14,18
NWG-WGTSO30403,Cloud  Server Security,WatchGuard ThreatSync Open - 3 Year - 251 to 500 licenses,https://www.leadersystems.com.au/Images/NWG-WGTSO30403.jpg,Watchguard,WGTSO30403,33,42
NWG-WGVMC001,Firewalls  Network Security,WatchGuard FireboxV Micro with 1-yr Standard Support,https://www.leadersystems.com.au/Images/NWG-WGVMC001.jpg,Watchguard,WGVMC001,704,953
NWG-WGVMC263,Subscriptions  Licensing,WatchGuard Gold Support Renewal/Upgrade 3-yr for FireboxV Micro,https://www.leadersystems.com.au/Images/NWG-WGVMC263.jpg,Watchguard,WGVMC263,531,662
NWG-WGVMC333,Subscriptions  Licensing,WatchGuard Basic Security Suite Renewal/Upgrade 3-yr for FireboxV Micro,https://www.leadersystems.com.au/Images/NWG-WGVMC333.jpg,Watchguard,WGVMC333,1087,1355
NWG-WGCDR30101,Cloud  Server Security,WatchGuard CloudDR - 1 Year - 1 to 50 licenses,https://www.leadersystems.com.au/Images/NWG-WGCDR30101.jpg,Watchguard,WGCDR30101,4546,5768
NWG-WGCDR30301,Cloud  Server Security,WatchGuard CloudDR - 1 Year - 101 to 250 licenses,https://www.leadersystems.com.au/Images/NWG-WGCDR30301.jpg,Watchguard,WGCDR30301,4546,5768
NWG-WGCDR30703,Cloud  Server Security,WatchGuard CloudDR - 3 Year - 5001+ licenses,https://www.leadersystems.com.au/Images/NWG-WGCDR30703.jpg,Watchguard,WGCDR30703,4546,5768
NWG-WGCDR30205,Cloud  Server Security,WatchGuard CloudDR - 5 Year - 51 to 100 licenses,https://www.leadersystems.com.au/Images/NWG-WGCDR30205.jpg,Watchguard,WGCDR30205,4546,5768
NWG-WGCDR30201,Cloud  Server Security,WatchGuard CloudDR- 1 Year - 51 to 100 licenses,https://www.leadersystems.com.au/Images/NWG-WGCDR30201.jpg,Watchguard,WGCDR30201,4546,5768
NWG-WGCDR30103,Cloud  Server Security,WatchGuard CloudDR - 3 Year - 1 to 50 licenses,https://www.leadersystems.com.au/Images/NWG-WGCDR30103.jpg,Watchguard,WGCDR30103,4546,5768
NWG-WGCDR30203,Cloud  Server Security,WatchGuard CloudDR - 3 Year - 51 to 100 licenses,https://www.leadersystems.com.au/Images/NWG-WGCDR30203.jpg,Watchguard,WGCDR30203,4546,5768
NWG-WGCDR30220,Cloud  Server Security,WatchGuard CloudDR - Monthly Subscription - 51 to 100 licenses,https://www.leadersystems.com.au/Images/NWG-WGCDR30220.jpg,Watchguard,WGCDR30220,4546,5768
NWG-WGCDR30320,Cloud  Server Security,WatchGuard CloudDR - Monthly Subscription - 101 to 250 licenses,https://www.leadersystems.com.au/Images/NWG-WGCDR30320.jpg,Watchguard,WGCDR30320,4546,5768
NWG-WGCR20204,Firewalls  Network Security,WatchGuard Compliance Reporting - 4 Year - 51 to 100 licenses,https://www.leadersystems.com.au/Images/NWG-WGCR20204.jpg,Watchguard,WGCR20204,30,39
NWG-WGCR20205,Firewalls  Network Security,WatchGuard Compliance Reporting - 5 Year - 51 to 100 licenses,https://www.leadersystems.com.au/Images/NWG-WGCR20205.jpg,Watchguard,WGCR20205,30,39
NWG-WGCR20305,Firewalls  Network Security,WatchGuard Compliance Reporting - 5 Year - 101 to 250 licenses,https://www.leadersystems.com.au/Images/NWG-WGCR20305.jpg,Watchguard,WGCR20305,30,39
NWG-WGCR20604,Firewalls  Network Security,WatchGuard Compliance Reporting - 4 Year - 1001 to 5000 licenses,https://www.leadersystems.com.au/Images/NWG-WGCR20604.jpg,Watchguard,WGCR20604,30,39
NWG-WGMDR30504,Firewalls  Network Security,WatchGuard Core MDR - 4 Year - 501 to 1000 licenses,https://www.leadersystems.com.au/Images/NWG-WGMDR30504.jpg,Watchguard,WGMDR30504,30,39
NWG-WGMDR30604,Firewalls  Network Security,WatchGuard Core MDR - 4 Year - 1001 to 5000 licenses,https://www.leadersystems.com.au/Images/NWG-WGMDR30604.jpg,Watchguard,WGMDR30604,30,39
NWG-WGMDRM30702,Managed Detection  Response (MDR),WatchGuard Core MDR for Microsoft - 2 Year - 5001+ licenses,https://www.leadersystems.com.au/Images/NWG-WGMDRM30702.jpg,Watchguard,WGMDRM30702,95,117
NWG-WGMDRM30704,Managed Detection  Response (MDR),WatchGuard Core MDR for Microsoft - 4 Year - 5001+ licenses,https://www.leadersystems.com.au/Images/NWG-WGMDRM30704.jpg,Watchguard,WGMDRM30704,95,117
NWG-WGMDRO30502,Managed Detection  Response (MDR),Watchguard Open MDR- 2 Year - 501 to 1000 licenses,https://www.leadersystems.com.au/Images/NWG-WGMDRO30502.jpg,Watchguard,WGMDRO30502,174,212
NWG-WGMDRO30602,Managed Detection  Response (MDR),Watchguard Open MDR- 2 Year - 1001 to 5000 licenses,https://www.leadersystems.com.au/Images/NWG-WGMDRO30602.jpg,Watchguard,WGMDRO30602,174,212
NWG-WGAP13022005,Firewalls  Network Security,USP Wi-Fi Management for WatchGuard AP130 - 5-year,https://www.leadersystems.com.au/Images/NWG-WGAP13022005.jpg,Watchguard,WGAP13022005,143,194
NWG-WGCLG174,Cloud  Server Security,WatchGuard APT Blocker 4-yr for Firebox Cloud Large,https://www.leadersystems.com.au/Images/NWG-WGCLG174.jpg,Watchguard,WGCLG174,2267,2876
NWG-WGATH30204,Identity  Access Security,WatchGuard AuthPoint MFA - 4 Year - 51 to 100 Users,https://www.leadersystems.com.au/Images/NWG-WGATH30204.jpg,Watchguard,WGATH30204,33,45
NWG-WGCR20405,Firewalls  Network Security,WatchGuard Compliance Reporting - 5 Year - 251 to 500 licenses,https://www.leadersystems.com.au/Images/NWG-WGCR20405.jpg,Watchguard,WGCR20405,30,39
NWG-WGMDR30102,Firewalls  Network Security,WatchGuard Core MDR - 2 Year - 1 to 50 licenses,https://www.leadersystems.com.au/Images/NWG-WGMDR30102.jpg,Watchguard,WGMDR30102,30,39
NWG-WGMDR30202,Firewalls  Network Security,WatchGuard Core MDR - 2 Year - 51 to 100 licenses,https://www.leadersystems.com.au/Images/NWG-WGMDR30202.jpg,Watchguard,WGMDR30202,30,39
NWG-WGMDR30302,Firewalls  Network Security,WatchGuard Core MDR - 2 Year - 101 to 250 licenses,https://www.leadersystems.com.au/Images/NWG-WGMDR30302.jpg,Watchguard,WGMDR30302,30,39
NWG-WGCLG035,Firewalls  Network Security,WatchGuard Firebox Cloud Large with 5-yr Basic Security Suite,https://www.leadersystems.com.au/Images/NWG-WGCLG035.jpg,Watchguard,WGCLG035,9401,12965
NWG-WGMDRM30102,Firewalls  Network Security,WatchGuard Core MDR for Microsoft - 2 Year - 1 to 50 licenses,https://www.leadersystems.com.au/Images/NWG-WGMDRM30102.jpg,Watchguard,WGMDRM30102,30,39
NWG-WGMDRM30404,Managed Detection  Response (MDR),WatchGuard Core MDR for Microsoft - 4 Year - 251 to 500 licenses,https://www.leadersystems.com.au/Images/NWG-WGMDRM30404.jpg,Watchguard,WGMDRM30404,95,117
NWG-WGMDRM30502,Managed Detection  Response (MDR),WatchGuard Core MDR for Microsoft - 2 Year - 501 to 1000 licenses,https://www.leadersystems.com.au/Images/NWG-WGMDRM30502.jpg,Watchguard,WGMDRM30502,95,117
NWG-WGMDRO30204,Managed Detection  Response (MDR),Watchguard Open MDR- 4 Year - 51 to 100 licenses,https://www.leadersystems.com.au/Images/NWG-WGMDRO30204.jpg,Watchguard,WGMDRO30204,174,212
NWG-WGMDRO30302,Managed Detection  Response (MDR),Watchguard Open MDR- 2 Year - 101 to 250 licenses,https://www.leadersystems.com.au/Images/NWG-WGMDRO30302.jpg,Watchguard,WGMDRO30302,174,212
NWG-WGCLG644,Firewalls  Network Security,WatchGuard Firebox Cloud Large with 4-yr Total Security Suite,https://www.leadersystems.com.au/Images/NWG-WGCLG644.jpg,Watchguard,WGCLG644,14558,20075
NWG-WGCLG645,Firewalls  Network Security,WatchGuard Firebox Cloud Large with 5-yr Total Security Suite,https://www.leadersystems.com.au/Images/NWG-WGCLG645.jpg,Watchguard,WGCLG645,14558,20075
NWG-WGAP23022101,Firewalls  Network Security,Standard Wi-Fi Management for WatchGuard AP230W - 1-year,https://www.leadersystems.com.au/Images/NWG-WGAP23022101.jpg,Watchguard,WGAP23022101,86,117
NWG-WGAP13022101,Firewalls  Network Security,Standard Wi-Fi Management for WatchGuard AP130 - 1-year,https://www.leadersystems.com.au/Images/NWG-WGAP13022101.jpg,Watchguard,WGAP13022101,86,117
NWG-WGAP13022103,Firewalls  Network Security,Standard Wi-Fi Management for WatchGuard AP130 - 3-year,https://www.leadersystems.com.au/Images/NWG-WGAP13022103.jpg,Watchguard,WGAP13022103,86,117
NWG-WGAP13022105,Firewalls  Network Security,Standard Wi-Fi Management for WatchGuard AP130 - 5-year,https://www.leadersystems.com.au/Images/NWG-WGAP13022105.jpg,Watchguard,WGAP13022105,86,117
NWG-WGAP23000623,Subscriptions  Licensing,WatchGuard Standard Wi-Fi Management Renewal/Upgrade 3-yr for AP230W,https://www.leadersystems.com.au/Images/NWG-WGAP23000623.jpg,Watchguard,WGAP23000623,93,117
NWG-WGAP23000625,Subscriptions  Licensing,WatchGuard Standard Wi-Fi Management Renewal/Upgrade 5-yr for AP230W,https://www.leadersystems.com.au/Images/NWG-WGAP23000625.jpg,Watchguard,WGAP23000625,93,117
NWG-WGESA30101,Endpoint  Mobile Protection,WatchGuard Endpoint Security Basic - 1 Year - 1 to 50 licenses,https://www.leadersystems.com.au/Images/NWG-WGESA30101.jpg,Watchguard,WGESA30101,49,62
NWG-WGESA30201,Endpoint  Mobile Protection,WatchGuard Endpoint Security Basic - 1 Year - 51 to 100 licenses,https://www.leadersystems.com.au/Images/NWG-WGESA30201.jpg,Watchguard,WGESA30201,43,54
NWG-WGESA30503,Endpoint  Mobile Protection,WatchGuard Endpoint Security Basic - 3 Year - 501 to 1000 licenses,https://www.leadersystems.com.au/Images/NWG-WGESA30503.jpg,Watchguard,WGESA30503,71,89
NWG-WGESB30603,Endpoint  Mobile Protection,WatchGuard Endpoint Security 360 - 3 Year - 1001 to 5000 licenses,https://www.leadersystems.com.au/Images/NWG-WGESB30603.jpg,Watchguard,WGESB30603,107,134
NWG-WGESB30701,Endpoint  Mobile Protection,WatchGuard Endpoint Security 360 - 1 Year - 5001+ licenses,https://www.leadersystems.com.au/Images/NWG-WGESB30701.jpg,Watchguard,WGESB30701,39,49
NWG-WGESC30201,Endpoint  Mobile Protection,WatchGuard Endpoint Security Elite - 1 Year - 51 to 100 licenses,https://www.leadersystems.com.au/Images/NWG-WGESC30201.jpg,Watchguard,WGESC30201,98,122
NWG-WGESC30301,Endpoint  Mobile Protection,WatchGuard Endpoint Security Elite - 1 Year - 101 to 250 licenses,https://www.leadersystems.com.au/Images/NWG-WGESC30301.jpg,Watchguard,WGESC30301,86,108
NWG-WGWEDP30401,Endpoint  Mobile Protection,WatchGuard Endpoint Security Prime - 1 Year - 251 to 500 licenses,https://www.leadersystems.com.au/Images/NWG-WGWEDP30401.jpg,Watchguard,WGWEDP30401,43,55
NWG-WGWEDP30603,Endpoint  Mobile Protection,WatchGuard Endpoint Security Prime - 3 Year - 1001 to 5000 licenses,https://www.leadersystems.com.au/Images/NWG-WGWEDP30603.jpg,Watchguard,WGWEDP30603,76,96
NWG-WGWEDP30701,Endpoint  Mobile Protection,WatchGuard Endpoint Security Prime - 1 Year - 5001+ licenses,https://www.leadersystems.com.au/Images/NWG-WGWEDP30701.jpg,Watchguard,WGWEDP30701,28,36
NWG-WGMDRO30301,Managed Detection  Response (MDR),WatchGuard Open MDR  - 1 Year - 101 to 250 licenses,https://www.leadersystems.com.au/Images/NWG-WGMDRO30301.jpg,Watchguard,WGMDRO30301,143,169.88
NWG-WGMDRO30303,Managed Detection  Response (MDR),WatchGuard Open MDR  - 3 Year - 101 to 250 licenses,https://www.leadersystems.com.au/Images/NWG-WGMDRO30303.jpg,Watchguard,WGMDRO30303,430,510.84
NWG-WGTSO30301,Cloud  Server Security,WatchGuard ThreatSync Open - 1 Year - 101 to 250 licenses,https://www.leadersystems.com.au/Images/NWG-WGTSO30301.jpg,Watchguard,WGTSO30301,16,21
NWG-WGTSO30305,Cloud  Server Security,WatchGuard ThreatSync Open - 5 year - 101 to 250 licenses,https://www.leadersystems.com.au/Images/NWG-WGTSO30305.jpg,Watchguard,WGTSO30305,72,90
NWG-WGTSO30420,Cloud  Server Security,WatchGuard ThreatSync Open - Monthly Subscription - 251 to 500 licenses,https://www.leadersystems.com.au/Images/NWG-WGTSO30420.jpg,Watchguard,WGTSO30420,62,79
NWG-WGTSO30503,Cloud  Server Security,WatchGuard ThreatSync Open - 3 Year - 501 to 1000 licenses,https://www.leadersystems.com.au/Images/NWG-WGTSO30503.jpg,Watchguard,WGTSO30503,32,40
NWG-WGTSO30520,Cloud  Server Security,WatchGuard ThreatSync Open - Monthly Subscription - 501 to 1000 licenses,https://www.leadersystems.com.au/Images/NWG-WGTSO30520.jpg,Watchguard,WGTSO30520,62,79
NWG-WGFCI30201,Firewalls  Network Security,WatchGuard FireCloud Internet Access - 1 Year - 51 to 100 licenses,https://www.leadersystems.com.au/Images/NWG-WGFCI30201.jpg,Watchguard,WGFCI30201,93,117
NWG-WGFCI30401,Firewalls  Network Security,WatchGuard FireCloud Internet Access - 1 Year - 251 to 500 licenses,https://www.leadersystems.com.au/Images/NWG-WGFCI30401.jpg,Watchguard,WGFCI30401,78,97
NWG-WGCDR30405,Cloud  Server Security,WatchGuard CloudDR - 5 Year - 251 to 500 licenses,https://www.leadersystems.com.au/Images/NWG-WGCDR30405.jpg,Watchguard,WGCDR30405,4546,5768
NWG-WGCDR30605,Cloud  Server Security,WatchGuard CloudDR - 5 Year - 1001 to 5000 licenses,https://www.leadersystems.com.au/Images/NWG-WGCDR30605.jpg,Watchguard,WGCDR30605,4546,5768
NWG-WGCDR30520,Cloud  Server Security,WatchGuard CloudDR - Monthly Subscription - 501 to 1000 licenses,https://www.leadersystems.com.au/Images/NWG-WGCDR30520.jpg,Watchguard,WGCDR30520,4546,5768
NWG-WGCDR30720,Cloud  Server Security,WatchGuard CloudDR - Monthly Subscription - 5001+ licenses,https://www.leadersystems.com.au/Images/NWG-WGCDR30720.jpg,Watchguard,WGCDR30720,4546,5768
NWG-WGATH30302,Identity  Access Security,WatchGuard AuthPoint MFA - 2 Year - 101 to 250 Users,https://www.leadersystems.com.au/Images/NWG-WGATH30302.jpg,Watchguard,WGATH30302,33,45
NWG-WGATH30402,Identity  Access Security,WatchGuard AuthPoint MFA - 2 Year - 251 to 500 Users,https://www.leadersystems.com.au/Images/NWG-WGATH30402.jpg,Watchguard,WGATH30402,33,45
NWG-WGATH30604,Identity  Access Security,WatchGuard AuthPoint MFA - 4 Year - 1001 to 5000 Users,https://www.leadersystems.com.au/Images/NWG-WGATH30604.jpg,Watchguard,WGATH30604,33,45
NWG-WGATH30704,Identity  Access Security,WatchGuard AuthPoint MFA - 4 Year - 5001+ Users,https://www.leadersystems.com.au/Images/NWG-WGATH30704.jpg,Watchguard,WGATH30704,33,45
NWG-WGMDR30402,Firewalls  Network Security,WatchGuard Core MDR - 2 Year - 251 to 500 licenses,https://www.leadersystems.com.au/Images/NWG-WGMDR30402.jpg,Watchguard,WGMDR30402,30,39
NWG-WGMDR30502,Firewalls  Network Security,WatchGuard Core MDR - 2 Year - 501 to 1000 licenses,https://www.leadersystems.com.au/Images/NWG-WGMDR30502.jpg,Watchguard,WGMDR30502,30,39
NWG-WGMDR30702,Firewalls  Network Security,WatchGuard Core MDR - 2 Year - 5001+ licenses,https://www.leadersystems.com.au/Images/NWG-WGMDR30702.jpg,Watchguard,WGMDR30702,30,39
NWG-WGCLG032,Firewalls  Network Security,WatchGuard Firebox Cloud Large with 2-yr Basic Security Suite,https://www.leadersystems.com.au/Images/NWG-WGCLG032.jpg,Watchguard,WGCLG032,9401,12965
NWG-WGA330000,WatchGuard Blank Appliance,WatchGuard AP330 Appliance Only – License Not Included (Requires Separate WG License Purchase),https://www.leadersystems.com.au/Images/NWG-WGA330000.jpg,Watchguard,WGA330000,699,970
NWG-WGMDRM30505,Managed Detection  Response (MDR),WatchGuard Core MDR for Microsoft - 5 Year - 501 to 1000 licenses,https://www.leadersystems.com.au/Images/NWG-WGMDRM30505.jpg,Watchguard,WGMDRM30505,95,117
NWG-WGMDRO30102,Managed Detection  Response (MDR),Watchguard Open MDR- 2 Year - 1 to 50 licenses,https://www.leadersystems.com.au/Images/NWG-WGMDRO30102.jpg,Watchguard,WGMDRO30102,174,212
NWG-WGMDRO30105,Managed Detection  Response (MDR),Watchguard Open MDR- 5 Year - 1 to 50 licenses,https://www.leadersystems.com.au/Images/NWG-WGMDRO30105.jpg,Watchguard,WGMDRO30105,174,212
NWG-WGCLG524,Subscriptions  Licensing,WatchGuard Cloud 1-month data retention for Firebox Cloud Large - 4-yr,https://www.leadersystems.com.au/Images/NWG-WGCLG524.jpg,Watchguard,WGCLG524,2267,2876
NWG-WGAP23022103,Firewalls  Network Security,Standard Wi-Fi Management for WatchGuard AP230W - 3-year,https://www.leadersystems.com.au/Images/NWG-WGAP23022103.jpg,Watchguard,WGAP23022103,86,117
NWG-WGAP23022105,Firewalls  Network Security,Standard Wi-Fi Management for WatchGuard AP230W - 5-year,https://www.leadersystems.com.au/Images/NWG-WGAP23022105.jpg,Watchguard,WGAP23022105,86,117
NWG-WGA430000,WatchGuard Blank Appliance,"WatchGuard AP430CR Appliance Only – License Not Included (Requires Separate WG License Purchase), Antennas (WG9004) are sold separately",https://www.leadersystems.com.au/Images/NWG-WGA430000.jpg,Watchguard,WGA430000,1541,2152
NWG-WGT49000-AU,WatchGuard Blank Appliance,WatchGuard Firebox T45-CW  Appliance Only (AU) – License Not Included (Requires Separate WG License Purchase),https://www.leadersystems.com.au/Images/NWG-WGT49000-AU.jpg,Watchguard,WGT49000-AU,1061,1397
NWG-WGT490213,Firewalls  Network Security,Trade Up to WatchGuard Total Security Suite for Firebox T45-CW - 3-Year (License ONLY; HW SKU: WGT49000-AU),https://www.leadersystems.com.au/Images/NWG-WGT490213.jpg,Watchguard,WGT490213,3731,5053
NWG-WGA23000503,Firewalls  Network Security,USP Wi-Fi Management for WatchGuard AP230W NFR - 3-year (License ONLY; HW SKU: WGA230000),https://www.leadersystems.com.au/Images/NWG-WGA23000503.jpg,Watchguard,WGA23000503,148,896
NWG-WGT480215,Firewalls  Network Security,Trade Up to WatchGuard Total Security Suite for Firebox T45-W-PoE - 5-Year (License ONLY; HW SKU: WGT48000-AU),https://www.leadersystems.com.au/Images/NWG-WGT480215.jpg,Watchguard,WGT480215,6717,9262
NWG-WGT470075,Firewalls  Network Security,WatchGuard Basic Security Suite for Firebox T45-PoE - 5-Year (License ONLY; HW SKU: WGT47000-AU),https://www.leadersystems.com.au/Images/NWG-WGT470075.jpg,Watchguard,WGT470075,2772,3754
NWG-WGT260203,Firewalls  Network Security,Trade Up to WatchGuard Basic Security Suite for Firebox T25-W - 3-Year (License ONLY; HW SKU: WGT26000),https://www.leadersystems.com.au/Images/NWG-WGT260203.jpg,Watchguard,WGT260203,875,1186
NWG-WGT260085,Firewalls  Network Security,WatchGuard Total Security Suite for Firebox T25-W - 5-Year (License ONLY; HW SKU: WGT26000),https://www.leadersystems.com.au/Images/NWG-WGT260085.jpg,Watchguard,WGT260085,3781,5121
NWG-WGT250205,Firewalls  Network Security,Trade Up to WatchGuard Basic Security Suite for Firebox T25 - 5-Year (License ONLY; HW SKU: WGT25000),https://www.leadersystems.com.au/Images/NWG-WGT250205.jpg,Watchguard,WGT250205,1419,1958
NWG-WGT250085,Firewalls  Network Security,WatchGuard Total Security Suite for Firebox T25 - 5-Year (License ONLY; HW SKU: WGT25000),https://www.leadersystems.com.au/Images/NWG-WGT250085.jpg,Watchguard,WGT250085,3129,4315
NWG-WGM5901603,Firewalls  Network Security,WatchGuard High Availability for M590 - 3-Year (License ONLY; HW SKU: WGM590000),https://www.leadersystems.com.au/Images/NWG-WGM5901603.jpg,Watchguard,WGM5901603,1842,2495
NWG-WGM5900071,Firewalls  Network Security,WatchGuard Basic Security Suite for Firebox M590 - 1-Year (License ONLY; HW SKU: WGM590000),https://www.leadersystems.com.au/Images/NWG-WGM5900071.jpg,Watchguard,WGM5900071,4245,5748
NWG-WGM5900061,Firewalls  Network Security,WatchGuard Standard Support for Firebox M590 - 1-Year (License ONLY; HW SKU: WGM590000),https://www.leadersystems.com.au/Images/NWG-WGM5900061.jpg,Watchguard,WGM5900061,2609,3533
NWG-WGM2900211,Firewalls  Network Security,Trade Up to WatchGuard Total Security Suite for Firebox M290 - 1-Year (License ONLY; HW SKU: WGM290000),https://www.leadersystems.com.au/Images/NWG-WGM2900211.jpg,Watchguard,WGM2900211,2025,2743
NWG-WGA43222003,Firewalls  Network Security,USP Wi-Fi Management for WatchGuard AP432 - 3-year (License ONLY; HW SKU: WGA432000),https://www.leadersystems.com.au/Images/NWG-WGA43222003.jpg,Watchguard,WGA43222003,286,388
NWG-WGA43000503,Firewalls  Network Security,USP Wi-Fi Management for WatchGuard AP430CR NFR - 3-year (License ONLY; HW SKU: WGA430000),https://www.leadersystems.com.au/Images/NWG-WGA43000503.jpg,Watchguard,WGA43000503,148,1847
NWG-WGA33022001,Firewalls  Network Security,USP Wi-Fi Management for WatchGuard AP330 - 1-year (License ONLY; HW SKU: WGA330000),https://www.leadersystems.com.au/Images/NWG-WGA33022001.jpg,Watchguard,WGA33022001,143,194
NWG-WGA33000503,Firewalls  Network Security,USP Wi-Fi Management for WatchGuard AP330 NFR - 3-year (License ONLY; HW SKU: WGA330000),https://www.leadersystems.com.au/Images/NWG-WGA33000503.jpg,Watchguard,WGA33000503,148,1014
NWG-WGM48000213,Firewalls  Network Security,Trade Up to WatchGuard Total Security Suite for Firebox M4800 - 3-Year (License ONLY; HW SKU: WGM48000),https://www.leadersystems.com.au/Images/NWG-WGM48000213.jpg,Watchguard,WGM48000213,45235,86819
NWG-WGM58000063,Firewalls  Network Security,WatchGuard Standard Support for Firebox M5800 - 3-Year (License ONLY; HW SKU: WGM58000),https://www.leadersystems.com.au/Images/NWG-WGM58000063.jpg,Watchguard,WGM58000063,44010,89199
NWG-WGMDRT30201,Managed Detection  Response (MDR),WatchGuard Total MDR - 1 Year - 51 to 100 licenses,https://www.leadersystems.com.au/Images/NWG-WGMDRT30201.jpg,Watchguard,WGMDRT30201,111,131.87
NWG-WGT1850211,Firewalls  Network Security,Trade Up to WatchGuard Total Security Suite for Firebox T185 - 1-Year (License ONLY; HW SKU: WGT185000),https://www.leadersystems.com.au/Images/NWG-WGT1850211.jpg,Watchguard,WGT1850211,3284,4447
NWG-WGT1850215,Firewalls  Network Security,Trade Up to WatchGuard Total Security Suite for Firebox T185 - 5-Year (License ONLY; HW SKU: WGT185000),https://www.leadersystems.com.au/Images/NWG-WGT1850215.jpg,Watchguard,WGT1850215,11247,15230
NWG-WGT185353,Subscriptions  Licensing,WatchGuard Total Security Suite Renewal/Upgrade 3-yr for Firebox T185,https://www.leadersystems.com.au/Images/NWG-WGT185353.jpg,Watchguard,WGT185353,6977,8692
NWG-WGFCT30603,Firewalls  Network Security,WatchGuard FireCloud Total Access   - 3 Year - 1001 to 5000 licenses,https://www.leadersystems.com.au/Images/NWG-WGFCT30603.jpg,Watchguard,WGFCT30603,305,381
NWG-WGT1160205,Firewalls  Network Security,Trade Up to WatchGuard Basic Security Suite for Firebox T115-W - 5-Year  (License ONLY; HW SKU: WGT116000),https://www.leadersystems.com.au/Images/NWG-WGT1160205.jpg,Watchguard,WGT1160205,1808,2448
NWG-WGT1260203,Firewalls  Network Security,Trade Up to WatchGuard Basic Security Suite for Firebox T125-W - 3-Year (License ONLY; HW SKU: WGT126000),https://www.leadersystems.com.au/Images/NWG-WGT1260203.jpg,Watchguard,WGT1260203,1293,1751
NWG-WGT1260205,Firewalls  Network Security,Trade Up to WatchGuard Basic Security Suite for Firebox T125-W - 5-Year (License ONLY; HW SKU: WGT126000),https://www.leadersystems.com.au/Images/NWG-WGT1260205.jpg,Watchguard,WGT1260205,2346,3177
NWG-WGT126173,Cloud  Server Security,WatchGuard APT Blocker 3-yr for Firebox T125-W,https://www.leadersystems.com.au/Images/NWG-WGT126173.jpg,Watchguard,WGT126173,560,698
NWG-WGT1160023,Firewalls  Network Security,WatchGuard NFR for Firebox T115-W - 3 Year (License ONLY; HW SKU: WGT116000),https://www.leadersystems.com.au/Images/NWG-WGT1160023.jpg,Watchguard,WGT1160023,246,897
NWG-WGT116203,Subscriptions  Licensing,WatchGuard Standard Support Renewal 3-yr for Firebox T115-W,https://www.leadersystems.com.au/Images/NWG-WGT116203.jpg,Watchguard,WGT116203,466,581
NWG-WGT1260023,Firewalls  Network Security,WatchGuard NFR for Firebox T125-W - 3 Year (License ONLY; HW SKU: WGT126000),https://www.leadersystems.com.au/Images/NWG-WGT1260023.jpg,Watchguard,WGT1260023,291,1154
NWG-WGT1260065,Firewalls  Network Security,WatchGuard Standard Support for Firebox T125-W - 5-Year (License ONLY; HW SKU: WGT126000),https://www.leadersystems.com.au/Images/NWG-WGT1260065.jpg,Watchguard,WGT1260065,1453,1968
NWG-WGT1250213,Firewalls  Network Security,Trade Up to WatchGuard Total Security Suite for Firebox T125 - 3-Year (License ONLY; HW SKU: WGT125000),https://www.leadersystems.com.au/Images/NWG-WGT1250213.jpg,Watchguard,WGT1250213,1808,2448
NWG-WGT1250215,Firewalls  Network Security,Trade Up to WatchGuard Total Security Suite for Firebox T125 - 5-Year (License ONLY; HW SKU: WGT125000),https://www.leadersystems.com.au/Images/NWG-WGT1250215.jpg,Watchguard,WGT1250215,3284,4447
NWG-WGT1250071,Firewalls  Network Security,WatchGuard Basic Security Suite for Firebox T125 - 1-Year (License ONLY; HW SKU: WGT125000),https://www.leadersystems.com.au/Images/NWG-WGT1250071.jpg,Watchguard,WGT1250071,601,814
NWG-WGT1250073,Firewalls  Network Security,WatchGuard Basic Security Suite for Firebox T125 - 3-Year (License ONLY; HW SKU: WGT125000),https://www.leadersystems.com.au/Images/NWG-WGT1250073.jpg,Watchguard,WGT1250073,1127,1527
NWG-WGT1450073,Firewalls  Network Security,WatchGuard Basic Security Suite for Firebox T145 - 3-Year (License ONLY; HW SKU: WGT145000),https://www.leadersystems.com.au/Images/NWG-WGT1450073.jpg,Watchguard,WGT1450073,1916,2596
NWG-WGT125343,Subscriptions  Licensing,WatchGuard Basic Security Suite Renewal/Upgrade 3-yr for Firebox T125,https://www.leadersystems.com.au/Images/NWG-WGT125343.jpg,Watchguard,WGT125343,1194,1488
NWG-WGT1250023,Firewalls  Network Security,WatchGuard NFR for Firebox T125 - 3 Year (License ONLY; HW SKU: WGT125000),https://www.leadersystems.com.au/Images/NWG-WGT1250023.jpg,Watchguard,WGT1250023,224,955
NWG-WGT145261,Subscriptions  Licensing,WatchGuard Gold Support Renewal/Upgrade 1-yr for Firebox T145,https://www.leadersystems.com.au/Images/NWG-WGT145261.jpg,Watchguard,WGT145261,560,698
NWG-WGT145201,Subscriptions  Licensing,WatchGuard Standard Support Renewal 1-yr for Firebox T145,https://www.leadersystems.com.au/Images/NWG-WGT145201.jpg,Watchguard,WGT145201,373,465
NWG-WGT145203,Subscriptions  Licensing,WatchGuard Standard Support Renewal 3-yr for Firebox T145,https://www.leadersystems.com.au/Images/NWG-WGT145203.jpg,Watchguard,WGT145203,864,1077
NWG-WGT1460205,Firewalls  Network Security,Trade Up to WatchGuard Basic Security Suite for Firebox T145-W - 5-Year (License ONLY; HW SKU: WGT146000),https://www.leadersystems.com.au/Images/NWG-WGT1460205.jpg,Watchguard,WGT1460205,3970,5377
NWG-WGT1460213,Firewalls  Network Security,Trade Up to WatchGuard Total Security Suite for Firebox T145-W - 3-Year (License ONLY; HW SKU: WGT146000),https://www.leadersystems.com.au/Images/NWG-WGT1460213.jpg,Watchguard,WGT1460213,3719,5036
NWG-WGT146261,Subscriptions  Licensing,WatchGuard Gold Support Renewal/Upgrade 1-yr for Firebox T145-W,https://www.leadersystems.com.au/Images/NWG-WGT146261.jpg,Watchguard,WGT146261,684,853
NWG-WGT1460085,Firewalls  Network Security,WatchGuard Total Security Suite for Firebox T145-W - 5-Year (License ONLY; HW SKU: WGT146000),https://www.leadersystems.com.au/Images/NWG-WGT1460085.jpg,Watchguard,WGT1460085,7117,9637
NWG-WGT146353,Subscriptions  Licensing,WatchGuard Total Security Suite Renewal/Upgrade 3-yr for Firebox T145-W,https://www.leadersystems.com.au/Images/NWG-WGT146353.jpg,Watchguard,WGT146353,4166,5191
NWG-WGT125341.,Subscriptions  Licensing,WatchGuard Basic Security Suite Renewal/Upgrade 1-yr for Firebox T125,https://www.leadersystems.com.au/Images/NWG-WGT125341..jpg,Watchguard,WGT125341.,514,695
NWG-WGM69540701,Subscriptions  Licensing,WatchGuard Gold Support Renewal/Upgrade 1-yr for Firebox M695,https://www.leadersystems.com.au/Images/NWG-WGM69540701.jpg,Watchguard,WGM69540701,6591,8212
NWG-WGM39540703,Subscriptions  Licensing,WatchGuard Gold Support Renewal/Upgrade 3-yr for Firebox M395,https://www.leadersystems.com.au/Images/NWG-WGM39540703.jpg,Watchguard,WGM39540703,4664,5810
NWG-WGM59540101,Subscriptions  Licensing,WatchGuard Standard Support Renewal 1-yr for Firebox M595,https://www.leadersystems.com.au/Images/NWG-WGM59540101.jpg,Watchguard,WGM59540101,6280,7460.64
NWG-WGM29540103,Subscriptions  Licensing,WatchGuard Standard Support Renewal 3-yr for Firebox M295,https://www.leadersystems.com.au/Images/NWG-WGM29540103.jpg,Watchguard,WGM29540103,3432,4077.22
NWG-WGM69540303,Subscriptions  Licensing,WatchGuard Total Security Suite Renewal/Upgrade 3-yr for Firebox M695,https://www.leadersystems.com.au/Images/NWG-WGM69540303.jpg,Watchguard,WGM69540303,47707,78031.8
NWG-WGM4950213,Firewalls  Network Security,Trade Up to WatchGuard Total Security Suite for Firebox M495 - 3-Year (License ONLY; HW SKU: WGM495000),https://www.leadersystems.com.au/Images/NWG-WGM4950213.jpg,Watchguard,WGM4950213,21854,34534
NWG-WGM5950213,Firewalls  Network Security,Trade Up to WatchGuard Total Security Suite for Firebox M595 - 3-Year (License ONLY; HW SKU: WGM595000),https://www.leadersystems.com.au/Images/NWG-WGM5950213.jpg,Watchguard,WGM5950213,30481,48137
NWG-WGM3951601,Firewalls  Network Security,WatchGuard High Availability for M395 - 1-Year (License ONLY; HW SKU: WGM395000),https://www.leadersystems.com.au/Images/NWG-WGM3951601.jpg,Watchguard,WGM3951601,1064,1264.03
NWG-WGM4951601,Firewalls  Network Security,WatchGuard High Availability for M495 - 1-Year (License ONLY; HW SKU: WGM495000),https://www.leadersystems.com.au/Images/NWG-WGM4951601.jpg,Watchguard,WGM4951601,2025,2743
NWG-WGM5951601,Firewalls  Network Security,WatchGuard High Availability for M595 - 1-Year (License ONLY; HW SKU: WGM595000),https://www.leadersystems.com.au/Images/NWG-WGM5951601.jpg,Watchguard,WGM5951601,2860,4013
NWG-WGM4950061,Firewalls  Network Security,WatchGuard Standard Support for Firebox M495 - 1-Year (License ONLY; HW SKU: WGM495000),https://www.leadersystems.com.au/Images/NWG-WGM4950061.jpg,Watchguard,WGM4950061,4130,9188
NWG-WGM5950061,Firewalls  Network Security,WatchGuard Standard Support for Firebox M595 - 1-Year (License ONLY; HW SKU: WGM595000),https://www.leadersystems.com.au/Images/NWG-WGM5950061.jpg,Watchguard,WGM5950061,5778,12984
NWG-WGM29520801,Cloud  Server Security,WatchGuard APT Blocker 1-yr for Firebox M295,https://www.leadersystems.com.au/Images/NWG-WGM29520801.jpg,Watchguard,WGM29520801,821,1023
NWG-WGM49520801,Cloud  Server Security,WatchGuard APT Blocker 1-yr for Firebox M495,https://www.leadersystems.com.au/Images/NWG-WGM49520801.jpg,Watchguard,WGM49520801,1480,1844
NWG-WGWESS30301,Endpoint  Mobile Protection,WatchGuard Endpoint Security for Servers  - 1 Year - 101 to 250 licenses,https://www.leadersystems.com.au/Images/NWG-WGWESS30301.jpg,Watchguard,WGWESS30301,107,134
NWG-WGM29540303.,Subscriptions  Licensing,WatchGuard Total Security Suite Renewal/Upgrade 3-yr for Firebox M295,https://www.leadersystems.com.au/Images/NWG-WGM29540303..jpg,Watchguard,WGM29540303.,0,0
NWG-WGZTC30203,Subscriptions  Licensing,WatchGuard Zero-Trust - 3-Year - 51 to 100 Seats,https://www.leadersystems.com.au/Images/NWG-WGZTC30203.jpg,Watchguard,WGZTC30203,487,607
NWG-WGZTC30403,Subscriptions  Licensing,WatchGuard Zero-Trust - 3-Year - 251 to 500 Seats,https://www.leadersystems.com.au/Images/NWG-WGZTC30403.jpg,Watchguard,WGZTC30403,405,505
NWG-WGESA30001,Endpoint  Mobile Protection,WatchGuard Endpoint Security Basic NFR - 1 year - 1+ licenses,https://www.leadersystems.com.au/Images/NWG-WGESA30001.jpg,Watchguard,WGESA30001,29,79
NWG-WGESA30603,Endpoint  Mobile Protection,WatchGuard Endpoint Security Basic - 3 Year - 1001 to 5000 licenses,https://www.leadersystems.com.au/Images/NWG-WGESA30603.jpg,Watchguard,WGESA30603,62,77
NWG-WGESB30503,Endpoint  Mobile Protection,WatchGuard Endpoint Security 360 - 3 Year - 501 to 1000 licenses,https://www.leadersystems.com.au/Images/NWG-WGESB30503.jpg,Watchguard,WGESB30503,124,154
NWG-WGESC30303,Endpoint  Mobile Protection,WatchGuard Endpoint Security Elite - 3 Year - 101 to 250 licenses,https://www.leadersystems.com.au/Images/NWG-WGESC30303.jpg,Watchguard,WGESC30303,208,259
NWG-WGESC30403,Endpoint  Mobile Protection,WatchGuard Endpoint Security Elite - 3 Year - 251 to 500 licenses,https://www.leadersystems.com.au/Images/NWG-WGESC30403.jpg,Watchguard,WGESC30403,187,233
NWG-WGWEDP30103,Endpoint  Mobile Protection,WatchGuard Endpoint Security Prime - 3 Year - 1 to 50 licenses,https://www.leadersystems.com.au/Images/NWG-WGWEDP30103.jpg,Watchguard,WGWEDP30103,147,183
NWG-WGWEDP30203,Endpoint  Mobile Protection,WatchGuard Endpoint Security Prime - 3 Year - 51 to 100 licenses,https://www.leadersystems.com.au/Images/NWG-WGWEDP30203.jpg,Watchguard,WGWEDP30203,130,162
NWG-WGMDRO30201,Managed Detection  Response (MDR),WatchGuard Open MDR  - 1 Year - 51 to 100 licenses,https://www.leadersystems.com.au/Images/NWG-WGMDRO30201.jpg,Watchguard,WGMDRO30201,162,192.46
NWG-WGTSO30120,Cloud  Server Security,WatchGuard ThreatSync Open - Monthly Subscription - 1 to 50 licenses,https://www.leadersystems.com.au/Images/NWG-WGTSO30120.jpg,Watchguard,WGTSO30120,62,79
NWG-WGTSO30203,Cloud  Server Security,WatchGuard ThreatSync Open - 3 Year - 51 to 100 licenses,https://www.leadersystems.com.au/Images/NWG-WGTSO30203.jpg,Watchguard,WGTSO30203,40,51
NWG-WGTSO30601,Cloud  Server Security,WatchGuard ThreatSync Open - 1 Year - 1001 to 5000 licenses,https://www.leadersystems.com.au/Images/NWG-WGTSO30601.jpg,Watchguard,WGTSO30601,12,15
NWG-WGTSO30605,Cloud  Server Security,WatchGuard ThreatSync Open - 5 year - 1001 to 5000 licenses,https://www.leadersystems.com.au/Images/NWG-WGTSO30605.jpg,Watchguard,WGTSO30605,52,65
NWG-WGCDR30105,Cloud  Server Security,WatchGuard CloudDR - 5 Year - 1 to 50 licenses,https://www.leadersystems.com.au/Images/NWG-WGCDR30105.jpg,Watchguard,WGCDR30105,4546,5768
NWG-WGCDR30305,Cloud  Server Security,WatchGuard CloudDR - 5 Year - 101 to 250 licenses,https://www.leadersystems.com.au/Images/NWG-WGCDR30305.jpg,Watchguard,WGCDR30305,4546,5768
NWG-WGATH30104,Identity  Access Security,WatchGuard AuthPoint MFA - 4 Year - 1 to 50 Users,https://www.leadersystems.com.au/Images/NWG-WGATH30104.jpg,Watchguard,WGATH30104,33,45
NWG-WGTSNDR30101,Cloud  Server Security,WatchGuard ThreatSync+ NDR   - 1 Year - 1 to 50 licenses,https://www.leadersystems.com.au/Images/NWG-WGTSNDR30101.jpg,Watchguard,WGTSNDR30101,85,106
NWG-WGTSNDR30203,Cloud  Server Security,WatchGuard ThreatSync+ NDR   - 3 Year - 51 to 100 licenses,https://www.leadersystems.com.au/Images/NWG-WGTSNDR30203.jpg,Watchguard,WGTSNDR30203,179,224
NWG-WGATH30202,Identity  Access Security,WatchGuard AuthPoint MFA - 2 Year - 51 to 100 Users,https://www.leadersystems.com.au/Images/NWG-WGATH30202.jpg,Watchguard,WGATH30202,33,45
NWG-WGCR20404,Firewalls  Network Security,WatchGuard Compliance Reporting - 4 Year - 251 to 500 licenses,https://www.leadersystems.com.au/Images/NWG-WGCR20404.jpg,Watchguard,WGCR20404,30,39
NWG-WGMDR30104,Firewalls  Network Security,WatchGuard Core MDR - 4 Year - 1 to 50 licenses,https://www.leadersystems.com.au/Images/NWG-WGMDR30104.jpg,Watchguard,WGMDR30104,30,39
NWG-WGMDR30204,Firewalls  Network Security,WatchGuard Core MDR - 4 Year - 51 to 100 licenses,https://www.leadersystems.com.au/Images/NWG-WGMDR30204.jpg,Watchguard,WGMDR30204,30,39
NWG-WGMDR30704,Firewalls  Network Security,WatchGuard Core MDR - 4 Year - 5001+ licenses,https://www.leadersystems.com.au/Images/NWG-WGMDR30704.jpg,Watchguard,WGMDR30704,30,39
NWG-WGMDRM30104,Firewalls  Network Security,WatchGuard Core MDR for Microsoft - 4 Year - 1 to 50 licenses,https://www.leadersystems.com.au/Images/NWG-WGMDRM30104.jpg,Watchguard,WGMDRM30104,30,39
NWG-WGMDRM30405,Managed Detection  Response (MDR),WatchGuard Core MDR for Microsoft - 5 Year - 251 to 500 licenses,https://www.leadersystems.com.au/Images/NWG-WGMDRM30405.jpg,Watchguard,WGMDRM30405,95,117
NWG-WGMDRM30504,Managed Detection  Response (MDR),WatchGuard Core MDR for Microsoft - 4 Year - 501 to 1000 licenses,https://www.leadersystems.com.au/Images/NWG-WGMDRM30504.jpg,Watchguard,WGMDRM30504,95,117
NWG-WGMDRO30205,Managed Detection  Response (MDR),Watchguard Open MDR- 5 Year - 51 to 100 licenses,https://www.leadersystems.com.au/Images/NWG-WGMDRO30205.jpg,Watchguard,WGMDRO30205,174,212
NWG-WGMDRO30304,Managed Detection  Response (MDR),Watchguard Open MDR- 4 Year - 101 to 250 licenses,https://www.leadersystems.com.au/Images/NWG-WGMDRO30304.jpg,Watchguard,WGMDRO30304,174,212
NWG-WGMDRO30705,Managed Detection  Response (MDR),Watchguard Open MDR- 5 Year - 5001+ licenses,https://www.leadersystems.com.au/Images/NWG-WGMDRO30705.jpg,Watchguard,WGMDRO30705,174,212
NWG-WGAP13022102,Firewalls  Network Security,Standard Wi-Fi Management for WatchGuard AP130 - 2-year,https://www.leadersystems.com.au/Images/NWG-WGAP13022102.jpg,Watchguard,WGAP13022102,86,117
NWG-WGAP13022104,Firewalls  Network Security,Standard Wi-Fi Management for WatchGuard AP130 - 4-year,https://www.leadersystems.com.au/Images/NWG-WGAP13022104.jpg,Watchguard,WGAP13022104,86,117
NWG-WGAP23000624,Subscriptions  Licensing,WatchGuard Standard Wi-Fi Management Renewal/Upgrade 4-yr for AP230W,https://www.leadersystems.com.au/Images/NWG-WGAP23000624.jpg,Watchguard,WGAP23000624,93,117
NWG-WGAP33000621,Subscriptions  Licensing,WatchGuard Standard Wi-Fi Management Renewal/Upgrade 1-yr for AP330,https://www.leadersystems.com.au/Images/NWG-WGAP33000621.jpg,Watchguard,WGAP33000621,93,117
NWG-WGTSNDR30201,Cloud  Server Security,WatchGuard ThreatSync+ NDR   - 1 Year - 51 to 100 licenses,https://www.leadersystems.com.au/Images/NWG-WGTSNDR30201.jpg,Watchguard,WGTSNDR30201,75,93
NWG-WGTSNDR30103,Cloud  Server Security,WatchGuard ThreatSync+ NDR   - 3 Year - 1 to 50 licenses,https://www.leadersystems.com.au/Images/NWG-WGTSNDR30103.jpg,Watchguard,WGTSNDR30103,203,254
NWG-WGCR20101,Firewalls  Network Security,WatchGuard Compliance Reporting - 1 Year - 1 to 50 licenses,https://www.leadersystems.com.au/Images/NWG-WGCR20101.jpg,Watchguard,WGCR20101,31,39
NWG-WGCR20103,Firewalls  Network Security,WatchGuard Compliance Reporting - 3 Year - 1 to 50 licenses,https://www.leadersystems.com.au/Images/NWG-WGCR20103.jpg,Watchguard,WGCR20103,75,93
NWG-WGTSSAAS30201,Cloud  Server Security,WatchGuard ThreatSync+ SAAS - 1 Year - 51 to 100 licenses,https://www.leadersystems.com.au/Images/NWG-WGTSSAAS30201.jpg,Watchguard,WGTSSAAS30201,33,42
NWG-WGSIEM30103,Firewalls  Network Security,WatchGuard SIEMFeeder - 3 Year - 1 to 50 licenses,https://www.leadersystems.com.au/Images/NWG-WGSIEM30103.jpg,Watchguard,WGSIEM30103,29,36
NWG-WGSIEM30203,Firewalls  Network Security,WatchGuard SIEMFeeder - 3 Year - 51 to 100 licenses,https://www.leadersystems.com.au/Images/NWG-WGSIEM30203.jpg,Watchguard,WGSIEM30203,25,32
NWG-WGSIEM30601,Firewalls  Network Security,WatchGuard SIEMFeeder - 1 Year - 1001 to 5000 licenses,https://www.leadersystems.com.au/Images/NWG-WGSIEM30601.jpg,Watchguard,WGSIEM30601,6,8
NWG-WGSIEM30701,Firewalls  Network Security,WatchGuard SIEMFeeder - 1 Year - 5001+ licenses,https://www.leadersystems.com.au/Images/NWG-WGSIEM30701.jpg,Watchguard,WGSIEM30701,5,7
NWG-WGVMC353,Subscriptions  Licensing,WatchGuard Total Security Suite Renewal/Upgrade 3-yr for FireboxV Micro,https://www.leadersystems.com.au/Images/NWG-WGVMC353.jpg,Watchguard,WGVMC353,2307,2874
NWG-WGVMC643,Firewalls  Network Security,WatchGuard FireboxV Micro with 3-yr Total Security Suite,https://www.leadersystems.com.au/Images/NWG-WGVMC643.jpg,Watchguard,WGVMC643,2666,3610
NWG-WGTSSAAS30403,Cloud  Server Security,WatchGuard ThreatSync+ SAAS - 3 Year - 251+ licenses,https://www.leadersystems.com.au/Images/NWG-WGTSSAAS30403.jpg,Watchguard,WGTSSAAS30403,66,83
NWG-WGTSSAAS30101,Cloud  Server Security,WatchGuard ThreatSync+ SAAS - 1 Year - 1 to 50 licenses,https://www.leadersystems.com.au/Images/NWG-WGTSSAAS30101.jpg,Watchguard,WGTSSAAS30101,37,47
NWG-WGFCI30601,Firewalls  Network Security,WatchGuard FireCloud Internet Access - 1 Year - 1001 to 5000 licenses,https://www.leadersystems.com.au/Images/NWG-WGFCI30601.jpg,Watchguard,WGFCI30601,66,83
NWG-WGFCI30103,Firewalls  Network Security,WatchGuard FireCloud Internet Access - 3 Year - 1 to 50 licenses,https://www.leadersystems.com.au/Images/NWG-WGFCI30103.jpg,Watchguard,WGFCI30103,317,396
NWG-WGMDRM30603,Managed Detection  Response (MDR),WatchGuard Core MDR for Microsoft - 3 Year - 1001 to 5000 licenses,https://www.leadersystems.com.au/Images/NWG-WGMDRM30603.jpg,Watchguard,WGMDRM30603,111,131.87
NWG-WGMDRM30101,Managed Detection  Response (MDR),WatchGuard Core MDR for Microsoft - 1 Year - 1 to 50 licenses,https://www.leadersystems.com.au/Images/NWG-WGMDRM30101.jpg,Watchguard,WGMDRM30101,99,117.61
NWG-WGA230000,WatchGuard Blank Appliance,WatchGuard AP230W Appliance Only – License Not Included (Requires Separate WG License Purchase),https://www.leadersystems.com.au/Images/NWG-WGA230000.jpg,Watchguard,WGA230000,579,802
NWG-WGTSFS30203,Firewalls  Network Security,WatchGuard Orion - 3 Year - 51 to 100 licenses,https://www.leadersystems.com.au/Images/NWG-WGTSFS30203.jpg,Watchguard,WGTSFS30203,164,208
NWG-WGT490211,Firewalls  Network Security,Trade Up to WatchGuard Total Security Suite for Firebox T45-CW - 1-Year (License ONLY; HW SKU: WGT49000-AU),https://www.leadersystems.com.au/Images/NWG-WGT490211.jpg,Watchguard,WGT490211,1397,1892
NWG-WGT490203,Firewalls  Network Security,Trade Up to WatchGuard Basic Security Suite for Firebox T45-CW - 3-Year (License ONLY; HW SKU: WGT49000-AU),https://www.leadersystems.com.au/Images/NWG-WGT490203.jpg,Watchguard,WGT490203,1100,1489
NWG-WGT490083,Firewalls  Network Security,WatchGuard Total Security Suite for Firebox T45-CW - 3-Year (License ONLY; HW SKU: WGT49000-AU),https://www.leadersystems.com.au/Images/NWG-WGT490083.jpg,Watchguard,WGT490083,4154,5626
NWG-WGA13022001,Firewalls  Network Security,USP Wi-Fi Management for WatchGuard AP130 - 1-year (License ONLY; HW SKU: WGA130000),https://www.leadersystems.com.au/Images/NWG-WGA13022001.jpg,Watchguard,WGA13022001,143,194
NWG-WGT480211,Firewalls  Network Security,Trade Up to WatchGuard Total Security Suite for Firebox T45-W-PoE - 1-Year (License ONLY; HW SKU: WGT48000-AU),https://www.leadersystems.com.au/Images/NWG-WGT480211.jpg,Watchguard,WGT480211,1388,1914
NWG-WGT480203,Firewalls  Network Security,Trade Up to WatchGuard Basic Security Suite for Firebox T45-W-PoE - 3-Year (License ONLY; HW SKU: WGT48000-AU),https://www.leadersystems.com.au/Images/NWG-WGT480203.jpg,Watchguard,WGT480203,1648,2273
NWG-WGT480075,Firewalls  Network Security,WatchGuard Basic Security Suite for Firebox T45-W-PoE - 5-Year (License ONLY; HW SKU: WGT48000-AU),https://www.leadersystems.com.au/Images/NWG-WGT480075.jpg,Watchguard,WGT480075,3600,4965
NWG-WGT470083,Firewalls  Network Security,WatchGuard Total Security Suite for Firebox T45-PoE - 3-Year (License ONLY; HW SKU: WGT47000-AU),https://www.leadersystems.com.au/Images/NWG-WGT470083.jpg,Watchguard,WGT470083,2921,3956
NWG-WGT470071,Firewalls  Network Security,WatchGuard Basic Security Suite for Firebox T45-PoE - 1-Year (License ONLY; HW SKU: WGT47000-AU),https://www.leadersystems.com.au/Images/NWG-WGT470071.jpg,Watchguard,WGT470071,730,989
NWG-WGT470063,Firewalls  Network Security,WatchGuard Standard Support for Firebox T45-PoE - 3-Year (License ONLY; HW SKU: WGT47000-AU),https://www.leadersystems.com.au/Images/NWG-WGT470063.jpg,Watchguard,WGT470063,781,1059
NWG-WGT260213,Firewalls  Network Security,Trade Up to WatchGuard Total Security Suite for Firebox T25-W - 3-Year (License ONLY; HW SKU: WGT26000),https://www.leadersystems.com.au/Images/NWG-WGT260213.jpg,Watchguard,WGT260213,1905,2580
NWG-WGSIEM30201,Firewalls  Network Security,WatchGuard SIEMFeeder - 1 Year - 51 to 100 licenses,https://www.leadersystems.com.au/Images/NWG-WGSIEM30201.jpg,Watchguard,WGSIEM30201,11,14
NWG-WGSIEM30503,Firewalls  Network Security,WatchGuard SIEMFeeder - 3 Year - 501 to 1000 licenses,https://www.leadersystems.com.au/Images/NWG-WGSIEM30503.jpg,Watchguard,WGSIEM30503,17,22
NWG-WGT250081,Firewalls  Network Security,WatchGuard Total Security Suite for Firebox T25 - 1-Year (License ONLY; HW SKU: WGT25000),https://www.leadersystems.com.au/Images/NWG-WGT250081.jpg,Watchguard,WGT250081,781,1078
NWG-WGT250073,Firewalls  Network Security,WatchGuard Basic Security Suite for Firebox T25 - 3-Year (License ONLY; HW SKU: WGT25000),https://www.leadersystems.com.au/Images/NWG-WGT250073.jpg,Watchguard,WGT250073,893,1232
NWG-WGNV50025,Firewalls  Network Security,WatchGuard NFR for Firebox NV5 - 5 Year (License ONLY; HW SKU: WGNV5000),https://www.leadersystems.com.au/Images/NWG-WGNV50025.jpg,Watchguard,WGNV50025,48,378.1
NWG-WGM5900203,Firewalls  Network Security,Trade Up to WatchGuard Basic Security Suite for Firebox M590 - 3-Year (License ONLY; HW SKU: WGM590000),https://www.leadersystems.com.au/Images/NWG-WGM5900203.jpg,Watchguard,WGM5900203,7878,10667
NWG-WGM5900081,Firewalls  Network Security,WatchGuard Total Security Suite for Firebox M590 - 1-Year (License ONLY; HW SKU: WGM590000),https://www.leadersystems.com.au/Images/NWG-WGM5900081.jpg,Watchguard,WGM5900081,7952,10768
NWG-WGM2901603,Firewalls  Network Security,WatchGuard High Availability for M290 - 3-Year (License ONLY; HW SKU: WGM290000),https://www.leadersystems.com.au/Images/NWG-WGM2901603.jpg,Watchguard,WGM2901603,635,860
NWG-WGVMC201,Subscriptions  Licensing,WatchGuard Standard Support Renewal 1-yr for FireboxV Micro,https://www.leadersystems.com.au/Images/NWG-WGVMC201.jpg,Watchguard,WGVMC201,153,191
NWG-WGVMC351,Subscriptions  Licensing,WatchGuard Total Security Suite Renewal/Upgrade 1-yr for FireboxV Micro,https://www.leadersystems.com.au/Images/NWG-WGVMC351.jpg,Watchguard,WGVMC351,996,1241
NWG-WGM2901601,Firewalls  Network Security,WatchGuard High Availability for M290 - 1-Year (License ONLY; HW SKU: WGM290000),https://www.leadersystems.com.au/Images/NWG-WGM2901601.jpg,Watchguard,WGM2901601,263,357
NWG-WGA43200503,Firewalls  Network Security,USP Wi-Fi Management for WatchGuard AP432 NFR - 3-year (License ONLY; HW SKU: WGA432000),https://www.leadersystems.com.au/Images/NWG-WGA43200503.jpg,Watchguard,WGA43200503,148,1169
NWG-WGA43022005,Firewalls  Network Security,USP Wi-Fi Management for WatchGuard AP430CR - 5-year (License ONLY; HW SKU: WGA430000),https://www.leadersystems.com.au/Images/NWG-WGA43022005.jpg,Watchguard,WGA43022005,429,581
NWG-WGA43022001,Firewalls  Network Security,USP Wi-Fi Management for WatchGuard AP430CR - 1-year (License ONLY; HW SKU: WGA430000),https://www.leadersystems.com.au/Images/NWG-WGA43022001.jpg,Watchguard,WGA43022001,143,194
NWG-WGA23022103,Firewalls  Network Security,Standard Wi-Fi Management for WatchGuard AP230W - 3-year (License ONLY; HW SKU: WGA230000),https://www.leadersystems.com.au/Images/NWG-WGA23022103.jpg,Watchguard,WGA23022103,172,233
NWG-WGA23022005,Firewalls  Network Security,USP Wi-Fi Management for WatchGuard AP230W - 5-year (License ONLY; HW SKU: WGA230000),https://www.leadersystems.com.au/Images/NWG-WGA23022005.jpg,Watchguard,WGA23022005,429,581
NWG-WGM48000083,Firewalls  Network Security,WatchGuard Total Security Suite for Firebox M4800 - 3-Year (License ONLY; HW SKU: WGM48000),https://www.leadersystems.com.au/Images/NWG-WGM48000083.jpg,Watchguard,WGM48000083,49977,94539
NWG-WGM480001603,Firewalls  Network Security,WatchGuard High Availability for M4800 - 3-Year (License ONLY; HW SKU: WGM48000),https://www.leadersystems.com.au/Images/NWG-WGM480001603.jpg,Watchguard,WGM480001603,4891,6624
NWG-WGFCI30203,Firewalls  Network Security,WatchGuard FireCloud Internet Access - 3 Year - 51 to 100 licenses,https://www.leadersystems.com.au/Images/NWG-WGFCI30203.jpg,Watchguard,WGFCI30203,280,349
NWG-WGMDRM30703,Managed Detection  Response (MDR),WatchGuard Core MDR for Microsoft - 3 Year - 5001+ licenses,https://www.leadersystems.com.au/Images/NWG-WGMDRM30703.jpg,Watchguard,WGMDRM30703,103,122.36
NWG-WGMDRM30503,Managed Detection  Response (MDR),WatchGuard Core MDR for Microsoft - 3 Year - 501 to 1000 licenses,https://www.leadersystems.com.au/Images/NWG-WGMDRM30503.jpg,Watchguard,WGMDRM30503,127,150.88
NWG-WGMDRT30401,Managed Detection  Response (MDR),WatchGuard Total MDR - 1 Year - 251 to 500 licenses,https://www.leadersystems.com.au/Images/NWG-WGMDRT30401.jpg,Watchguard,WGMDRT30401,92,109.3
NWG-WGMDRT30601,Managed Detection  Response (MDR),WatchGuard Total MDR - 1 Year - 1001 to 5000 licenses,https://www.leadersystems.com.au/Images/NWG-WGMDRT30601.jpg,Watchguard,WGMDRT30601,78,92.66
NWG-WGNV5000,WatchGuard Blank Appliance,WatchGuard Firebox NV5 Appliance Only – License Not Included (Requires Separate WG License Purchase),https://www.leadersystems.com.au/Images/NWG-WGNV5000.jpg,Watchguard,WGNV5000,118,147
NWG-WGT47000-AU,WatchGuard Blank Appliance,WatchGuard Firebox T45-PoE  Appliance Only (AU) – License Not Included (Requires Separate WG License Purchase),https://www.leadersystems.com.au/Images/NWG-WGT47000-AU.jpg,Watchguard,WGT47000-AU,648.91,939
NWG-WGT185000,WatchGuard Blank Appliance,WatchGuard Firebox T185 Appliance Only – License Not Included (Requires Separate WG License Purchase),https://www.leadersystems.com.au/Images/NWG-WGT185000.jpg,Watchguard,WGT185000,931,1226
NWG-WGT1850083,Firewalls  Network Security,WatchGuard Total Security Suite for Firebox T185 - 3-Year (License ONLY; HW SKU: WGT185000),https://www.leadersystems.com.au/Images/NWG-WGT1850083.jpg,Watchguard,WGT1850083,6533,8847
NWG-WGT18501603,Firewalls  Network Security,WatchGuard  Standard Support for Firebox T185 High Availability - 3-Year (License ONLY; HW SKU: WGT185000),https://www.leadersystems.com.au/Images/NWG-WGT18501603.jpg,Watchguard,WGT18501603,1322,1790
NWG-WGT1850203,Firewalls  Network Security,Trade Up to WatchGuard Basic Security Suite for Firebox T185 - 3-Year (License ONLY; HW SKU: WGT185000),https://www.leadersystems.com.au/Images/NWG-WGT1850203.jpg,Watchguard,WGT1850203,3638,4927
NWG-WGT490205,Firewalls  Network Security,Trade Up to WatchGuard Basic Security Suite for Firebox T45-CW - 5-Year (License ONLY; HW SKU: WGT49000-AU),https://www.leadersystems.com.au/Images/NWG-WGT490205.jpg,Watchguard,WGT490205,2770,3751
NWG-WGT490075,Firewalls  Network Security,WatchGuard Basic Security Suite for Firebox T45-CW - 5-Year (License ONLY; HW SKU: WGT49000-AU),https://www.leadersystems.com.au/Images/NWG-WGT490075.jpg,Watchguard,WGT490075,3737,5060
NWG-WGA13022003,Firewalls  Network Security,USP Wi-Fi Management for WatchGuard AP130 - 3-year (License ONLY; HW SKU: WGA130000),https://www.leadersystems.com.au/Images/NWG-WGA13022003.jpg,Watchguard,WGA13022003,286,388
NWG-WGT490063,Firewalls  Network Security,WatchGuard Standard Support for Firebox T45-CW - 3-Year (License ONLY; HW SKU: WGT49000-AU),https://www.leadersystems.com.au/Images/NWG-WGT490063.jpg,Watchguard,WGT490063,997,1350
NWG-WGT480201,Firewalls  Network Security,Trade Up to WatchGuard Basic Security Suite for Firebox T45-W-PoE - 1-Year (License ONLY; HW SKU: WGT48000-AU),https://www.leadersystems.com.au/Images/NWG-WGT480201.jpg,Watchguard,WGT480201,557,769
NWG-WGT480073,Firewalls  Network Security,WatchGuard Basic Security Suite for Firebox T45-W-PoE - 3-Year (License ONLY; HW SKU: WGT48000-AU),https://www.leadersystems.com.au/Images/NWG-WGT480073.jpg,Watchguard,WGT480073,2027,2796
NWG-WGT470203,Firewalls  Network Security,Trade Up to WatchGuard Basic Security Suite for Firebox T45-PoE - 3-Year (License ONLY; HW SKU: WGT47000-AU),https://www.leadersystems.com.au/Images/NWG-WGT470203.jpg,Watchguard,WGT470203,1273,1725
NWG-WGT470073,Firewalls  Network Security,WatchGuard Basic Security Suite for Firebox T45-PoE - 3-Year (License ONLY; HW SKU: WGT47000-AU),https://www.leadersystems.com.au/Images/NWG-WGT470073.jpg,Watchguard,WGT470073,1565,2120
NWG-WGT260205,Firewalls  Network Security,Trade Up to WatchGuard Basic Security Suite for Firebox T25-W - 5-Year (License ONLY; HW SKU: WGT26000),https://www.leadersystems.com.au/Images/NWG-WGT260205.jpg,Watchguard,WGT260205,1688,2286
NWG-WGT260073,Firewalls  Network Security,WatchGuard Basic Security Suite for Firebox T25-W - 3-Year (License ONLY; HW SKU: WGT26000),https://www.leadersystems.com.au/Images/NWG-WGT260073.jpg,Watchguard,WGT260073,1076,1457
NWG-WGT250071,Firewalls  Network Security,WatchGuard Basic Security Suite for Firebox T25 - 1-Year (License ONLY; HW SKU: WGT25000),https://www.leadersystems.com.au/Images/NWG-WGT250071.jpg,Watchguard,WGT250071,407,562
NWG-WGNV50065,Firewalls  Network Security,WatchGuard Standard Support for Firebox NV5 - 5-Year (License ONLY; HW SKU: WGNV5000),https://www.leadersystems.com.au/Images/NWG-WGNV50065.jpg,Watchguard,WGNV50065,477,647
NWG-WGM6900061,Firewalls  Network Security,WatchGuard Standard Support for Firebox M690 - 1-Year (License ONLY; HW SKU: WGM690000),https://www.leadersystems.com.au/Images/NWG-WGM6900061.jpg,Watchguard,WGM6900061,3633,4920
NWG-WGM3900213,Firewalls  Network Security,Trade Up to WatchGuard Total Security Suite for Firebox M390 - 3-Year (License ONLY; HW SKU: WGM390000),https://www.leadersystems.com.au/Images/NWG-WGM3900213.jpg,Watchguard,WGM3900213,8375,11341
NWG-WGM3900063,Firewalls  Network Security,WatchGuard Standard Support for Firebox M390 - 3-Year (License ONLY; HW SKU: WGM390000),https://www.leadersystems.com.au/Images/NWG-WGM3900063.jpg,Watchguard,WGM3900063,2328,3153
NWG-WGFCT30401,Firewalls  Network Security,WatchGuard FireCloud Total Access   - 1 Year - 251 to 500 licenses,https://www.leadersystems.com.au/Images/NWG-WGFCT30401.jpg,Watchguard,WGFCT30401,121,152
NWG-WGFCT30501,Firewalls  Network Security,WatchGuard FireCloud Total Access   - 1 Year - 501 to 1000 licenses,https://www.leadersystems.com.au/Images/NWG-WGFCT30501.jpg,Watchguard,WGFCT30501,109,137
NWG-WGT1160213,Firewalls  Network Security,Trade Up to WatchGuard Total Security Suite for Firebox T115-W - 3-Year (License ONLY; HW SKU: WGT116000),https://www.leadersystems.com.au/Images/NWG-WGT1160213.jpg,Watchguard,WGT1160213,1682,2278
NWG-WGT116171,Cloud  Server Security,WatchGuard APT Blocker 1-yr for Firebox T115-W,https://www.leadersystems.com.au/Images/NWG-WGT116171.jpg,Watchguard,WGT116171,180,225
NWG-WGT126343,Subscriptions  Licensing,WatchGuard Basic Security Suite Renewal/Upgrade 3-yr for Firebox T125-W,https://www.leadersystems.com.au/Images/NWG-WGT126343.jpg,Watchguard,WGT126343,1443,1798
NWG-WGT12621803,Subscriptions  Licensing,WatchGuard Cloud 1-month data retention for T125-W - 3-yr,https://www.leadersystems.com.au/Images/NWG-WGT12621803.jpg,Watchguard,WGT12621803,410,512
NWG-WGT116351,Subscriptions  Licensing,WatchGuard Total Security Suite Renewal/Upgrade 1-yr for Firebox T115-W,https://www.leadersystems.com.au/Images/NWG-WGT116351.jpg,Watchguard,WGT116351,796,992
NWG-WGT1260061,Firewalls  Network Security,WatchGuard Standard Support for Firebox T125-W - 1-Year (License ONLY; HW SKU: WGT126000),https://www.leadersystems.com.au/Images/NWG-WGT1260061.jpg,Watchguard,WGT1260061,538,729
NWG-WGT1260063,Firewalls  Network Security,WatchGuard Standard Support for Firebox T125-W - 3-Year (License ONLY; HW SKU: WGT126000),https://www.leadersystems.com.au/Images/NWG-WGT1260063.jpg,Watchguard,WGT1260063,995,1348
NWG-WGT1250075,Firewalls  Network Security,WatchGuard Basic Security Suite for Firebox T125 - 5-Year (License ONLY; HW SKU: WGT125000),https://www.leadersystems.com.au/Images/NWG-WGT1250075.jpg,Watchguard,WGT1250075,2048,2774
NWG-WGM2900083,Firewalls  Network Security,WatchGuard Total Security Suite for Firebox M290 - 3-Year (License ONLY; HW SKU: WGM290000),https://www.leadersystems.com.au/Images/NWG-WGM2900083.jpg,Watchguard,WGM2900083,6207,8405
NWG-WGA43222105,Firewalls  Network Security,Standard Wi-Fi Management for WatchGuard AP432 - 5-year (License ONLY; HW SKU: WGA432000),https://www.leadersystems.com.au/Images/NWG-WGA43222105.jpg,Watchguard,WGA43222105,257,349
NWG-WGA43022003,Firewalls  Network Security,USP Wi-Fi Management for WatchGuard AP430CR - 3-year (License ONLY; HW SKU: WGA430000),https://www.leadersystems.com.au/Images/NWG-WGA43022003.jpg,Watchguard,WGA43022003,286,388
NWG-WGA33022005,Firewalls  Network Security,USP Wi-Fi Management for WatchGuard AP330 - 5-year (License ONLY; HW SKU: WGA330000),https://www.leadersystems.com.au/Images/NWG-WGA33022005.jpg,Watchguard,WGA33022005,429,581
NWG-WGA23022101,Firewalls  Network Security,Standard Wi-Fi Management for WatchGuard AP230W - 1-year (License ONLY; HW SKU: WGA230000),https://www.leadersystems.com.au/Images/NWG-WGA23022101.jpg,Watchguard,WGA23022101,86,117
NWG-WGM48000081,Firewalls  Network Security,WatchGuard Total Security Suite for Firebox M4800 - 1-Year (License ONLY; HW SKU: WGM48000),https://www.leadersystems.com.au/Images/NWG-WGM48000081.jpg,Watchguard,WGM48000081,23747,32156
NWG-WGT145171,Cloud  Server Security,WatchGuard APT Blocker 1-yr for Firebox T145,https://www.leadersystems.com.au/Images/NWG-WGT145171.jpg,Watchguard,WGT145171,342,427
NWG-WGT145175,Cloud  Server Security,WatchGuard APT Blocker 5-yr for Firebox T145,https://www.leadersystems.com.au/Images/NWG-WGT145175.jpg,Watchguard,WGT145175,1499,1867
NWG-WGT1450063,Firewalls  Network Security,WatchGuard Standard Support for Firebox T145 - 3-Year (License ONLY; HW SKU: WGT145000),https://www.leadersystems.com.au/Images/NWG-WGT1450063.jpg,Watchguard,WGT1450063,1373,1860
NWG-WGT1450065,Firewalls  Network Security,WatchGuard Standard Support for Firebox T145 - 5-Year (License ONLY; HW SKU: WGT145000),https://www.leadersystems.com.au/Images/NWG-WGT1450065.jpg,Watchguard,WGT1450065,2054,2781
NWG-WGT146171,Cloud  Server Security,WatchGuard APT Blocker 1-yr for Firebox T145-W,https://www.leadersystems.com.au/Images/NWG-WGT146171.jpg,Watchguard,WGT146171,410,512
NWG-WGT125000,WatchGuard Blank Appliance,WatchGuard Firebox T125 Appliance Only – License Not Included (Requires Separate WG License Purchase),https://www.leadersystems.com.au/Images/NWG-WGT125000.jpg,Watchguard,WGT125000,329,409
NWG-WGT14621801,Subscriptions  Licensing,WatchGuard Cloud 1-month data retention for T145-W - 1-yr,https://www.leadersystems.com.au/Images/NWG-WGT14621801.jpg,Watchguard,WGT14621801,292,365
NWG-WGT146000,WatchGuard Blank Appliance,WatchGuard Firebox T145-W Appliance Only – License Not Included (Requires Separate WG License Purchase),https://www.leadersystems.com.au/Images/NWG-WGT146000.jpg,Watchguard,WGT146000,538,692
NWG-WGM58000083,Firewalls  Network Security,WatchGuard Total Security Suite for Firebox M5800 - 3-Year (License ONLY; HW SKU: WGM58000),https://www.leadersystems.com.au/Images/NWG-WGM58000083.jpg,Watchguard,WGM58000083,151127,219429
NWG-WGM58000213,Firewalls  Network Security,Trade Up to WatchGuard Total Security Suite for Firebox M5800 - 3-Year (License ONLY; HW SKU: WGM58000),https://www.leadersystems.com.au/Images/NWG-WGM58000213.jpg,Watchguard,WGM58000213,137183,201489
NWG-WGTSST30101,Managed Detection  Response (MDR),WatchGuard Total NDR - 1 Year - 1 to 50 licenses,https://www.leadersystems.com.au/Images/NWG-WGTSST30101.jpg,Watchguard,WGTSST30101,123,153
NWG-WGTSST30303,Managed Detection  Response (MDR),WatchGuard Total NDR - 3 Year - 101 to 250 licenses,https://www.leadersystems.com.au/Images/NWG-WGTSST30303.jpg,Watchguard,WGTSST30303,230,287
NWG-WGTSST30401,Managed Detection  Response (MDR),WatchGuard Total NDR - 1 Year - 251+ licenses,https://www.leadersystems.com.au/Images/NWG-WGTSST30401.jpg,Watchguard,WGTSST30401,86,107
NWG-WGM29540201,Subscriptions  Licensing,WatchGuard Basic Security Suite Renewal/Upgrade 1-yr for Firebox M295,https://www.leadersystems.com.au/Images/NWG-WGM29540201.jpg,Watchguard,WGM29540201,2052,2805
NWG-WGM395000,WatchGuard Blank Appliance,WatchGuard Firebox M395 Appliance Only – License Not Included (Requires Separate WG License Purchase),https://www.leadersystems.com.au/Images/NWG-WGM395000.jpg,Watchguard,WGM395000,1923,2515
NWG-WGM595000,WatchGuard Blank Appliance,WatchGuard Firebox M595 Appliance Only – License Not Included (Requires Separate WG License Purchase),https://www.leadersystems.com.au/Images/NWG-WGM595000.jpg,Watchguard,WGM595000,3779,5029
NWG-WGM39540101,Subscriptions  Licensing,WatchGuard Standard Support Renewal 1-yr for Firebox M395,https://www.leadersystems.com.au/Images/NWG-WGM39540101.jpg,Watchguard,WGM39540101,2475,2940.3
NWG-WG9036,Watchguard Accessories,Power Cord for for WatchGuard Firebox T185/M295/M395/M495/M595/M695 (AU),https://www.leadersystems.com.au/Images/NWG-WG9036.jpg,Watchguard,WG9036,20,32.08
NWG-WGM2950213,Firewalls  Network Security,Trade Up to WatchGuard Total Security Suite for Firebox M295 - 3-Year (License ONLY; HW SKU: WGM295000),https://www.leadersystems.com.au/Images/NWG-WGM2950213.jpg,Watchguard,WGM2950213,7105,11248
NWG-WGM3950213,Firewalls  Network Security,Trade Up to WatchGuard Total Security Suite for Firebox M395 - 3-Year (License ONLY; HW SKU: WGM395000),https://www.leadersystems.com.au/Images/NWG-WGM3950213.jpg,Watchguard,WGM3950213,12185,19274
NWG-WGM6951601,Firewalls  Network Security,WatchGuard High Availability for M695 - 1-Year (License ONLY; HW SKU: WGM695000),https://www.leadersystems.com.au/Images/NWG-WGM6951601.jpg,Watchguard,WGM6951601,3638,4881
NWG-WGM2950023,Firewalls  Network Security,WatchGuard NFR for Firebox M295 - 3 Year (License ONLY; HW SKU: WGM295000),https://www.leadersystems.com.au/Images/NWG-WGM2950023.jpg,Watchguard,WGM2950023,1208,3758.83
NWG-WGM69520801,Cloud  Server Security,WatchGuard APT Blocker 1-yr for Firebox M695,https://www.leadersystems.com.au/Images/NWG-WGM69520801.jpg,Watchguard,WGM69520801,3395,4230
NWG-WGM39520803,Cloud  Server Security,WatchGuard APT Blocker 3-yr for Firebox M395,https://www.leadersystems.com.au/Images/NWG-WGM39520803.jpg,Watchguard,WGM39520803,2686,3688
NWG-WGM29521803,Subscriptions  Licensing,WatchGuard Cloud 1-month data retention for M295 - 3-yr,https://www.leadersystems.com.au/Images/NWG-WGM29521803.jpg,Watchguard,WGM29521803,1735,2386
NWG-WGM39521803,Subscriptions  Licensing,WatchGuard Cloud 1-month data retention for M395 - 3-yr,https://www.leadersystems.com.au/Images/NWG-WGM39521803.jpg,Watchguard,WGM39521803,2239,3068
NWG-WGMZTC30605,Subscriptions  Licensing,WatchGuard Managed Zero-Trust - 5-Year - 1001 to 5000 Seats,https://www.leadersystems.com.au/Images/NWG-WGMZTC30605.jpg,Watchguard,WGMZTC30605,887,1105
NWG-WGMZTC30501,Subscriptions  Licensing,WatchGuard Managed Zero-Trust - 1-Year - 501 to 1000 Seats,https://www.leadersystems.com.au/Images/NWG-WGMZTC30501.jpg,Watchguard,WGMZTC30501,218,272
NWG-WGMZTC30601,Subscriptions  Licensing,WatchGuard Managed Zero-Trust - 1-Year - 1001 to 5000 Seats,https://www.leadersystems.com.au/Images/NWG-WGMZTC30601.jpg,Watchguard,WGMZTC30601,201,251
NWG-WGMZTC30603,Subscriptions  Licensing,WatchGuard Managed Zero-Trust - 3-Year - 1001 to 5000 Seats,https://www.leadersystems.com.au/Images/NWG-WGMZTC30603.jpg,Watchguard,WGMZTC30603,484,603
NWG-WGZTC30501,Subscriptions  Licensing,WatchGuard Zero-Trust - 1-Year - 501 to 1000 Seats,https://www.leadersystems.com.au/Images/NWG-WGZTC30501.jpg,Watchguard,WGZTC30501,154,193
NWG-WGZTC30701,Subscriptions  Licensing,WatchGuard Zero-Trust - 1-Year - 5001+ Seats,https://www.leadersystems.com.au/Images/NWG-WGZTC30701.jpg,Watchguard,WGZTC30701,127,159
NWG-WGMDRT30603,Managed Detection  Response (MDR),WatchGuard Total MDR - 3 Year - 1001 to 5000 licenses,https://www.leadersystems.com.au/Images/NWG-WGMDRT30603.jpg,Watchguard,WGMDRT30603,235,279.18
NWG-WGMDRT30501,Managed Detection  Response (MDR),WatchGuard Total MDR - 1 Year - 501 to 1000 licenses,https://www.leadersystems.com.au/Images/NWG-WGMDRT30501.jpg,Watchguard,WGMDRT30501,85,100.98
NWG-WGESA30701,Endpoint  Mobile Protection,WatchGuard Endpoint Security Basic - 1 Year - 5001+ licenses,https://www.leadersystems.com.au/Images/NWG-WGESA30701.jpg,Watchguard,WGESA30701,22,28
NWG-WGT1850023,Firewalls  Network Security,WatchGuard NFR for Firebox T185 - 3 Year (License ONLY; HW SKU: WGT185000),https://www.leadersystems.com.au/Images/NWG-WGT1850023.jpg,Watchguard,WGT1850023,887,3519
NWG-WGESB30001,Endpoint  Mobile Protection,WatchGuard Endpoint Security 360 NFR - 1 year - 1+ licenses,https://www.leadersystems.com.au/Images/NWG-WGESB30001.jpg,Watchguard,WGESB30001,51,79
NWG-WGESB30301,Endpoint  Mobile Protection,WatchGuard Endpoint Security 360 - 1 Year - 101 to 250 licenses,https://www.leadersystems.com.au/Images/NWG-WGESB30301.jpg,Watchguard,WGESB30301,67,84
NWG-WGESB30401,Endpoint  Mobile Protection,WatchGuard Endpoint Security 360 - 1 Year - 251 to 500 licenses,https://www.leadersystems.com.au/Images/NWG-WGESB30401.jpg,Watchguard,WGESB30401,60,75
NWG-WGESC30501,Endpoint  Mobile Protection,WatchGuard Endpoint Security Elite - 1 Year - 501 to 1000 licenses,https://www.leadersystems.com.au/Images/NWG-WGESC30501.jpg,Watchguard,WGESC30501,67,83
NWG-WGESD321801,Endpoint  Mobile Protection,WatchGuard Endpoint Security 1yr Data Retention - 1 Year,https://www.leadersystems.com.au/Images/NWG-WGESD321801.jpg,Watchguard,WGESD321801,15,19
NWG-WGWEDP3001,Endpoint  Mobile Protection,WatchGuard Endpoint Security Prime NFR - 1 year - 1+ licenses,https://www.leadersystems.com.au/Images/NWG-WGWEDP3001.jpg,Watchguard,WGWEDP3001,37,79
NWG-WGT1850081,Firewalls  Network Security,WatchGuard Total Security Suite for Firebox T185 - 1-Year (License ONLY; HW SKU: WGT185000),https://www.leadersystems.com.au/Images/NWG-WGT1850081.jpg,Watchguard,WGT1850081,3490,4726
NWG-WGT185173,Cloud  Server Security,WatchGuard APT Blocker 3-yr for Firebox T185,https://www.leadersystems.com.au/Images/NWG-WGT185173.jpg,Watchguard,WGT185173,1505,1875
NWG-WGT185263,Subscriptions  Licensing,WatchGuard Gold Support Renewal/Upgrade 3-yr for Firebox T185,https://www.leadersystems.com.au/Images/NWG-WGT185263.jpg,Watchguard,WGT185263,2406,2998
NWG-WGMDRO30101,Managed Detection  Response (MDR),WatchGuard Open MDR  - 1 Year - 1 to 50 licenses,https://www.leadersystems.com.au/Images/NWG-WGMDRO30101.jpg,Watchguard,WGMDRO30101,181,215.03
NWG-WGMDRO30501,Managed Detection  Response (MDR),WatchGuard Open MDR  - 1 Year - 501 to 1000 licenses,https://www.leadersystems.com.au/Images/NWG-WGMDRO30501.jpg,Watchguard,WGMDRO30501,115,136.62
NWG-WGMDRO30603,Managed Detection  Response (MDR),WatchGuard Open MDR  - 3 Year - 1001 to 5000 licenses,https://www.leadersystems.com.au/Images/NWG-WGMDRO30603.jpg,Watchguard,WGMDRO30603,335,397.98
NWG-WGTSO30001,Cloud  Server Security,WatchGuard ThreatSync Open NFR - 1 year - 1+ license,https://www.leadersystems.com.au/Images/NWG-WGTSO30001.jpg,Watchguard,WGTSO30001,11,79
NWG-WGTSO30103,Cloud  Server Security,WatchGuard ThreatSync Open - 3 Year - 1 to 50 licenses,https://www.leadersystems.com.au/Images/NWG-WGTSO30103.jpg,Watchguard,WGTSO30103,45,56
NWG-WGTSO30701,Cloud  Server Security,WatchGuard ThreatSync Open - 1 Year - 5001+ licenses,https://www.leadersystems.com.au/Images/NWG-WGTSO30701.jpg,Watchguard,WGTSO30701,10,13
NWG-WGTSO30705,Cloud  Server Security,WatchGuard ThreatSync Open - 5 year - 5001+ licenses,https://www.leadersystems.com.au/Images/NWG-WGTSO30705.jpg,Watchguard,WGTSO30705,46,58
NWG-WGCDR30401,Cloud  Server Security,WatchGuard CloudDR - 1 Year - 251 to 500 licenses,https://www.leadersystems.com.au/Images/NWG-WGCDR30401.jpg,Watchguard,WGCDR30401,4546,5768
NWG-WGCDR30601,Cloud  Server Security,WatchGuard CloudDR - 1 Year - 1001 to 5000 licenses,https://www.leadersystems.com.au/Images/NWG-WGCDR30601.jpg,Watchguard,WGCDR30601,4546,5768
NWG-WGCDR30403,Cloud  Server Security,WatchGuard CloudDR - 3 Year - 251 to 500 licenses,https://www.leadersystems.com.au/Images/NWG-WGCDR30403.jpg,Watchguard,WGCDR30403,4546,5768
NWG-WGCDR30603,Cloud  Server Security,WatchGuard CloudDR - 3 Year - 1001 to 5000 licenses,https://www.leadersystems.com.au/Images/NWG-WGCDR30603.jpg,Watchguard,WGCDR30603,4546,5768
NWG-WGCR20104,Firewalls  Network Security,WatchGuard Compliance Reporting - 4 Year - 1 to 50 licenses,https://www.leadersystems.com.au/Images/NWG-WGCR20104.jpg,Watchguard,WGCR20104,30,39
NWG-WGCR20202,Firewalls  Network Security,WatchGuard Compliance Reporting - 2 Year - 51 to 100 licenses,https://www.leadersystems.com.au/Images/NWG-WGCR20202.jpg,Watchguard,WGCR20202,30,39
NWG-WGATH30102,Identity  Access Security,WatchGuard AuthPoint MFA - 2 Year - 1 to 50 Users,https://www.leadersystems.com.au/Images/NWG-WGATH30102.jpg,Watchguard,WGATH30102,33,45
NWG-WGCR20502,Firewalls  Network Security,WatchGuard Compliance Reporting - 2 Year - 501 to 1000 licenses,https://www.leadersystems.com.au/Images/NWG-WGCR20502.jpg,Watchguard,WGCR20502,30,39
NWG-WGCR20505,Firewalls  Network Security,WatchGuard Compliance Reporting - 5 Year - 501 to 1000 licenses,https://www.leadersystems.com.au/Images/NWG-WGCR20505.jpg,Watchguard,WGCR20505,30,39
NWG-WGCR20702,Firewalls  Network Security,WatchGuard Compliance Reporting - 2 Year - 5001+ licenses,https://www.leadersystems.com.au/Images/NWG-WGCR20702.jpg,Watchguard,WGCR20702,30,39
NWG-WGCR20705,Firewalls  Network Security,WatchGuard Compliance Reporting - 5 Year - 5001+ licenses,https://www.leadersystems.com.au/Images/NWG-WGCR20705.jpg,Watchguard,WGCR20705,30,39
NWG-WGMDRM30204,Managed Detection  Response (MDR),WatchGuard Core MDR for Microsoft - 4 Year - 51 to 100 licenses,https://www.leadersystems.com.au/Images/NWG-WGMDRM30204.jpg,Watchguard,WGMDRM30204,95,117
NWG-WGMDRM30304,Managed Detection  Response (MDR),WatchGuard Core MDR for Microsoft - 4 Year - 101 to 250 licenses,https://www.leadersystems.com.au/Images/NWG-WGMDRM30304.jpg,Watchguard,WGMDRM30304,95,117
NWG-WGMDRM30402,Managed Detection  Response (MDR),WatchGuard Core MDR for Microsoft - 2 Year - 251 to 500 licenses,https://www.leadersystems.com.au/Images/NWG-WGMDRM30402.jpg,Watchguard,WGMDRM30402,95,117
NWG-WGMDRO30402,Managed Detection  Response (MDR),Watchguard Open MDR- 2 Year - 251 to 500 licenses,https://www.leadersystems.com.au/Images/NWG-WGMDRO30402.jpg,Watchguard,WGMDRO30402,174,212
NWG-WGMDRO30405,Managed Detection  Response (MDR),Watchguard Open MDR- 5 Year - 251 to 500 licenses,https://www.leadersystems.com.au/Images/NWG-WGMDRO30405.jpg,Watchguard,WGMDRO30405,174,212
NWG-WGMDRO30604,Managed Detection  Response (MDR),Watchguard Open MDR- 4 Year - 1001 to 5000 licenses,https://www.leadersystems.com.au/Images/NWG-WGMDRO30604.jpg,Watchguard,WGMDRO30604,174,212
NWG-WGMDRO30702,Managed Detection  Response (MDR),Watchguard Open MDR- 2 Year - 5001+ licenses,https://www.leadersystems.com.au/Images/NWG-WGMDRO30702.jpg,Watchguard,WGMDRO30702,174,212
NWG-WGAP13022001,Firewalls  Network Security,USP Wi-Fi Management for WatchGuard AP130 - 1-year,https://www.leadersystems.com.au/Images/NWG-WGAP13022001.jpg,Watchguard,WGAP13022001,143,194
NWG-WGAP23000503,Firewalls  Network Security,USP Wi-Fi Management for WatchGuard AP230W NFR - 3-year,https://www.leadersystems.com.au/Images/NWG-WGAP23000503.jpg,Watchguard,WGAP23000503,148,896
NWG-WGAP23000621,Subscriptions  Licensing,WatchGuard Standard Wi-Fi Management Renewal/Upgrade 1-yr for AP230W,https://www.leadersystems.com.au/Images/NWG-WGAP23000621.jpg,Watchguard,WGAP23000621,93,117
NWG-WGAP23000622,Subscriptions  Licensing,WatchGuard Standard Wi-Fi Management Renewal/Upgrade 2-yr for AP230W,https://www.leadersystems.com.au/Images/NWG-WGAP23000622.jpg,Watchguard,WGAP23000622,93,117
NWG-WGTSNDR30301,Cloud  Server Security,WatchGuard ThreatSync+ NDR   - 1 Year - 101 to 250 licenses,https://www.leadersystems.com.au/Images/NWG-WGTSNDR30301.jpg,Watchguard,WGTSNDR30301,72,90
NWG-WGTSNDR30401,Cloud  Server Security,WatchGuard ThreatSync+ NDR   - 1 Year - 251 to 500 licenses,https://www.leadersystems.com.au/Images/NWG-WGTSNDR30401.jpg,Watchguard,WGTSNDR30401,62,78
NWG-WGFCT30201,Firewalls  Network Security,WatchGuard FireCloud Total Access   - 1 Year - 51 to 100 licenses,https://www.leadersystems.com.au/Images/NWG-WGFCT30201.jpg,Watchguard,WGFCT30201,144,179
NWG-WGFCT30503,Firewalls  Network Security,WatchGuard FireCloud Total Access   - 3 Year - 501 to 1000 licenses,https://www.leadersystems.com.au/Images/NWG-WGFCT30503.jpg,Watchguard,WGFCT30503,328,409
NWG-WGT116173,Cloud  Server Security,WatchGuard APT Blocker 3-yr for Firebox T115-W,https://www.leadersystems.com.au/Images/NWG-WGT116173.jpg,Watchguard,WGT116173,429,535
NWG-WGT116343,Subscriptions  Licensing,WatchGuard Basic Security Suite Renewal/Upgrade 3-yr for Firebox T115-W,https://www.leadersystems.com.au/Images/NWG-WGT116343.jpg,Watchguard,WGT116343,1119,1395
NWG-WGT1260211,Firewalls  Network Security,Trade Up to WatchGuard Total Security Suite for Firebox T125-W - 1-Year (License ONLY; HW SKU: WGT126000),https://www.leadersystems.com.au/Images/NWG-WGT1260211.jpg,Watchguard,WGT1260211,1144,1550
NWG-WGT1260071,Firewalls  Network Security,WatchGuard Basic Security Suite for Firebox T125-W - 1-Year (License ONLY; HW SKU: WGT126000),https://www.leadersystems.com.au/Images/NWG-WGT1260071.jpg,Watchguard,WGT1260071,744,1008
NWG-WGT126341,Subscriptions  Licensing,WatchGuard Basic Security Suite Renewal/Upgrade 1-yr for Firebox T125-W,https://www.leadersystems.com.au/Images/NWG-WGT126341.jpg,Watchguard,WGT126341,616,767
NWG-WGT1160083,Firewalls  Network Security,WatchGuard Total Security Suite for Firebox T115-W - 3-Year (License ONLY; HW SKU: WGT116000),https://www.leadersystems.com.au/Images/NWG-WGT1160083.jpg,Watchguard,WGT1160083,1785,2417
NWG-WGT1250205,Firewalls  Network Security,Trade Up to WatchGuard Basic Security Suite for Firebox T125 - 5-Year (License ONLY; HW SKU: WGT125000),https://www.leadersystems.com.au/Images/NWG-WGT1250205.jpg,Watchguard,WGT1250205,1934,2619
NWG-WGT125171,Cloud  Server Security,WatchGuard APT Blocker 1-yr for Firebox T125,https://www.leadersystems.com.au/Images/NWG-WGT125171.jpg,Watchguard,WGT125171,193,241
NWG-WGT1450213,Firewalls  Network Security,Trade Up to WatchGuard Total Security Suite for Firebox T145 - 3-Year (License ONLY; HW SKU: WGT145000),https://www.leadersystems.com.au/Images/NWG-WGT1450213.jpg,Watchguard,WGT1450213,3061,4145
NWG-WGT145173,Cloud  Server Security,WatchGuard APT Blocker 3-yr for Firebox T145,https://www.leadersystems.com.au/Images/NWG-WGT145173.jpg,Watchguard,WGT145173,815,1015
NWG-WGT12521803,Subscriptions  Licensing,WatchGuard Cloud 1-month data retention for T125 - 3-yr,https://www.leadersystems.com.au/Images/NWG-WGT12521803.jpg,Watchguard,WGT12521803,410,512
NWG-WGT125263,Subscriptions  Licensing,WatchGuard Gold Support Renewal/Upgrade 3-yr for Firebox T125,https://www.leadersystems.com.au/Images/NWG-WGT125263.jpg,Watchguard,WGT125263,740,922
NWG-WGT1450023,Firewalls  Network Security,WatchGuard NFR for Firebox T145 - 3 Year (License ONLY; HW SKU: WGT145000),https://www.leadersystems.com.au/Images/NWG-WGT1450023.jpg,Watchguard,WGT1450023,445,1596
NWG-WGT1250061,Firewalls  Network Security,WatchGuard Standard Support for Firebox T125 - 1-Year (License ONLY; HW SKU: WGT125000),https://www.leadersystems.com.au/Images/NWG-WGT1250061.jpg,Watchguard,WGT1250061,435,589
NWG-WGT1250081,Firewalls  Network Security,WatchGuard Total Security Suite for Firebox T125 - 1-Year (License ONLY; HW SKU: WGT125000),https://www.leadersystems.com.au/Images/NWG-WGT1250081.jpg,Watchguard,WGT1250081,1001,1356
NWG-WGT125353,Subscriptions  Licensing,WatchGuard Total Security Suite Renewal/Upgrade 3-yr for Firebox T125,https://www.leadersystems.com.au/Images/NWG-WGT125353.jpg,Watchguard,WGT125353,2040,2541
NWG-WGT1460215,Firewalls  Network Security,Trade Up to WatchGuard Total Security Suite for Firebox T145-W - 5-Year (License ONLY; HW SKU: WGT146000),https://www.leadersystems.com.au/Images/NWG-WGT1460215.jpg,Watchguard,WGT1460215,6739,9126
NWG-WGT14621803,Subscriptions  Licensing,WatchGuard Cloud 1-month data retention for T145-W - 3-yr,https://www.leadersystems.com.au/Images/NWG-WGT14621803.jpg,Watchguard,WGT14621803,871,1085
NWG-WGT1460023,Firewalls  Network Security,WatchGuard NFR for Firebox T145-W - 3 Year (License ONLY; HW SKU: WGT146000),https://www.leadersystems.com.au/Images/NWG-WGT1460023.jpg,Watchguard,WGT1460023,582,1935
NWG-WGT146201,Subscriptions  Licensing,WatchGuard Standard Support Renewal 1-yr for Firebox T145-W,https://www.leadersystems.com.au/Images/NWG-WGT146201.jpg,Watchguard,WGT146201,454,566
NWG-WGTSST30103,Managed Detection  Response (MDR),WatchGuard Total NDR - 3 Year - 1 to 50 licenses,https://www.leadersystems.com.au/Images/NWG-WGTSST30103.jpg,Watchguard,WGTSST30103,294,367
NWG-WGM39540201,Subscriptions  Licensing,WatchGuard Basic Security Suite Renewal/Upgrade 1-yr for Firebox M395,https://www.leadersystems.com.au/Images/NWG-WGM39540201.jpg,Watchguard,WGM39540201,3532,4834
NWG-WGM29540701,Subscriptions  Licensing,WatchGuard Gold Support Renewal/Upgrade 1-yr for Firebox M295,https://www.leadersystems.com.au/Images/NWG-WGM29540701.jpg,Watchguard,WGM29540701,1293,1612
NWG-WGM49540703,Subscriptions  Licensing,WatchGuard Gold Support Renewal/Upgrade 3-yr for Firebox M495,https://www.leadersystems.com.au/Images/NWG-WGM49540703.jpg,Watchguard,WGM49540703,9240,11512
NWG-WGM695000,WatchGuard Blank Appliance,WatchGuard Firebox M695 Appliance Only – License Not Included (Requires Separate WG License Purchase),https://www.leadersystems.com.au/Images/NWG-WGM695000.jpg,Watchguard,WGM695000,5171,6915
NWG-WGM29540101,Subscriptions  Licensing,WatchGuard Standard Support Renewal 1-yr for Firebox M295,https://www.leadersystems.com.au/Images/NWG-WGM29540101.jpg,Watchguard,WGM29540101,1430,1698.84
NWG-WGM49540103,Subscriptions  Licensing,WatchGuard Standard Support Renewal 3-yr for Firebox M495,https://www.leadersystems.com.au/Images/NWG-WGM49540103.jpg,Watchguard,WGM49540103,10770,12794.76
NWG-WGM49540303,Subscriptions  Licensing,WatchGuard Total Security Suite Renewal/Upgrade 3-yr for Firebox M495,https://www.leadersystems.com.au/Images/NWG-WGM49540303.jpg,Watchguard,WGM49540303,29039,36177
NWG-WGM3950211,Firewalls  Network Security,Trade Up to WatchGuard Total Security Suite for Firebox M395 - 1-Year (License ONLY; HW SKU: WGM395000),https://www.leadersystems.com.au/Images/NWG-WGM3950211.jpg,Watchguard,WGM3950211,5080,9451
NWG-WGM6950213,Firewalls  Network Security,Trade Up to WatchGuard Total Security Suite for Firebox M695 - 3-Year (License ONLY; HW SKU: WGM695000),https://www.leadersystems.com.au/Images/NWG-WGM6950213.jpg,Watchguard,WGM6950213,39508,76026.5
NWG-WGM5950071,Firewalls  Network Security,WatchGuard Basic Security Suite for Firebox M595 - 1-Year (License ONLY; HW SKU: WGM595000),https://www.leadersystems.com.au/Images/NWG-WGM5950071.jpg,Watchguard,WGM5950071,8249,16841
NWG-WGM6951603,Firewalls  Network Security,WatchGuard High Availability for M695 - 3-Year (License ONLY; HW SKU: WGM695000),https://www.leadersystems.com.au/Images/NWG-WGM6951603.jpg,Watchguard,WGM6951603,10092,13665
NWG-WGM3950061,Firewalls  Network Security,WatchGuard Standard Support for Firebox M395 - 1-Year (License ONLY; HW SKU: WGM395000),https://www.leadersystems.com.au/Images/NWG-WGM3950061.jpg,Watchguard,WGM3950061,2277,4881
NWG-WGM6950061,Firewalls  Network Security,WatchGuard Standard Support for Firebox M695 - 1-Year (License ONLY; HW SKU: WGM695000),https://www.leadersystems.com.au/Images/NWG-WGM6950061.jpg,Watchguard,WGM6950061,7460,16562
NWG-WGM6950083,Firewalls  Network Security,WatchGuard Total Security Suite for Firebox M695 - 3-Year (License ONLY; HW SKU: WGM695000),https://www.leadersystems.com.au/Images/NWG-WGM6950083.jpg,Watchguard,WGM6950083,48787,80022.8
NWG-WGM29520803,Cloud  Server Security,WatchGuard APT Blocker 3-yr for Firebox M295,https://www.leadersystems.com.au/Images/NWG-WGM29520803.jpg,Watchguard,WGM29520803,1778,2448
NWG-WGM29521801,Subscriptions  Licensing,WatchGuard Cloud 1-month data retention for M295 - 1-yr,https://www.leadersystems.com.au/Images/NWG-WGM29521801.jpg,Watchguard,WGM29521801,647,818
NWG-WGWESS30501,Endpoint  Mobile Protection,WatchGuard Endpoint Security for Servers  - 1 Year - 501 to 1000 licenses,https://www.leadersystems.com.au/Images/NWG-WGWESS30501.jpg,Watchguard,WGWESS30501,82,103
NWG-WGWESS30103,Endpoint  Mobile Protection,WatchGuard Endpoint Security for Servers  - 3 Year - 1 to 50 licenses,https://www.leadersystems.com.au/Images/NWG-WGWESS30103.jpg,Watchguard,WGWESS30103,330,411
NWG-WGMZTC30705,Subscriptions  Licensing,WatchGuard Managed Zero-Trust - 5-Year - 5001+ Seats,https://www.leadersystems.com.au/Images/NWG-WGMZTC30705.jpg,Watchguard,WGMZTC30705,788,983
NWG-WGMZTC30701,Subscriptions  Licensing,WatchGuard Managed Zero-Trust - 1-Year - 5001+ Seats,https://www.leadersystems.com.au/Images/NWG-WGMZTC30701.jpg,Watchguard,WGMZTC30701,179,224
NWG-WGMZTC30703,Subscriptions  Licensing,WatchGuard Managed Zero-Trust - 3-Year - 5001+ Seats,https://www.leadersystems.com.au/Images/NWG-WGMZTC30703.jpg,Watchguard,WGMZTC30703,430,537
NWG-WGZTC30401,Subscriptions  Licensing,WatchGuard Zero-Trust - 1-Year - 251 to 500 Seats,https://www.leadersystems.com.au/Images/NWG-WGZTC30401.jpg,Watchguard,WGZTC30401,169,210
NWG-WGESA30203,Endpoint  Mobile Protection,WatchGuard Endpoint Security Basic - 3 Year - 51 to 100 licenses,https://www.leadersystems.com.au/Images/NWG-WGESA30203.jpg,Watchguard,WGESA30203,104,130
NWG-WGESA30501,Endpoint  Mobile Protection,WatchGuard Endpoint Security Basic - 1 Year - 501 to 1000 licenses,https://www.leadersystems.com.au/Images/NWG-WGESA30501.jpg,Watchguard,WGESA30501,29,37
NWG-WGESA30703,Endpoint  Mobile Protection,WatchGuard Endpoint Security Basic - 3 Year - 5001+ licenses,https://www.leadersystems.com.au/Images/NWG-WGESA30703.jpg,Watchguard,WGESA30703,53,67
NWG-WGESB30403,Endpoint  Mobile Protection,WatchGuard Endpoint Security 360 - 3 Year - 251 to 500 licenses,https://www.leadersystems.com.au/Images/NWG-WGESB30403.jpg,Watchguard,WGESB30403,144,180
NWG-WGESC30103,Endpoint  Mobile Protection,WatchGuard Endpoint Security Elite - 3 Year - 1 to 50 licenses,https://www.leadersystems.com.au/Images/NWG-WGESC30103.jpg,Watchguard,WGESC30103,266,332
NWG-WGESC30601,Endpoint  Mobile Protection,WatchGuard Endpoint Security Elite - 1 Year - 1001 to 5000 licenses,https://www.leadersystems.com.au/Images/NWG-WGESC30601.jpg,Watchguard,WGESC30601,58,73
NWG-WGESD321803,Endpoint  Mobile Protection,WatchGuard Endpoint Security 1yr Data Retention - 3 Year,https://www.leadersystems.com.au/Images/NWG-WGESD321803.jpg,Watchguard,WGESD321803,36,45
NWG-WGWEDP30303,Endpoint  Mobile Protection,WatchGuard Endpoint Security Prime - 3 Year - 101 to 250 licenses,https://www.leadersystems.com.au/Images/NWG-WGWEDP30303.jpg,Watchguard,WGWEDP30303,115,144
NWG-WGWEDP30703,Endpoint  Mobile Protection,WatchGuard Endpoint Security Prime - 3 Year - 5001+ licenses,https://www.leadersystems.com.au/Images/NWG-WGWEDP30703.jpg,Watchguard,WGWEDP30703,67,84
NWG-WGMDRO30503,Managed Detection  Response (MDR),WatchGuard Open MDR  - 3 Year - 501 to 1000 licenses,https://www.leadersystems.com.au/Images/NWG-WGMDRO30503.jpg,Watchguard,WGMDRO30503,344,408.67
NWG-WGTSO30105,Cloud  Server Security,WatchGuard ThreatSync Open - 5 year - 1 to 50 licenses,https://www.leadersystems.com.au/Images/NWG-WGTSO30105.jpg,Watchguard,WGTSO30105,82,103
NWG-WGTSO30303,Cloud  Server Security,WatchGuard ThreatSync Open - 3 Year - 101 to 250 licenses,https://www.leadersystems.com.au/Images/NWG-WGTSO30303.jpg,Watchguard,WGTSO30303,39,49
NWG-WGTSO30501,Cloud  Server Security,WatchGuard ThreatSync Open - 1 Year - 501 to 1000 licenses,https://www.leadersystems.com.au/Images/NWG-WGTSO30501.jpg,Watchguard,WGTSO30501,13,17
NWG-WGTSO30720,Cloud  Server Security,WatchGuard ThreatSync Open - Monthly Subscription - 5001+ licenses,https://www.leadersystems.com.au/Images/NWG-WGTSO30720.jpg,Watchguard,WGTSO30720,62,79
NWG-WGCDR30501,Cloud  Server Security,WatchGuard CloudDR - 1 Year - 501 to 1000 licenses,https://www.leadersystems.com.au/Images/NWG-WGCDR30501.jpg,Watchguard,WGCDR30501,4546,5768
NWG-WGCDR30303,Cloud  Server Security,WatchGuard CloudDR - 3 Year - 101 to 250 licenses,https://www.leadersystems.com.au/Images/NWG-WGCDR30303.jpg,Watchguard,WGCDR30303,4546,5768
NWG-WGCDR30620,Cloud  Server Security,WatchGuard CloudDR - Monthly Subscription - 1001 to 5000 licenses,https://www.leadersystems.com.au/Images/NWG-WGCDR30620.jpg,Watchguard,WGCDR30620,4546,5768
NWG-WGCR20102,Firewalls  Network Security,WatchGuard Compliance Reporting - 2 Year - 1 to 50 licenses,https://www.leadersystems.com.au/Images/NWG-WGCR20102.jpg,Watchguard,WGCR20102,30,39
NWG-WGCR20304,Firewalls  Network Security,WatchGuard Compliance Reporting - 4 Year - 101 to 250 licenses,https://www.leadersystems.com.au/Images/NWG-WGCR20304.jpg,Watchguard,WGCR20304,30,39
NWG-WGATH30304,Identity  Access Security,WatchGuard AuthPoint MFA - 4 Year - 101 to 250 Users,https://www.leadersystems.com.au/Images/NWG-WGATH30304.jpg,Watchguard,WGATH30304,33,45
NWG-WGATH30602,Identity  Access Security,WatchGuard AuthPoint MFA - 2 Year - 1001 to 5000 Users,https://www.leadersystems.com.au/Images/NWG-WGATH30602.jpg,Watchguard,WGATH30602,33,45
NWG-WGCLG002,Firewalls  Network Security,WatchGuard Firebox Cloud Large with 2-yr Standard Support,https://www.leadersystems.com.au/Images/NWG-WGCLG002.jpg,Watchguard,WGCLG002,9401,12965
NWG-WGCR20704,Firewalls  Network Security,WatchGuard Compliance Reporting - 4 Year - 5001+ licenses,https://www.leadersystems.com.au/Images/NWG-WGCR20704.jpg,Watchguard,WGCR20704,30,39
NWG-WGMDR30304,Firewalls  Network Security,WatchGuard Core MDR - 4 Year - 101 to 250 licenses,https://www.leadersystems.com.au/Images/NWG-WGMDR30304.jpg,Watchguard,WGMDR30304,30,39
NWG-WGCLG034,Firewalls  Network Security,WatchGuard Firebox Cloud Large with 4-yr Basic Security Suite,https://www.leadersystems.com.au/Images/NWG-WGCLG034.jpg,Watchguard,WGCLG034,9401,12965
NWG-WGMDRM30202,Managed Detection  Response (MDR),WatchGuard Core MDR for Microsoft - 2 Year - 51 to 100 licenses,https://www.leadersystems.com.au/Images/NWG-WGMDRM30202.jpg,Watchguard,WGMDRM30202,95,117
NWG-WGMDRM30302,Managed Detection  Response (MDR),WatchGuard Core MDR for Microsoft - 2 Year - 101 to 250 licenses,https://www.leadersystems.com.au/Images/NWG-WGMDRM30302.jpg,Watchguard,WGMDRM30302,95,117
NWG-WGMDRM30602,Managed Detection  Response (MDR),WatchGuard Core MDR for Microsoft - 2 Year - 1001 to 5000 licenses,https://www.leadersystems.com.au/Images/NWG-WGMDRM30602.jpg,Watchguard,WGMDRM30602,95,117
NWG-WGMDRO30104,Managed Detection  Response (MDR),Watchguard Open MDR- 4 Year - 1 to 50 licenses,https://www.leadersystems.com.au/Images/NWG-WGMDRO30104.jpg,Watchguard,WGMDRO30104,174,212
NWG-WGMDRO30305,Managed Detection  Response (MDR),Watchguard Open MDR- 5 Year - 101 to 250 licenses,https://www.leadersystems.com.au/Images/NWG-WGMDRO30305.jpg,Watchguard,WGMDRO30305,174,212
NWG-WGMDRO30704,Managed Detection  Response (MDR),Watchguard Open MDR- 4 Year - 5001+ licenses,https://www.leadersystems.com.au/Images/NWG-WGMDRO30704.jpg,Watchguard,WGMDRO30704,174,212
NWG-WGAP13000201,Subscriptions  Licensing,WatchGuard NFR Renewal 1-yr for AP130,https://www.leadersystems.com.au/Images/NWG-WGAP13000201.jpg,Watchguard,WGAP13000201,179,220
NWG-WGAP13022003,Firewalls  Network Security,USP Wi-Fi Management for WatchGuard AP130 - 3-year,https://www.leadersystems.com.au/Images/NWG-WGAP13022003.jpg,Watchguard,WGAP13022003,143,194
NWG-WGCLG525,Subscriptions  Licensing,WatchGuard Cloud 1-month data retention for Firebox Cloud Large - 5-yr,https://www.leadersystems.com.au/Images/NWG-WGCLG525.jpg,Watchguard,WGCLG525,2267,2876
NWG-WGAP23000201,Subscriptions  Licensing,WatchGuard NFR Renewal 1-yr for AP230W,https://www.leadersystems.com.au/Images/NWG-WGAP23000201.jpg,Watchguard,WGAP23000201,179,220
NWG-WGCME005,Firewalls  Network Security,WatchGuard Firebox Cloud Medium with 5-yr Standard Support,https://www.leadersystems.com.au/Images/NWG-WGCME005.jpg,Watchguard,WGCME005,4405,5965
NWG-WGAP23022104,Firewalls  Network Security,Standard Wi-Fi Management for WatchGuard AP230W - 4-year,https://www.leadersystems.com.au/Images/NWG-WGAP23022104.jpg,Watchguard,WGAP23022104,86,117
NWG-WGTSFS30403,Firewalls  Network Security,WatchGuard Orion - 3 Year - 251 to 500 licenses,https://www.leadersystems.com.au/Images/NWG-WGTSFS30403.jpg,Watchguard,WGTSFS30403,130,165
NWG-WGTSFS30703,Firewalls  Network Security,WatchGuard Orion - 3 Year - 5001+ licenses,https://www.leadersystems.com.au/Images/NWG-WGTSFS30703.jpg,Watchguard,WGTSFS30703,83,106
NWG-WGSIEM30403,Firewalls  Network Security,WatchGuard SIEMFeeder - 3 Year - 251 to 500 licenses,https://www.leadersystems.com.au/Images/NWG-WGSIEM30403.jpg,Watchguard,WGSIEM30403,20,25
NWG-WGSIEM30501,Firewalls  Network Security,WatchGuard SIEMFeeder - 1 Year - 501 to 1000 licenses,https://www.leadersystems.com.au/Images/NWG-WGSIEM30501.jpg,Watchguard,WGSIEM30501,7,9
NWG-WGVMC171,Cloud  Server Security,WatchGuard APT Blocker 1-yr for FireboxV Micro,https://www.leadersystems.com.au/Images/NWG-WGVMC171.jpg,Watchguard,WGVMC171,229,291
NWG-WGFCI30303,Firewalls  Network Security,WatchGuard FireCloud Internet Access - 3 Year - 101 to 250 licenses,https://www.leadersystems.com.au/Images/NWG-WGFCI30303.jpg,Watchguard,WGFCI30303,267,333
NWG-WGFCI30403,Firewalls  Network Security,WatchGuard FireCloud Internet Access - 3 Year - 251 to 500 licenses,https://www.leadersystems.com.au/Images/NWG-WGFCI30403.jpg,Watchguard,WGFCI30403,233,291
NWG-WGMDRM30501,Managed Detection  Response (MDR),WatchGuard Core MDR for Microsoft - 1 Year - 501 to 1000 licenses,https://www.leadersystems.com.au/Images/NWG-WGMDRM30501.jpg,Watchguard,WGMDRM30501,53,62.96
NWG-WGMDRM30601,Managed Detection  Response (MDR),WatchGuard Core MDR for Microsoft - 1 Year - 1001 to 5000 licenses,https://www.leadersystems.com.au/Images/NWG-WGMDRM30601.jpg,Watchguard,WGMDRM30601,46,55
NWG-WGM590000,WatchGuard Blank Appliance,WatchGuard Firebox M590 Appliance Only – License Not Included (Requires Separate WG License Purchase),https://www.leadersystems.com.au/Images/NWG-WGM590000.jpg,Watchguard,WGM590000,5057,6758
NWG-WGM690000,WatchGuard Blank Appliance,WatchGuard Firebox M690 Appliance Only – License Not Included (Requires Separate WG License Purchase),https://www.leadersystems.com.au/Images/NWG-WGM690000.jpg,Watchguard,WGM690000,6987,9374
NWG-WGT490201,Firewalls  Network Security,Trade Up to WatchGuard Basic Security Suite for Firebox T45-CW - 1-Year (License ONLY; HW SKU: WGT49000-AU),https://www.leadersystems.com.au/Images/NWG-WGT490201.jpg,Watchguard,WGT490201,510,691
NWG-WGA13022005,Firewalls  Network Security,USP Wi-Fi Management for WatchGuard AP130 - 5-year (License ONLY; HW SKU: WGA130000),https://www.leadersystems.com.au/Images/NWG-WGA13022005.jpg,Watchguard,WGA13022005,429,581
NWG-WGA13022105,Firewalls  Network Security,Standard Wi-Fi Management for WatchGuard AP130 - 5-year (License ONLY; HW SKU: WGA130000),https://www.leadersystems.com.au/Images/NWG-WGA13022105.jpg,Watchguard,WGA13022105,257,349
NWG-WGT490065,Firewalls  Network Security,WatchGuard Standard Support for Firebox T45-CW - 5-Year (License ONLY; HW SKU: WGT49000-AU),https://www.leadersystems.com.au/Images/NWG-WGT490065.jpg,Watchguard,WGT490065,1597,2163
NWG-WGT470211,Firewalls  Network Security,Trade Up to WatchGuard Total Security Suite for Firebox T45-PoE - 1-Year (License ONLY; HW SKU: WGT47000-AU),https://www.leadersystems.com.au/Images/NWG-WGT470211.jpg,Watchguard,WGT470211,976,1322
NWG-WGT470205,Firewalls  Network Security,Trade Up to WatchGuard Basic Security Suite for Firebox T45-PoE - 5-Year (License ONLY; HW SKU: WGT47000-AU),https://www.leadersystems.com.au/Images/NWG-WGT470205.jpg,Watchguard,WGT470205,2481,3359
NWG-WGT260023,Firewalls  Network Security,WatchGuard NFR for Firebox T25-W - 3 Year (License ONLY; HW SKU: WGT26000),https://www.leadersystems.com.au/Images/NWG-WGT260023.jpg,Watchguard,WGT260023,0,837.54
NWG-WGT250065,Firewalls  Network Security,WatchGuard Standard Support for Firebox T25 - 5-Year (License ONLY; HW SKU: WGT25000),https://www.leadersystems.com.au/Images/NWG-WGT250065.jpg,Watchguard,WGT250065,684,944
NWG-WGT250063,Firewalls  Network Security,WatchGuard Standard Support for Firebox T25 - 3-Year (License ONLY; HW SKU: WGT25000),https://www.leadersystems.com.au/Images/NWG-WGT250063.jpg,Watchguard,WGT250063,440,608
NWG-WGM6900081,Firewalls  Network Security,WatchGuard Total Security Suite for Firebox M690 - 1-Year (License ONLY; HW SKU: WGM690000),https://www.leadersystems.com.au/Images/NWG-WGM6900081.jpg,Watchguard,WGM6900081,11047,14959
NWG-WGM5900213,Firewalls  Network Security,Trade Up to WatchGuard Total Security Suite for Firebox M590 - 3-Year (License ONLY; HW SKU: WGM590000),https://www.leadersystems.com.au/Images/NWG-WGM5900213.jpg,Watchguard,WGM5900213,16653,22550
NWG-WGM5900211,Firewalls  Network Security,Trade Up to WatchGuard Total Security Suite for Firebox M590 - 1-Year (License ONLY; HW SKU: WGM590000),https://www.leadersystems.com.au/Images/NWG-WGM5900211.jpg,Watchguard,WGM5900211,6076,8227
NWG-WGM3900211,Firewalls  Network Security,Trade Up to WatchGuard Total Security Suite for Firebox M390 - 1-Year (License ONLY; HW SKU: WGM390000),https://www.leadersystems.com.au/Images/NWG-WGM3900211.jpg,Watchguard,WGM3900211,3055,4137
NWG-WGM3900203,Firewalls  Network Security,Trade Up to WatchGuard Basic Security Suite for Firebox M390 - 3-Year (License ONLY; HW SKU: WGM390000),https://www.leadersystems.com.au/Images/NWG-WGM3900203.jpg,Watchguard,WGM3900203,3965,5369
NWG-WGM3900073,Firewalls  Network Security,WatchGuard Basic Security Suite for Firebox M390 - 3-Year (License ONLY; HW SKU: WGM390000),https://www.leadersystems.com.au/Images/NWG-WGM3900073.jpg,Watchguard,WGM3900073,4908,6647
NWG-WGM2900061,Firewalls  Network Security,WatchGuard Standard Support for Firebox M290 - 1-Year (License ONLY; HW SKU: WGM290000),https://www.leadersystems.com.au/Images/NWG-WGM2900061.jpg,Watchguard,WGM2900061,870,1178
NWG-WGA43022105,Firewalls  Network Security,Standard Wi-Fi Management for WatchGuard AP430CR - 5-year (License ONLY; HW SKU: WGA430000),https://www.leadersystems.com.au/Images/NWG-WGA43022105.jpg,Watchguard,WGA43022105,257,349
NWG-WGA33222001,Firewalls  Network Security,USP Wi-Fi Management for WatchGuard AP332CR - 1-year (License ONLY; HW SKU: WGA332000),https://www.leadersystems.com.au/Images/NWG-WGA33222001.jpg,Watchguard,WGA33222001,143,194
NWG-WGM48000071,Firewalls  Network Security,WatchGuard Basic Security Suite for Firebox M4800 - 1-Year (License ONLY; HW SKU: WGM48000),https://www.leadersystems.com.au/Images/NWG-WGM48000071.jpg,Watchguard,WGM48000071,14571,19731
NWG-WGM48000073,Firewalls  Network Security,WatchGuard Basic Security Suite for Firebox M4800 - 3-Year (License ONLY; HW SKU: WGM48000),https://www.leadersystems.com.au/Images/NWG-WGM48000073.jpg,Watchguard,WGM48000073,28215,38206
NWG-WGM580001601,Firewalls  Network Security,WatchGuard High Availability for M5800 - 1-Year (License ONLY; HW SKU: WGM58000),https://www.leadersystems.com.au/Images/NWG-WGM580001601.jpg,Watchguard,WGM580001601,8884,12031
NWG-WGM58000203,Firewalls  Network Security,Trade Up to WatchGuard Basic Security Suite for Firebox M5800 - 3-Year (License ONLY; HW SKU: WGM58000),https://www.leadersystems.com.au/Images/NWG-WGM58000203.jpg,Watchguard,WGM58000203,82372,119559
NWG-WGMDRT30103,Managed Detection  Response (MDR),WatchGuard Total MDR - 3 Year - 1 to 50 licenses,https://www.leadersystems.com.au/Images/NWG-WGMDRT30103.jpg,Watchguard,WGMDRT30103,378,449.06
NWG-WGMDRT30203,Managed Detection  Response (MDR),WatchGuard Total MDR - 3 Year - 51 to 100 licenses,https://www.leadersystems.com.au/Images/NWG-WGMDRT30203.jpg,Watchguard,WGMDRT30203,334,396.79
NWG-WGMDRT30701,Managed Detection  Response (MDR),WatchGuard Total MDR - 1 Year - 5001+ licenses,https://www.leadersystems.com.au/Images/NWG-WGMDRT30701.jpg,Watchguard,WGMDRT30701,70,83.16
NWG-WGT1850073,Firewalls  Network Security,WatchGuard Basic Security Suite for Firebox T185 - 3-Year (License ONLY; HW SKU: WGT185000),https://www.leadersystems.com.au/Images/NWG-WGT1850073.jpg,Watchguard,WGT1850073,3867,5237
NWG-WGT1850075,Firewalls  Network Security,WatchGuard Basic Security Suite for Firebox T185 - 5 -Year (License ONLY; HW SKU: WGT185000),https://www.leadersystems.com.au/Images/NWG-WGT1850075.jpg,Watchguard,WGT1850075,6991,9467
NWG-WGT18501601,Firewalls  Network Security,WatchGuard  Standard Support for Firebox T185 High Availability - 1-Year (License ONLY; HW SKU: WGT185000),https://www.leadersystems.com.au/Images/NWG-WGT18501601.jpg,Watchguard,WGT18501601,584,791
NWG-WGT185201,Subscriptions  Licensing,WatchGuard Standard Support Renewal 1-yr for Firebox T185,https://www.leadersystems.com.au/Images/NWG-WGT185201.jpg,Watchguard,WGT185201,659,822
NWG-WGT18521803,Subscriptions  Licensing,WatchGuard Cloud 1-month data retention for T185 - 3-yr,https://www.leadersystems.com.au/Images/NWG-WGT18521803.jpg,Watchguard,WGT18521803,1418,1767
NWG-WGFCT30101,Firewalls  Network Security,WatchGuard FireCloud Total Access  - 1 Year - 1 to 50 licenses,https://www.leadersystems.com.au/Images/NWG-WGFCT30101.jpg,Watchguard,WGFCT30101,163,203
NWG-WGFCT30601,Firewalls  Network Security,WatchGuard FireCloud Total Access   - 1 Year - 1001 to 5000 licenses,https://www.leadersystems.com.au/Images/NWG-WGFCT30601.jpg,Watchguard,WGFCT30601,102,128
NWG-WGT116175,Cloud  Server Security,WatchGuard APT Blocker 5-yr for Firebox T115-W,https://www.leadersystems.com.au/Images/NWG-WGT116175.jpg,Watchguard,WGT116175,796,992
NWG-WGT1160071,Firewalls  Network Security,WatchGuard Basic Security Suite for Firebox T115-W - 1-Year (License ONLY; HW SKU: WGT116000),https://www.leadersystems.com.au/Images/NWG-WGT1160071.jpg,Watchguard,WGT1160071,584,791
NWG-WGT1260075,Firewalls  Network Security,WatchGuard Basic Security Suite for Firebox T125-W - 5-Year (License ONLY; HW SKU: WGT126000),https://www.leadersystems.com.au/Images/NWG-WGT1260075.jpg,Watchguard,WGT1260075,2483,3362
NWG-WGT116263,Subscriptions  Licensing,WatchGuard Gold Support Renewal/Upgrade 3-yr for Firebox T115-W,https://www.leadersystems.com.au/Images/NWG-WGT116263.jpg,Watchguard,WGT116263,709,884
NWG-WGT1260085,Firewalls  Network Security,WatchGuard Total Security Suite for Firebox T125-W - 5-Year (License ONLY; HW SKU: WGT126000),https://www.leadersystems.com.au/Images/NWG-WGT1260085.jpg,Watchguard,WGT1260085,4165,5640
NWG-WGT126351,Subscriptions  Licensing,WatchGuard Total Security Suite Renewal/Upgrade 1-yr for Firebox T125-W,https://www.leadersystems.com.au/Images/NWG-WGT126351.jpg,Watchguard,WGT126351,1032,1286
NWG-WGT14521803,Subscriptions  Licensing,WatchGuard Cloud 1-month data retention for T145 - 3-yr,https://www.leadersystems.com.au/Images/NWG-WGT14521803.jpg,Watchguard,WGT14521803,864,1077
NWG-WGT1450061,Firewalls  Network Security,WatchGuard Standard Support for Firebox T145 - 1-Year (License ONLY; HW SKU: WGT145000),https://www.leadersystems.com.au/Images/NWG-WGT1450061.jpg,Watchguard,WGT1450061,772,1046
NWG-WGT1250083,Firewalls  Network Security,WatchGuard Total Security Suite for Firebox T125 - 3-Year (License ONLY; HW SKU: WGT125000),https://www.leadersystems.com.au/Images/NWG-WGT1250083.jpg,Watchguard,WGT1250083,1905,2580
NWG-WGT145353,Subscriptions  Licensing,WatchGuard Total Security Suite Renewal/Upgrade 3-yr for Firebox T145,https://www.leadersystems.com.au/Images/NWG-WGT145353.jpg,Watchguard,WGT145353,3464,4315
NWG-WGT1460071,Firewalls  Network Security,WatchGuard Basic Security Suite for Firebox T145-W - 1-Year (License ONLY; HW SKU: WGT146000),https://www.leadersystems.com.au/Images/NWG-WGT1460071.jpg,Watchguard,WGT1460071,1293,1751
NWG-WGT1460073,Firewalls  Network Security,WatchGuard Basic Security Suite for Firebox T145-W - 3-Year (License ONLY; HW SKU: WGT146000),https://www.leadersystems.com.au/Images/NWG-WGT1460073.jpg,Watchguard,WGT1460073,2346,3177
NWG-WGT1460063,Firewalls  Network Security,WatchGuard Standard Support for Firebox T145-W - 3-Year (License ONLY; HW SKU: WGT146000),https://www.leadersystems.com.au/Images/NWG-WGT1460063.jpg,Watchguard,WGT1460063,1693,2293
NWG-WGT1460065,Firewalls  Network Security,WatchGuard Standard Support for Firebox T145-W - 5-Year (License ONLY; HW SKU: WGT146000),https://www.leadersystems.com.au/Images/NWG-WGT1460065.jpg,Watchguard,WGT1460065,2506,3393
NWG-WGTSST30201,Managed Detection  Response (MDR),WatchGuard Total NDR - 1 Year - 51 to 100 licenses,https://www.leadersystems.com.au/Images/NWG-WGTSST30201.jpg,Watchguard,WGTSST30201,108,135
NWG-WGTSST30301,Managed Detection  Response (MDR),WatchGuard Total NDR - 1 Year - 101 to 250 licenses,https://www.leadersystems.com.au/Images/NWG-WGTSST30301.jpg,Watchguard,WGTSST30301,96,120
NWG-WGM49540201,Subscriptions  Licensing,WatchGuard Basic Security Suite Renewal/Upgrade 1-yr for Firebox M495,https://www.leadersystems.com.au/Images/NWG-WGM49540201.jpg,Watchguard,WGM49540201,6417,8800
NWG-WGM59540201,Subscriptions  Licensing,WatchGuard Basic Security Suite Renewal/Upgrade 1-yr for Firebox M595,https://www.leadersystems.com.au/Images/NWG-WGM59540201.jpg,Watchguard,WGM59540201,8967,12302
NWG-WGM59540703,Subscriptions  Licensing,WatchGuard Gold Support Renewal/Upgrade 3-yr for Firebox M595,https://www.leadersystems.com.au/Images/NWG-WGM59540703.jpg,Watchguard,WGM59540703,12847,16005
NWG-WGM69540703,Subscriptions  Licensing,WatchGuard Gold Support Renewal/Upgrade 3-yr for Firebox M695,https://www.leadersystems.com.au/Images/NWG-WGM69540703.jpg,Watchguard,WGM69540703,15844,19739
NWG-WGM49540301,Subscriptions  Licensing,WatchGuard Total Security Suite Renewal/Upgrade 1-yr for Firebox M495,https://www.leadersystems.com.au/Images/NWG-WGM49540301.jpg,Watchguard,WGM49540301,11006,15075
NWG-WGM59540301,Subscriptions  Licensing,WatchGuard Total Security Suite Renewal/Upgrade 1-yr for Firebox M595,https://www.leadersystems.com.au/Images/NWG-WGM59540301.jpg,Watchguard,WGM59540301,15334,21024
NWG-WGM5950203,Firewalls  Network Security,Trade Up to WatchGuard Basic Security Suite for Firebox M595 - 3-Year (License ONLY; HW SKU: WGM595000),https://www.leadersystems.com.au/Images/NWG-WGM5950203.jpg,Watchguard,WGM5950203,17815,28229
NWG-WGM6950203,Firewalls  Network Security,Trade Up to WatchGuard Basic Security Suite for Firebox M695 - 3-Year (License ONLY; HW SKU: WGM695000),https://www.leadersystems.com.au/Images/NWG-WGM6950203.jpg,Watchguard,WGM6950203,22998,36471
NWG-WGM4950071,Firewalls  Network Security,WatchGuard Basic Security Suite for Firebox M495 - 1-Year (License ONLY; HW SKU: WGM495000),https://www.leadersystems.com.au/Images/NWG-WGM4950071.jpg,Watchguard,WGM4950071,5904,12008
NWG-WGM4950073,Firewalls  Network Security,WatchGuard Basic Security Suite for Firebox M495 - 3-Year (License ONLY; HW SKU: WGM495000),https://www.leadersystems.com.au/Images/NWG-WGM4950073.jpg,Watchguard,WGM4950073,15847,21458
NWG-WGM2950061,Firewalls  Network Security,WatchGuard Standard Support for Firebox M295 - 1-Year (License ONLY; HW SKU: WGM295000),https://www.leadersystems.com.au/Images/NWG-WGM2950061.jpg,Watchguard,WGM2950061,1316,2774
NWG-WGM2951603,Firewalls  Network Security,WatchGuard  Standard Support for Firebox M295 High Availability - 3-Year (License ONLY; HW SKU: WGM295000),https://www.leadersystems.com.au/Images/NWG-WGM2951603.jpg,Watchguard,WGM2951603,1705,2309
NWG-WGM3950083,Firewalls  Network Security,WatchGuard Total Security Suite for Firebox M395 - 3-Year (License ONLY; HW SKU: WGM395000),https://www.leadersystems.com.au/Images/NWG-WGM3950083.jpg,Watchguard,WGM3950083,15080,20420
NWG-WGM4950081,Firewalls  Network Security,WatchGuard Total Security Suite for Firebox M495 - 1-Year (License ONLY; HW SKU: WGM495000),https://www.leadersystems.com.au/Images/NWG-WGM4950081.jpg,Watchguard,WGM4950081,10126,18344
NWG-WGM69540201,Subscriptions  Licensing,WatchGuard Basic Security Suite Renewal/Upgrade 1-yr for Firebox M695,https://www.leadersystems.com.au/Images/NWG-WGM69540201.jpg,Watchguard,WGM69540201,11578,15106
NWG-WGM69540203,Subscriptions  Licensing,WatchGuard Basic Security Suite Renewal/Upgrade 3-yr for Firebox M695,https://www.leadersystems.com.au/Images/NWG-WGM69540203.jpg,Watchguard,WGM69540203,27771,36177
NWG-WGWESS30603,Endpoint  Mobile Protection,WatchGuard Endpoint Security for Servers  - 3 Year - 1001 to 5000 licenses,https://www.leadersystems.com.au/Images/NWG-WGWESS30603.jpg,Watchguard,WGWESS30603,172,214
NWG-WGWESS30303,Endpoint  Mobile Protection,WatchGuard Endpoint Security for Servers  - 3 Year - 101 to 250 licenses,https://www.leadersystems.com.au/Images/NWG-WGWESS30303.jpg,Watchguard,WGWESS30303,257,321
NWG-WGMZTC30503,Subscriptions  Licensing,WatchGuard Managed Zero-Trust - 3-Year - 501 to 1000 Seats,https://www.leadersystems.com.au/Images/NWG-WGMZTC30503.jpg,Watchguard,WGMZTC30503,522,651
NWG-WGZTC30505,Subscriptions  Licensing,WatchGuard Zero-Trust - 5-Year - 501 to 1000 Seats,https://www.leadersystems.com.au/Images/NWG-WGZTC30505.jpg,Watchguard,WGZTC30505,679,846
NWG-WGZTC30605,Subscriptions  Licensing,WatchGuard Zero-Trust - 5-Year - 1001 to 5000 Seats,https://www.leadersystems.com.au/Images/NWG-WGZTC30605.jpg,Watchguard,WGZTC30605,629,784
NWG-WGZTC30201,Subscriptions  Licensing,WatchGuard Zero-Trust - 1-Year - 51 to 100 Seats,https://www.leadersystems.com.au/Images/NWG-WGZTC30201.jpg,Watchguard,WGZTC30201,203,253
NWG-WGZTC30301,Subscriptions  Licensing,WatchGuard Zero-Trust - 1-Year - 101 to 250 Seats,https://www.leadersystems.com.au/Images/NWG-WGZTC30301.jpg,Watchguard,WGZTC30301,193,241
NWG-WGESA30301,Endpoint  Mobile Protection,WatchGuard Endpoint Security Basic - 1 Year - 101 to 250 licenses,https://www.leadersystems.com.au/Images/NWG-WGESA30301.jpg,Watchguard,WGESA30301,38,48
NWG-WGESB30103,Endpoint  Mobile Protection,WatchGuard Endpoint Security 360 - 3 Year - 1 to 50 licenses,https://www.leadersystems.com.au/Images/NWG-WGESB30103.jpg,Watchguard,WGESB30103,206,257
NWG-WGESB30201,Endpoint  Mobile Protection,WatchGuard Endpoint Security 360 - 1 Year - 51 to 100 licenses,https://www.leadersystems.com.au/Images/NWG-WGESB30201.jpg,Watchguard,WGESB30201,76,95
NWG-WGESB30703,Endpoint  Mobile Protection,WatchGuard Endpoint Security 360 - 3 Year - 5001+ licenses,https://www.leadersystems.com.au/Images/NWG-WGESB30703.jpg,Watchguard,WGESB30703,93,116
NWG-WGESC30101,Endpoint  Mobile Protection,WatchGuard Endpoint Security Elite - 1 Year - 1 to 50 licenses,https://www.leadersystems.com.au/Images/NWG-WGESC30101.jpg,Watchguard,WGESC30101,111,138
NWG-WGESC30603,Endpoint  Mobile Protection,WatchGuard Endpoint Security Elite - 3 Year - 1001 to 5000 licenses,https://www.leadersystems.com.au/Images/NWG-WGESC30603.jpg,Watchguard,WGESC30603,139,174
NWG-WGWEDP30503,Endpoint  Mobile Protection,WatchGuard Endpoint Security Prime - 3 Year - 501 to 1000 licenses,https://www.leadersystems.com.au/Images/NWG-WGWEDP30503.jpg,Watchguard,WGWEDP30503,88,110
NWG-WGMDRO30001,Managed Detection  Response (MDR),WatchGuard Open MDR NFR - 1 year - 1+ licenses,https://www.leadersystems.com.au/Images/NWG-WGMDRO30001.jpg,Watchguard,WGMDRO30001,102,121.18
NWG-WGMDRO30401,Managed Detection  Response (MDR),WatchGuard Open MDR  - 1 Year - 251 to 500 licenses,https://www.leadersystems.com.au/Images/NWG-WGMDRO30401.jpg,Watchguard,WGMDRO30401,134,159.19
NWG-WGMDRO30701,Managed Detection  Response (MDR),WatchGuard Open MDR  - 1 Year - 5001+ licenses,https://www.leadersystems.com.au/Images/NWG-WGMDRO30701.jpg,Watchguard,WGMDRO30701,110,130.68
NWG-WGMDRO30703,Managed Detection  Response (MDR),WatchGuard Open MDR  - 3 Year - 5001+ licenses,https://www.leadersystems.com.au/Images/NWG-WGMDRO30703.jpg,Watchguard,WGMDRO30703,330,392.04
NWG-WGTSO30320,Cloud  Server Security,WatchGuard ThreatSync Open - Monthly Subscription - 101 to 250 licenses,https://www.leadersystems.com.au/Images/NWG-WGTSO30320.jpg,Watchguard,WGTSO30320,62,79
NWG-WGTSO30405,Cloud  Server Security,WatchGuard ThreatSync Open - 5 year - 251 to 500 licenses,https://www.leadersystems.com.au/Images/NWG-WGTSO30405.jpg,Watchguard,WGTSO30405,60,76
NWG-WGCDR30705,Cloud  Server Security,WatchGuard CloudDR - 5 Year - 5001+ licenses,https://www.leadersystems.com.au/Images/NWG-WGCDR30705.jpg,Watchguard,WGCDR30705,4546,5768
NWG-WGCDR30120,Cloud  Server Security,WatchGuard CloudDR - Monthly Subscription - 1 to 50 licenses,https://www.leadersystems.com.au/Images/NWG-WGCDR30120.jpg,Watchguard,WGCDR30120,4546,5768
NWG-WGCDR30420,Cloud  Server Security,WatchGuard CloudDR - Monthly Subscription - 251 to 500 licenses,https://www.leadersystems.com.au/Images/NWG-WGCDR30420.jpg,Watchguard,WGCDR30420,4546,5768
NWG-WGATH30404,Identity  Access Security,WatchGuard AuthPoint MFA - 4 Year - 251 to 500 Users,https://www.leadersystems.com.au/Images/NWG-WGATH30404.jpg,Watchguard,WGATH30404,33,45
NWG-WGATH30502,Identity  Access Security,WatchGuard AuthPoint MFA - 2 Year - 501 to 1000 Users,https://www.leadersystems.com.au/Images/NWG-WGATH30502.jpg,Watchguard,WGATH30502,33,45
NWG-WGATH30504,Identity  Access Security,WatchGuard AuthPoint MFA - 4 Year - 501 to 1000 Users,https://www.leadersystems.com.au/Images/NWG-WGATH30504.jpg,Watchguard,WGATH30504,33,45
NWG-WGCLG004,Firewalls  Network Security,WatchGuard Firebox Cloud Large with 4-yr Standard Support,https://www.leadersystems.com.au/Images/NWG-WGCLG004.jpg,Watchguard,WGCLG004,9401,12965
NWG-WGCR20602,Firewalls  Network Security,WatchGuard Compliance Reporting - 2 Year - 1001 to 5000 licenses,https://www.leadersystems.com.au/Images/NWG-WGCR20602.jpg,Watchguard,WGCR20602,30,39
NWG-WGMDR30602,Firewalls  Network Security,WatchGuard Core MDR - 2 Year - 1001 to 5000 licenses,https://www.leadersystems.com.au/Images/NWG-WGMDR30602.jpg,Watchguard,WGMDR30602,30,39
NWG-WGMDRM30604,Managed Detection  Response (MDR),WatchGuard Core MDR for Microsoft - 4 Year - 1001 to 5000 licenses,https://www.leadersystems.com.au/Images/NWG-WGMDRM30604.jpg,Watchguard,WGMDRM30604,95,117
NWG-WGMDRM30605,Managed Detection  Response (MDR),WatchGuard Core MDR for Microsoft - 5 Year - 1001 to 5000 licenses,https://www.leadersystems.com.au/Images/NWG-WGMDRM30605.jpg,Watchguard,WGMDRM30605,95,117
NWG-WGMDRO30504,Managed Detection  Response (MDR),Watchguard Open MDR- 4 Year - 501 to 1000 licenses,https://www.leadersystems.com.au/Images/NWG-WGMDRO30504.jpg,Watchguard,WGMDRO30504,174,212
NWG-WGMDRO30505,Managed Detection  Response (MDR),Watchguard Open MDR- 5 Year - 501 to 1000 licenses,https://www.leadersystems.com.au/Images/NWG-WGMDRO30505.jpg,Watchguard,WGMDRO30505,174,212
NWG-WGAP13022004,Firewalls  Network Security,USP Wi-Fi Management for WatchGuard AP130 - 4-year,https://www.leadersystems.com.au/Images/NWG-WGAP13022004.jpg,Watchguard,WGAP13022004,143,194
NWG-WGCLG175,Cloud  Server Security,WatchGuard APT Blocker 5-yr for Firebox Cloud Large,https://www.leadersystems.com.au/Images/NWG-WGCLG175.jpg,Watchguard,WGCLG175,2267,2876
NWG-WGCME002,Firewalls  Network Security,WatchGuard Firebox Cloud Medium with 2-yr Standard Support,https://www.leadersystems.com.au/Images/NWG-WGCME002.jpg,Watchguard,WGCME002,4405,5965
NWG-WGCME004,Firewalls  Network Security,WatchGuard Firebox Cloud Medium with 4-yr Standard Support,https://www.leadersystems.com.au/Images/NWG-WGCME004.jpg,Watchguard,WGCME004,4405,5965
NWG-WGAP23022102,Firewalls  Network Security,Standard Wi-Fi Management for WatchGuard AP230W - 2-year,https://www.leadersystems.com.au/Images/NWG-WGAP23022102.jpg,Watchguard,WGAP23022102,86,117
